{"set": ["ALICE/USDT", "BEAT/USDT", "BEL/USDT", "BTW/USDT", "EPIC/USDT", "ESPORTS/USDT", "SLX/USDT"], "left": {"BICO/USDT": 1782000069.9734209, "GALA/USDT": 1782000069.9734209, "LAB/USDT": 1782000069.9734209, "CLO/USDT": 1782003954.350042, "EIGEN/USDT": 1782008462.904888}, "vals": {"BTW/USDT": 6.17, "ESPORTS/USDT": 6.79, "BEL/USDT": 3.64, "SLX/USDT": 4.15, "BEAT/USDT": 3.04, "EPIC/USDT": 7.63, "ALICE/USDT": 15.46}}