{"set": ["AGT/USDT", "ASTER/USDT", "BSB/USDT", "CLO/USDT", "ENA/USDT", "ESPORTS/USDT", "SPX/USDT", "XPL/USDT"], "left": {"BTW/USDT": 1781719603.0196798, "BR/USDT": 1781720501.8672824, "CFX/USDT": 1781722917.0172505, "BLESS/USDT": 1781732498.5417356, "XLM/USDT": 1781732894.4557118}, "vals": {"AGT/USDT": 101.88, "ESPORTS/USDT": 30.08, "SPX/USDT": 14.18, "ASTER/USDT": 6.67, "XPL/USDT": 19.63, "CLO/USDT": 16.96, "ENA/USDT": 6.16, "BSB/USDT": 8.86}}