{"set": ["BLESS/USDT", "CLO/USDT", "ID/USDT"], "left": {"ESPORTS/USDT": 1782259286.5653002, "BEAT/USDT": 1782259286.5653002, "UB/USDT": 1782260157.580966, "RESOLV/USDT": 1782263161.442205, "HEI/USDT": 1782263758.6866052, "SYN/USDT": 1782263758.6866052, "DYDX/USDT": 1782263758.6866052, "BASED/USDT": 1782263758.6866052, "FARTCOIN/USDT": 1782263758.6866052, "BTW/USDT": 1782264755.647677}, "vals": {"BLESS/USDT": 3.7, "CLO/USDT": 12.11, "ID/USDT": 5.72}}