{"set": ["ESPORTS/USDT", "H/USDT", "LAB/USDT", "SKYAI/USDT", "VELVET/USDT"], "left": {"BEAT/USDT": 1781413867.731363, "SIREN/USDT": 1781419275.604243, "MEGA/USDT": 1781430421.0614576, "JCT/USDT": 1781430726.673498, "COAI/USDT": 1781430726.673498, "XPL/USDT": 1781431340.4388442, "BTW/USDT": 1781433396.3656504}, "vals": {"VELVET/USDT": 31.06, "ESPORTS/USDT": 8.98, "H/USDT": 73.52, "LAB/USDT": 4.42, "SKYAI/USDT": 3.24}}