{"set": ["AKE/USDT", "BEAT/USDT", "PUMP/USDT", "RAVE/USDT", "US/USDT"], "left": {"PEPE/USDT": 1784123508.6452532, "PI/USDT": 1784127397.6196728, "BSB/USDT": 1784133132.2227702, "VANRY/USDT": 1784140594.8940222}, "vals": {"AKE/USDT": 234.04, "PUMP/USDT": 10.84, "US/USDT": 32.07, "RAVE/USDT": 11.14, "BEAT/USDT": 7.1}}