{"set": ["SKYAI/USDT", "TAG/USDT", "VANRY/USDT"], "left": {"UNI/USDT": 1783592763.5796893, "ENA/USDT": 1783592763.5796893, "EDGEX/USDT": 1783603011.964125, "KAITO/USDT": 1783611401.230056}, "vals": {"TAG/USDT": 3.96, "VANRY/USDT": 6.52, "SKYAI/USDT": 4.3}}