{"set": ["AKE/USDT", "B/USDT"], "left": {"BANK/USDT": 1784377867.7585218, "US/USDT": 1784382660.189706, "LAB/USDT": 1784384766.2867215}, "vals": {"AKE/USDT": 18.44, "B/USDT": 18.29}}