{"set": ["ASTEROID/USDT", "BEAT/USDT", "BEL/USDT", "BICO/USDT", "BTW/USDT", "CLO/USDT", "EIGEN/USDT", "ESPORTS/USDT"], "left": {"SKYAI/USDT": 1781911872.545053, "SYN/USDT": 1781913954.9455822, "BLESS/USDT": 1781913954.9455822, "BASED/USDT": 1781915763.145682, "LAB/USDT": 1781916662.773172, "HEI/USDT": 1781924153.5218754, "BSB/USDT": 1781931963.2144213, "UB/USDT": 1781931963.2144213}, "vals": {"ASTEROID/USDT": 11.07, "BTW/USDT": 10.21, "ESPORTS/USDT": 5.14, "BEL/USDT": 6.59, "CLO/USDT": 7.69, "BEAT/USDT": 6.51, "EIGEN/USDT": 13.03, "BICO/USDT": 4.24}}