{"set": ["EDGEX/USDT", "KAITO/USDT", "LDO/USDT", "SLX/USDT", "VANRY/USDT"], "left": {"VELVET/USDT": 1783520793.9343097, "CLO/USDT": 1783526794.2447305, "EVAA/USDT": 1783528919.239938, "NES/USDT": 1783534316.4784322}, "vals": {"EDGEX/USDT": 9.36, "VANRY/USDT": 15.27, "KAITO/USDT": 8.63, "LDO/USDT": 4.17, "SLX/USDT": 8.1}}