{"set": ["NASDAQ:CRE", "NASDAQ:FXHO", "NASDAQ:JLHL", "NASDAQ:KIDZ", "NASDAQ:LHSW", "NASDAQ:LUCY", "NASDAQ:SPHL", "NASDAQ:TDIC", "NASDAQ:ZCMD", "NYSE:PEW"], "left": {"NASDAQ:CETX": 1783411317.1386607, "NASDAQ:PPCB": 1783411317.1386607, "NASDAQ:WHLR": 1783411317.1386607, "NASDAQ:USDE": 1783411317.1386607, "NASDAQ:CLRO": 1783411317.1386607, "AMEX:SDEV": 1783411317.1386607, "NASDAQ:CWD": 1783411317.1386607}, "vals": {"NASDAQ:LUCY": 38.16, "NASDAQ:SPHL": 35.16, "NASDAQ:KIDZ": 72.82, "NASDAQ:JLHL": 24.97, "NASDAQ:LHSW": 277.78, "NASDAQ:FXHO": 81.46, "NYSE:PEW": 16.17, "NASDAQ:TDIC": 20.33, "NASDAQ:CRE": 14.86, "NASDAQ:ZCMD": 126.13}}