{"set": ["B/USDT", "BANK/USDT", "BILL/USDT", "ESPORTS/USDT", "HOME/USDT", "KAITO/USDT"], "left": {"US/USDT": 1784428858.6133661, "NES/USDT": 1784432757.9521945, "PEPE/USDT": 1784449266.759101, "BONK/USDT": 1784450162.6752026}, "vals": {"BANK/USDT": 17.28, "ESPORTS/USDT": 65.1, "HOME/USDT": 14.31, "BILL/USDT": 5.28, "B/USDT": 15.61, "KAITO/USDT": 13.15}}