{"set": ["AIGENSYN/USDT", "BTW/USDT", "TAC/USDT"], "left": {"O/USDT": 1782797758.5825481, "VELVET/USDT": 1782799858.5735085, "CAP/USDT": 1782805859.594563, "MYX/USDT": 1782805859.594563, "KAS/USDT": 1782805859.594563, "SYN/USDT": 1782805859.594563, "XLM/USDT": 1782809160.032642, "BSB/USDT": 1782816957.4258287}, "vals": {"AIGENSYN/USDT": 6.68, "TAC/USDT": 5.79, "BTW/USDT": 33.92}}