{"set": ["ADA/USDT", "ENA/USDT", "ERA/USDT", "ESPORTS/USDT", "NIGHT/USDT", "ONDO/USDT"], "left": {"BANK/USDT": 1784620901.218681, "B/USDT": 1784621474.4346163, "AKE/USDT": 1784625686.5113473, "US/USDT": 1784628170.5067914}, "vals": {"ERA/USDT": 54.68, "ESPORTS/USDT": 22.26, "NIGHT/USDT": 6.14, "ADA/USDT": 3.01, "ENA/USDT": 5.09, "ONDO/USDT": 13.18}}