{"set": ["BEAT/USDT", "BTW/USDT", "CLO/USDT", "HEI/USDT"], "left": {"VELVET/USDT": 1781861480.8552368, "FOLKS/USDT": 1781868986.7739146, "BSB/USDT": 1781871398.72035}, "vals": {"BTW/USDT": 35.21, "CLO/USDT": 8.21, "BEAT/USDT": 20.01, "HEI/USDT": 39.05}}