{"set": ["BANK/USDT", "ENA/USDT", "LAB/USDT", "MIRA/USDT", "RE/USDT", "US/USDT"], "left": {"ONDO/USDT": 1784740923.4816012, "ADA/USDT": 1784742701.6604655, "ERA/USDT": 1784744496.099978, "BONK/USDT": 1784745117.2059247, "AKE/USDT": 1784748404.471506}, "vals": {"BANK/USDT": 28.15, "US/USDT": 9.49, "LAB/USDT": 12.21, "RE/USDT": 24.45, "ENA/USDT": 6.62, "MIRA/USDT": 15.59}}