{"set": ["BTW/USDT", "CLO/USDT", "FOLKS/USDT", "H/USDT", "LAB/USDT", "SKYAI/USDT", "XLM/USDT", "\u9f99\u867e/USDT"], "left": {"ESPORTS/USDT": 1781770868.3157644, "SIREN/USDT": 1781781403.490746, "BIO/USDT": 1781784395.5034444, "HOME/USDT": 1781787725.655748, "AGT/USDT": 1781787725.655748}, "vals": {"\u9f99\u867e/USDT": 5.4, "LAB/USDT": 19.59, "BTW/USDT": 4.7, "CLO/USDT": 19.76, "H/USDT": 11.72, "XLM/USDT": 10.11, "SKYAI/USDT": 7.28, "FOLKS/USDT": 16.66}}