{"set": ["BEAT/USDT", "BTW/USDT", "CLO/USDT", "HEI/USDT"], "left": {"VELVET/USDT": 1781861480.8552368, "FOLKS/USDT": 1781877095.3719654, "BSB/USDT": 1781879573.9431124, "SKYAI/USDT": 1781881894.9386039}, "vals": {"BTW/USDT": 41.42, "CLO/USDT": 4.83, "BEAT/USDT": 15.3, "HEI/USDT": 27.38}}