{"set": ["TLM/USDT", "VANRY/USDT"], "left": {"VELVET/USDT": 1783231287.6714854, "M/USDT": 1783235156.7288575, "BAS/USDT": 1783236069.9352868, "LAB/USDT": 1783241466.2538176}, "vals": {"VANRY/USDT": 7.48, "TLM/USDT": 15.55}}