{"set": ["B/USDT", "BANK/USDT", "HOME/USDT", "KAITO/USDT", "PI/USDT", "TLM/USDT"], "left": {"BONK/USDT": 1784484359.695248, "BILL/USDT": 1784486467.8048453, "PEPE/USDT": 1784493097.0008738}, "vals": {"BANK/USDT": 105.6, "HOME/USDT": 6.53, "B/USDT": 46.82, "KAITO/USDT": 16.77, "TLM/USDT": 45.96, "PI/USDT": 9.95}}