{"set": ["AKE/USDT", "PI/USDT", "PUMP/USDT", "US/USDT"], "left": {"LAB/USDT": 1784077559.998516, "TRIA/USDT": 1784077882.459651, "PUMPFUN/USDT": 1784078750.6071393, "VELVET/USDT": 1784078750.6071393, "DODO/USDT": 1784078750.6071393, "BSB/USDT": 1784081148.7780273, "VANRY/USDT": 1784097962.454151}, "vals": {"AKE/USDT": 113.75, "PUMP/USDT": 8.39, "US/USDT": 17.56, "PI/USDT": 7.48}}