{"set": ["ASTEROID/USDT", "BSB/USDT", "ESPORTS/USDT", "EVAA/USDT", "FARTCOIN/USDT", "JTO/USDT", "SIREN/USDT", "XLM/USDT", "XRP/USDT", "ZRO/USDT"], "left": {"ADA/USDT": 1781542302.2382748, "WLFI/USDT": 1781545603.9212775, "CHIP/USDT": 1781550146.310581, "PEPE/USDT": 1781551306.9101093, "CLO/USDT": 1781555509.6523776, "ENA/USDT": 1781558760.0785608}, "vals": {"ASTEROID/USDT": 81.54, "SIREN/USDT": 12.28, "EVAA/USDT": 58.61, "ESPORTS/USDT": 3.29, "XRP/USDT": 5.76, "ZRO/USDT": 17.22, "XLM/USDT": 16.06, "JTO/USDT": 33.51, "BSB/USDT": 34.42, "FARTCOIN/USDT": 4.93}}