{"set": ["BAS/USDT", "GWEI/USDT"], "left": {"WLFI/USDT": 1782773166.404553, "BEAT/USDT": 1782776765.6729114, "AGLD/USDT": 1782777687.2265365, "O/USDT": 1782777687.2265365, "RAVE/USDT": 1782777687.2265365, "PUMPFUN/USDT": 1782777967.3393908, "SYN/USDT": 1782778255.6105034, "UB/USDT": 1782778255.6105034, "TAC/USDT": 1782778255.6105034, "KAS/USDT": 1782778255.6105034, "POWR/USDT": 1782778255.6105034, "VELVET/USDT": 1782779748.5166178, "RE/USDT": 1782780949.2516375, "ESPORTS/USDT": 1782781854.0830033, "ACT/USDT": 1782783084.006027}, "vals": {"GWEI/USDT": 3.62, "BAS/USDT": 6.92}}