{"set": ["ACT/USDT"], "left": {"WIF/USDT": 1782673561.6373107, "LAB/USDT": 1782682330.3504665, "BEAT/USDT": 1782691284.653991, "MANTA/USDT": 1782691284.653991, "UB/USDT": 1782691284.653991, "O/USDT": 1782691284.653991, "VELVET/USDT": 1782691854.3490047, "BAS/USDT": 1782693061.7186444, "POWR/USDT": 1782693061.7186444, "SLX/USDT": 1782693061.7186444, "RAVE/USDT": 1782693061.7186444, "MAGIC/USDT": 1782693061.7186444}, "vals": {"ACT/USDT": 3.55}}