{"set": ["CLO/USDT", "EDGEX/USDT", "KAITO/USDT", "LDO/USDT", "SLX/USDT"], "left": {"VANRY/USDT": 1783510888.179123, "VELVET/USDT": 1783520793.9343097, "NES/USDT": 1783521996.1460087, "EVAA/USDT": 1783523511.5117245}, "vals": {"EDGEX/USDT": 5.73, "CLO/USDT": 4.26, "KAITO/USDT": 4.99, "LDO/USDT": 5.49, "SLX/USDT": 9.09}}