{"set": ["BASED/USDT", "BIRB/USDT", "ENA/USDT", "LAB/USDT", "UB/USDT"], "left": {"BTW/USDT": 1782950494.8114948, "XLM/USDT": 1782950494.8114948, "LIT/USDT": 1782950494.8114948, "ADA/USDT": 1782950494.8114948, "NOM/USDT": 1782950763.2187502, "AIGENSYN/USDT": 1782950763.2187502, "VELVET/USDT": 1782950763.2187502, "TAIKO/USDT": 1782950763.2187502, "TLM/USDT": 1782950763.2187502, "M/USDT": 1782950763.2187502, "SYN/USDT": 1782950763.2187502, "NFP/USDT": 1782951057.6888318, "TAC/USDT": 1782952270.1143963, "ZBT/USDT": 1782954079.413939, "H/USDT": 1782961281.5942914, "SLX/USDT": 1782965760.5400205, "BAS/USDT": 1782966955.2973764}, "vals": {"UB/USDT": 5.34, "BIRB/USDT": 64.22, "BASED/USDT": 3.75, "LAB/USDT": 6.55, "ENA/USDT": 7.97}}