{"set": ["CLO/USDT", "ESPORTS/USDT", "H/USDT", "SIREN/USDT", "SKYAI/USDT", "XLM/USDT"], "left": {"BLESS/USDT": 1781732498.5417356, "CFX/USDT": 1781738757.260513, "BSB/USDT": 1781740871.493052, "ENA/USDT": 1781740871.493052, "SPX/USDT": 1781740871.493052, "AGT/USDT": 1781740871.493052, "XPL/USDT": 1781740871.493052, "ASTER/USDT": 1781740871.493052, "BEAT/USDT": 1781744158.7403486}, "vals": {"ESPORTS/USDT": 33.05, "SIREN/USDT": 3.62, "CLO/USDT": 7.11, "H/USDT": 3.59, "SKYAI/USDT": 6.35, "XLM/USDT": 7.02}}