{"set": ["BAS/USDT", "BEAT/USDT", "BTW/USDT", "H/USDT", "HEI/USDT", "LAB/USDT", "SKYAI/USDT", "UB/USDT"], "left": {"PUMP/USDT": 1782461769.381446, "G/USDT": 1782471687.5486228, "TNSR/USDT": 1782474098.215162, "SLX/USDT": 1782476197.4772115}, "vals": {"UB/USDT": 4.15, "BAS/USDT": 3.36, "LAB/USDT": 4.92, "BTW/USDT": 3.13, "BEAT/USDT": 14.91, "SKYAI/USDT": 15.0, "H/USDT": 5.91, "HEI/USDT": 6.88}}