{"set": ["ESPORTS/USDT", "SIREN/USDT", "SKYAI/USDT"], "left": {"BLESS/USDT": 1781732498.5417356, "CFX/USDT": 1781738757.260513, "BSB/USDT": 1781740871.493052, "ENA/USDT": 1781740871.493052, "XLM/USDT": 1781740871.493052, "SPX/USDT": 1781740871.493052, "AGT/USDT": 1781740871.493052, "XPL/USDT": 1781740871.493052, "CLO/USDT": 1781740871.493052, "ASTER/USDT": 1781740871.493052, "H/USDT": 1781743856.399629, "BEAT/USDT": 1781744158.7403486}, "vals": {"ESPORTS/USDT": 26.13, "SIREN/USDT": 4.74, "SKYAI/USDT": 8.19}}