{"set": ["AGLD/USDT", "JTO/USDT", "SLX/USDT", "VELVET/USDT"], "left": {"H/USDT": 1782514894.6638541, "ESPORTS/USDT": 1782518468.9153395, "BEAT/USDT": 1782518468.9153395, "ADA/USDT": 1782518468.9153395, "G/USDT": 1782518764.362656, "UB/USDT": 1782519069.0075705, "SKYAI/USDT": 1782519069.0075705, "WIF/USDT": 1782519069.0075705, "FARTCOIN/USDT": 1782519069.0075705, "PUMPFUN/USDT": 1782519069.0075705, "BAS/USDT": 1782519366.7886963, "LAB/USDT": 1782524459.6813502, "MAGMA/USDT": 1782533515.1325848}, "vals": {"VELVET/USDT": 24.35, "AGLD/USDT": 3.67, "SLX/USDT": 9.51, "JTO/USDT": 4.09}}