{"set": ["SLX/USDT", "UB/USDT", "VELVET/USDT", "WIF/USDT"], "left": {"G/USDT": 1782546058.3500926, "ESPORTS/USDT": 1782554482.4956775, "M/USDT": 1782557457.26754, "JTO/USDT": 1782558659.0702903}, "vals": {"UB/USDT": 4.19, "VELVET/USDT": 89.52, "SLX/USDT": 7.49, "WIF/USDT": 6.2}}