{"set": ["CLO/USDT", "EDGEX/USDT", "SKYAI/USDT", "VANRY/USDT"], "left": {"LDO/USDT": 1783553159.1583135, "NES/USDT": 1783555311.7287774, "SLX/USDT": 1783555311.7287774, "APE/USDT": 1783556172.0513215, "KAITO/USDT": 1783556172.0513215, "RAVE/USDT": 1783556172.0513215, "FET/USDT": 1783556172.0513215, "ANSEM/USDT": 1783556172.0513215, "UAI/USDT": 1783556172.0513215, "OGN/USDT": 1783556172.0513215, "EVAA/USDT": 1783559488.4230435, "LAB/USDT": 1783564557.8091063, "TAG/USDT": 1783566964.8845644, "POWER/USDT": 1783567187.5217564}, "vals": {"EDGEX/USDT": 5.48, "VANRY/USDT": 3.71, "CLO/USDT": 16.5, "SKYAI/USDT": 10.52}}