{"set": ["BTW/USDT", "CLO/USDT", "ENA/USDT", "LAB/USDT", "TNSR/USDT", "UB/USDT"], "left": {"ESPORTS/USDT": 1782081082.4611847, "RESOLV/USDT": 1782084972.3252332, "WLFI/USDT": 1782084972.3252332, "BEL/USDT": 1782086498.4360116, "BEAT/USDT": 1782086498.4360116, "STO/USDT": 1782087057.9893005, "NAORIS/USDT": 1782087057.9893005}, "vals": {"UB/USDT": 4.35, "BTW/USDT": 4.89, "LAB/USDT": 7.83, "TNSR/USDT": 4.63, "CLO/USDT": 6.06, "ENA/USDT": 3.2}}