{"set": ["NASDAQ:BJDX", "NASDAQ:LHAI", "NASDAQ:NXTC", "NASDAQ:SHPH", "NASDAQ:VMAR", "NASDAQ:YYGH"], "left": {"NASDAQ:EHGO": 1784102501.5310235, "NASDAQ:SKYQ": 1784102501.5310235, "NASDAQ:PLSM": 1784102501.5310235, "NASDAQ:SOBR": 1784102501.5310235, "AMEX:LGPS": 1784102501.5310235, "NASDAQ:MIMI": 1784102501.5310235, "NASDAQ:UBXG": 1784103959.557708, "NASDAQ:SUNE": 1784103959.557708, "NASDAQ:LEDS": 1784103959.557708}, "vals": {"NASDAQ:NXTC": 323.85, "NASDAQ:SHPH": 48.99, "NASDAQ:VMAR": 28.37, "NASDAQ:YYGH": 11.86, "NASDAQ:LHAI": 44.0, "NASDAQ:BJDX": 19.67}}