{"set": ["BEAT/USDT", "BEL/USDT", "IP/USDT", "LAB/USDT", "RESOLV/USDT", "SKYAI/USDT", "SLX/USDT"], "left": {"XPL/USDT": 1782404195.4882438, "H/USDT": 1782406300.4531302, "WLFI/USDT": 1782406596.8579862, "BAS/USDT": 1782410523.5460808}, "vals": {"SLX/USDT": 17.17, "LAB/USDT": 14.24, "RESOLV/USDT": 9.4, "SKYAI/USDT": 11.13, "BEAT/USDT": 21.42, "IP/USDT": 6.94, "BEL/USDT": 11.81}}