{"set": ["NASDAQ:JTAI", "NASDAQ:SOBR"], "left": {"NASDAQ:NXTC": 1784188899.4012623, "NASDAQ:SHPH": 1784188899.4012623, "NASDAQ:LEDS": 1784188899.4012623, "NASDAQ:BJDX": 1784188899.4012623, "NASDAQ:YYGH": 1784188899.4012623, "NASDAQ:LHAI": 1784188899.4012623, "NASDAQ:VMAR": 1784188899.4012623, "NASDAQ:KUST": 1784190089.7224698, "NASDAQ:ERNA": 1784190089.7224698}, "vals": {"NASDAQ:JTAI": 978.63, "NASDAQ:SOBR": 43.59}}