{"set": ["CLO/USDT", "EDGEX/USDT", "EVAA/USDT", "NES/USDT", "SLX/USDT", "VANRY/USDT"], "left": {"BLUR/USDT": 1783469755.6902192, "US/USDT": 1783472500.8082616, "EPIC/USDT": 1783473673.5877848, "LAB/USDT": 1783474873.5287735, "SKYAI/USDT": 1783476091.7598207, "TAC/USDT": 1783476955.12267, "TLM/USDT": 1783490504.3157682}, "vals": {"EDGEX/USDT": 15.65, "VANRY/USDT": 5.07, "NES/USDT": 6.73, "CLO/USDT": 3.5, "EVAA/USDT": 11.35, "SLX/USDT": 5.83}}