{"set": ["CLO/USDT", "ESPORTS/USDT", "LAYER/USDT", "MMT/USDT", "RESOLV/USDT"], "left": {"BLESS/USDT": 1782181261.7121751, "H/USDT": 1782193564.0633771, "HMSTR/USDT": 1782194477.5189312, "BEL/USDT": 1782201065.6975532, "ID/USDT": 1782201065.6975532}, "vals": {"RESOLV/USDT": 16.77, "MMT/USDT": 4.72, "ESPORTS/USDT": 15.64, "CLO/USDT": 18.87, "LAYER/USDT": 6.41}}