{"set": ["ACT/USDT", "O/USDT", "RAVE/USDT", "RE/USDT", "TAC/USDT", "UB/USDT"], "left": {"WIF/USDT": 1782748298.6996446, "GWEI/USDT": 1782751299.420819, "BEAT/USDT": 1782752518.4309266, "ADA/USDT": 1782755498.7968976, "ENA/USDT": 1782758799.5168116}, "vals": {"TAC/USDT": 164.27, "UB/USDT": 35.35, "RAVE/USDT": 29.19, "ACT/USDT": 16.64, "O/USDT": 9.69, "RE/USDT": 28.07}}