{"set": ["B/USDT", "ESPORTS/USDT", "HOME/USDT", "KAITO/USDT"], "left": {"LAB/USDT": 1784419277.0800655, "AVAAI/USDT": 1784419277.0800655, "BILL/USDT": 1784420159.8236463, "FARTCOIN/USDT": 1784420159.8236463, "AKE/USDT": 1784422881.7681973, "US/USDT": 1784428858.6133661, "NES/USDT": 1784432757.9521945, "BANK/USDT": 1784439355.8294995}, "vals": {"ESPORTS/USDT": 56.77, "HOME/USDT": 5.14, "B/USDT": 8.76, "KAITO/USDT": 11.76}}