{"set": ["ADA/USDT", "BASED/USDT", "BTW/USDT", "LIT/USDT", "M/USDT", "NFP/USDT", "TAIKO/USDT", "XLM/USDT", "ZBT/USDT"], "left": {"DYDX/USDT": 1782928922.848585, "BAS/USDT": 1782931300.4252787, "O/USDT": 1782936117.144154, "AIGENSYN/USDT": 1782936117.144154, "SKYAI/USDT": 1782940285.1011455}, "vals": {"NFP/USDT": 539.61, "TAIKO/USDT": 61.15, "BASED/USDT": 22.5, "ZBT/USDT": 24.28, "M/USDT": 73.82, "BTW/USDT": 23.55, "ADA/USDT": 7.21, "XLM/USDT": 5.47, "LIT/USDT": 16.11}}