{"set": ["ADA/USDT", "BASED/USDT", "BTW/USDT", "O/USDT", "SKYAI/USDT", "TAIKO/USDT", "XLM/USDT"], "left": {"AIGENSYN/USDT": 1782870962.4996216, "H/USDT": 1782878264.681469, "BAS/USDT": 1782879364.6226685, "RAVE/USDT": 1782880563.4311125, "RE/USDT": 1782882087.2449737, "BEAT/USDT": 1782887166.1826334, "M/USDT": 1782890466.8994803}, "vals": {"BTW/USDT": 19.84, "BASED/USDT": 14.07, "TAIKO/USDT": 8.66, "XLM/USDT": 5.42, "ADA/USDT": 4.09, "O/USDT": 10.06, "SKYAI/USDT": 13.31}}