{"set": ["ADA/USDT", "BTW/USDT", "CLO/USDT", "EIGEN/USDT", "ENA/USDT", "HMSTR/USDT", "ID/USDT", "UB/USDT"], "left": {"RESOLV/USDT": 1782106571.7805967, "TNSR/USDT": 1782107467.06685, "BEAT/USDT": 1782109558.5650342, "BEL/USDT": 1782114365.9663596}, "vals": {"UB/USDT": 19.69, "BTW/USDT": 27.55, "HMSTR/USDT": 4.12, "CLO/USDT": 29.29, "ENA/USDT": 9.96, "ADA/USDT": 3.07, "EIGEN/USDT": 12.1, "ID/USDT": 25.62}}