{"set": ["BTW/USDT", "CAP/USDT", "LAB/USDT", "LIT/USDT", "NES/USDT", "TLM/USDT", "UB/USDT", "VANRY/USDT"], "left": {"HMSTR/USDT": 1783266363.6915896, "M/USDT": 1783269086.9972239, "MIRA/USDT": 1783278677.6371796, "WLFI/USDT": 1783279278.0503263, "VELVET/USDT": 1783284957.6330855}, "vals": {"UB/USDT": 15.64, "VANRY/USDT": 27.81, "CAP/USDT": 14.63, "LAB/USDT": 6.61, "BTW/USDT": 16.81, "NES/USDT": 20.19, "TLM/USDT": 44.02, "LIT/USDT": 9.36}}