{"set": ["ACE/USDT", "BANK/USDT", "BONK/USDT", "HANA/USDT", "HEMI/USDT", "KAITO/USDT", "PEPE/USDT", "PI/USDT", "PROM/USDT"], "left": {"LAB/USDT": 1784568398.64854, "B/USDT": 1784570799.41474, "PUMP/USDT": 1784580096.9017098, "ADA/USDT": 1784583970.064891, "ONDO/USDT": 1784584261.1963828, "ENA/USDT": 1784584880.9623516}, "vals": {"PEPE/USDT": 3.07, "BONK/USDT": 14.25, "HANA/USDT": 14.29, "HEMI/USDT": 57.33, "BANK/USDT": 20.1, "ACE/USDT": 34.99, "PROM/USDT": 17.95, "KAITO/USDT": 4.92, "PI/USDT": 7.34}}