{"set": ["BSB/USDT", "BTW/USDT", "CLO/USDT", "HEI/USDT"], "left": {"BASED/USDT": 1781844062.1616166, "ESPORTS/USDT": 1781844956.9527075, "VELVET/USDT": 1781861480.8552368, "BEAT/USDT": 1781862711.2695851, "FOLKS/USDT": 1781864768.0269942}, "vals": {"BTW/USDT": 29.74, "CLO/USDT": 7.84, "BSB/USDT": 3.32, "HEI/USDT": 45.38}}