{"set": ["BASED/USDT", "BTW/USDT", "RE/USDT"], "left": {"VELVET/USDT": 1782858063.506421, "M/USDT": 1782864086.2911942, "BAS/USDT": 1782864352.1316218, "TAC/USDT": 1782866152.8073266, "BEAT/USDT": 1782867058.0822861, "H/USDT": 1782867354.088253, "XLM/USDT": 1782867955.2676673, "TAIKO/USDT": 1782867955.2676673, "AIGENSYN/USDT": 1782868556.6667802}, "vals": {"BTW/USDT": 12.87, "BASED/USDT": 3.16, "RE/USDT": 3.2}}