{"set": ["BEL/USDT", "BICO/USDT", "BTW/USDT", "EIGEN/USDT", "ESPORTS/USDT", "HEI/USDT"], "left": {"ENA/USDT": 1781936761.9218526, "BSB/USDT": 1781937073.213171, "CLO/USDT": 1781938881.122302, "ASTEROID/USDT": 1781940674.0638392, "BEAT/USDT": 1781944562.8452747, "UB/USDT": 1781944562.8452747, "SKYAI/USDT": 1781945755.073194}, "vals": {"BTW/USDT": 30.28, "ESPORTS/USDT": 5.24, "BEL/USDT": 35.24, "EIGEN/USDT": 10.41, "BICO/USDT": 19.88, "HEI/USDT": 7.46}}