{"set": ["ASTEROID/USDT", "BSB/USDT", "JTO/USDT", "LAB/USDT", "SKYAI/USDT", "SPACE/USDT", "UNI/USDT", "XLM/USDT", "\u9f99\u867e/USDT"], "left": {"ZRO/USDT": 1781607718.8485653, "CHIP/USDT": 1781613111.0452197, "ENA/USDT": 1781615200.7178867, "VELVET/USDT": 1781619706.3217, "OPG/USDT": 1781619706.3217, "FARTCOIN/USDT": 1781619706.3217}, "vals": {"ASTEROID/USDT": 26.22, "SPACE/USDT": 11.76, "\u9f99\u867e/USDT": 39.74, "LAB/USDT": 38.95, "SKYAI/USDT": 23.35, "BSB/USDT": 47.31, "XLM/USDT": 3.31, "JTO/USDT": 10.67, "UNI/USDT": 4.08}}