{"set": ["T/USDT"], "left": {"ENA/USDT": 1783801277.7370703, "ADA/USDT": 1783801277.7370703, "ARB/USDT": 1783812358.1646605, "CLO/USDT": 1783814490.6812153, "XPIN/USDT": 1783816323.0349748, "B/USDT": 1783816884.7921636, "TAG/USDT": 1783819280.2722335, "SXT/USDT": 1783820756.6568308, "SKL/USDT": 1783821077.7561285}, "vals": {"T/USDT": 6.38}}