{"set": ["BEL/USDT", "BICO/USDT", "BTW/USDT", "EIGEN/USDT", "ESPORTS/USDT", "GALA/USDT"], "left": {"ENA/USDT": 1781936761.9218526, "BSB/USDT": 1781937073.213171, "ASTEROID/USDT": 1781940674.0638392, "BEAT/USDT": 1781944562.8452747, "UB/USDT": 1781944562.8452747, "HEI/USDT": 1781949681.8658605, "SKYAI/USDT": 1781951164.1377556, "CLO/USDT": 1781953278.9984567, "AGT/USDT": 1781953861.097182}, "vals": {"BTW/USDT": 39.85, "ESPORTS/USDT": 5.58, "BEL/USDT": 53.15, "GALA/USDT": 3.36, "EIGEN/USDT": 9.56, "BICO/USDT": 20.96}}