{"set": ["B/USDT", "BANK/USDT", "KAITO/USDT", "PI/USDT", "TLM/USDT"], "left": {"BILL/USDT": 1784486467.8048453, "BONK/USDT": 1784495464.7845154, "PEPE/USDT": 1784496063.9469194, "HOME/USDT": 1784500271.5903368}, "vals": {"BANK/USDT": 106.19, "B/USDT": 49.1, "KAITO/USDT": 16.24, "TLM/USDT": 31.76, "PI/USDT": 7.85}}