{"set": ["ESPORTS/USDT", "SLX/USDT", "VELVET/USDT"], "left": {"AGLD/USDT": 1782536758.01099, "MAGMA/USDT": 1782536758.01099, "G/USDT": 1782546058.3500926, "JTO/USDT": 1782549351.2297685, "WIF/USDT": 1782550873.6947875}, "vals": {"VELVET/USDT": 40.04, "ESPORTS/USDT": 11.34, "SLX/USDT": 9.49}}