{"set": ["ASTEROID/USDT", "BEAT/USDT", "BSB/USDT", "JTO/USDT", "SIREN/USDT"], "left": {"ENA/USDT": 1781560892.3096526, "FARTCOIN/USDT": 1781562369.5543702, "ZRO/USDT": 1781568083.7734823, "XRP/USDT": 1781568083.7734823, "CLO/USDT": 1781568083.7734823, "ESPORTS/USDT": 1781568083.7734823, "VELVET/USDT": 1781568354.5492907, "EVAA/USDT": 1781570763.2897978, "XLM/USDT": 1781571065.9299102, "H/USDT": 1781571065.9299102, "LAB/USDT": 1781576467.2451441, "SKYAI/USDT": 1781580677.2516644}, "vals": {"ASTEROID/USDT": 43.83, "SIREN/USDT": 3.04, "BEAT/USDT": 3.22, "JTO/USDT": 4.46, "BSB/USDT": 5.94}}