{"set": ["BANK/USDT"], "left": {"CRO/USDT": 1784260880.8118584, "US/USDT": 1784269265.0068219, "SKYAI/USDT": 1784269265.0068219, "TAC/USDT": 1784271056.6023064, "ESPORTS/USDT": 1784272554.7914135, "KAITO/USDT": 1784273750.12431}, "vals": {"BANK/USDT": 3.25}}