{"set": ["BAS/USDT", "BEAT/USDT", "G/USDT", "SKYAI/USDT", "TNSR/USDT", "UB/USDT"], "left": {"BEL/USDT": 1782447364.0422156, "IP/USDT": 1782447662.282406, "ESPORTS/USDT": 1782448274.1921105, "BTW/USDT": 1782451870.6836007, "SLX/USDT": 1782453064.4557335, "H/USDT": 1782453676.8899572, "LAB/USDT": 1782456664.1921847, "PUMP/USDT": 1782461769.381446}, "vals": {"BAS/USDT": 10.91, "G/USDT": 12.67, "UB/USDT": 5.28, "BEAT/USDT": 16.08, "SKYAI/USDT": 12.45, "TNSR/USDT": 6.28}}