{"set": ["CLO/USDT", "ESPORTS/USDT", "FOLKS/USDT", "LAYER/USDT", "MMT/USDT", "RESOLV/USDT"], "left": {"H/USDT": 1782193564.0633771, "HMSTR/USDT": 1782194477.5189312, "ID/USDT": 1782203167.1947546, "BEL/USDT": 1782203478.1150124}, "vals": {"RESOLV/USDT": 9.33, "MMT/USDT": 3.72, "ESPORTS/USDT": 13.72, "CLO/USDT": 17.07, "LAYER/USDT": 9.3, "FOLKS/USDT": 8.19}}