{"set": ["ENA/USDT", "EPIC/USDT", "LAB/USDT", "SIREN/USDT", "TNSR/USDT", "UB/USDT"], "left": {"EIGEN/USDT": 1782018075.8703148, "BEL/USDT": 1782018959.8330061, "ALICE/USDT": 1782018959.8330061, "BEAT/USDT": 1782026755.5463672, "ESPORTS/USDT": 1782030669.844566}, "vals": {"UB/USDT": 21.25, "TNSR/USDT": 59.98, "SIREN/USDT": 4.71, "LAB/USDT": 11.43, "ENA/USDT": 4.41, "EPIC/USDT": 10.58}}