{"set": ["ACT/USDT", "ENA/USDT", "O/USDT", "RAVE/USDT", "RE/USDT", "TAC/USDT", "UB/USDT"], "left": {"WIF/USDT": 1782748298.6996446, "GWEI/USDT": 1782751299.420819, "BEAT/USDT": 1782752518.4309266, "ADA/USDT": 1782755498.7968976}, "vals": {"TAC/USDT": 165.6, "UB/USDT": 29.57, "RAVE/USDT": 31.57, "ACT/USDT": 16.27, "ENA/USDT": 3.76, "O/USDT": 9.22, "RE/USDT": 27.61}}