{"set": ["ADA/USDT", "ARPA/USDT", "MAGMA/USDT", "PEPE/USDT", "PIPPIN/USDT", "THE/USDT", "TLM/USDT", "XPL/USDT", "ZKP/USDT"], "left": {"US/USDT": 1783076497.9331872, "M/USDT": 1783077676.7961626, "GUA/USDT": 1783090924.7562869, "BAS/USDT": 1783093300.9886749, "DOGE/USDT": 1783093598.7960095, "ENA/USDT": 1783093900.4055955, "XRP/USDT": 1783094526.7540724}, "vals": {"PEPE/USDT": 4.46, "ARPA/USDT": 31.24, "ZKP/USDT": 24.6, "THE/USDT": 15.46, "MAGMA/USDT": 5.11, "TLM/USDT": 5.53, "PIPPIN/USDT": 6.57, "XPL/USDT": 16.85, "ADA/USDT": 7.87}}