{"set": ["ASTEROID/USDT", "BEAT/USDT", "BSB/USDT", "CLO/USDT", "ESPORTS/USDT", "HEI/USDT", "UB/USDT"], "left": {"SKYAI/USDT": 1781911872.545053, "BEL/USDT": 1781913684.1579404, "SYN/USDT": 1781913954.9455822, "BLESS/USDT": 1781913954.9455822, "BASED/USDT": 1781915763.145682, "BTW/USDT": 1781916662.773172, "LAB/USDT": 1781916662.773172, "BICO/USDT": 1781921462.5297523}, "vals": {"ASTEROID/USDT": 7.01, "UB/USDT": 4.4, "ESPORTS/USDT": 6.5, "CLO/USDT": 3.71, "BEAT/USDT": 3.76, "BSB/USDT": 4.19, "HEI/USDT": 3.25}}