{"set": ["BEL/USDT", "BICO/USDT", "BTW/USDT", "EIGEN/USDT", "ESPORTS/USDT", "HEI/USDT", "SKYAI/USDT"], "left": {"ENA/USDT": 1781936761.9218526, "BSB/USDT": 1781937073.213171, "CLO/USDT": 1781938881.122302, "ASTEROID/USDT": 1781940674.0638392, "BEAT/USDT": 1781944562.8452747, "UB/USDT": 1781944562.8452747}, "vals": {"BTW/USDT": 30.29, "ESPORTS/USDT": 4.9, "BEL/USDT": 38.25, "EIGEN/USDT": 8.6, "BICO/USDT": 21.5, "SKYAI/USDT": 3.92, "HEI/USDT": 6.49}}