{"set": ["AIGENSYN/USDT", "BTW/USDT", "H/USDT"], "left": {"CAP/USDT": 1782805859.594563, "MYX/USDT": 1782805859.594563, "KAS/USDT": 1782805859.594563, "SYN/USDT": 1782805859.594563, "XLM/USDT": 1782809160.032642, "BSB/USDT": 1782820889.3240445, "TAC/USDT": 1782822959.7398233}, "vals": {"AIGENSYN/USDT": 15.88, "BTW/USDT": 28.74, "H/USDT": 7.96}}