{"set": ["BIO/USDT", "CLO/USDT", "H/USDT", "HOME/USDT", "LAB/USDT", "SKYAI/USDT", "XLM/USDT"], "left": {"BEAT/USDT": 1781759162.5846694, "SIREN/USDT": 1781760061.2154665, "ESPORTS/USDT": 1781770868.3157644, "AGT/USDT": 1781778684.9573038, "BTW/USDT": 1781779602.0964026}, "vals": {"HOME/USDT": 19.96, "LAB/USDT": 22.93, "CLO/USDT": 22.5, "H/USDT": 7.19, "XLM/USDT": 5.83, "SKYAI/USDT": 7.8, "BIO/USDT": 8.52}}