{"set": ["BEAT/USDT", "BLESS/USDT", "BTW/USDT", "ESPORTS/USDT", "LAB/USDT", "SPX/USDT", "UNI/USDT", "XLM/USDT"], "left": {"JTO/USDT": 1781654485.207243, "ASTEROID/USDT": 1781654485.207243, "LUNC/USDT": 1781654750.7251735, "VELVET/USDT": 1781654750.7251735, "BSB/USDT": 1781655354.1214187, "EVAA/USDT": 1781655959.2465234, "BR/USDT": 1781660456.923042, "H/USDT": 1781668262.6370485, "\u9f99\u867e/USDT": 1781669166.0623226, "SKYAI/USDT": 1781669465.9265976, "SPACE/USDT": 1781669767.8997996}, "vals": {"BLESS/USDT": 7.46, "LAB/USDT": 3.44, "SPX/USDT": 21.43, "BTW/USDT": 25.64, "ESPORTS/USDT": 16.71, "BEAT/USDT": 13.22, "XLM/USDT": 4.39, "UNI/USDT": 9.61}}