{"set": ["BEAT/USDT", "IP/USDT", "SKYAI/USDT", "SLX/USDT"], "left": {"HEI/USDT": 1782432091.6756217, "LAB/USDT": 1782432091.6756217, "XPL/USDT": 1782432091.6756217, "BEL/USDT": 1782432091.6756217, "M/USDT": 1782432363.2367258, "FARTCOIN/USDT": 1782432673.1264422, "H/USDT": 1782433259.2305038, "RESOLV/USDT": 1782436260.641591, "BAS/USDT": 1782439860.2622604, "BTW/USDT": 1782441660.271717, "UB/USDT": 1782445868.5458581}, "vals": {"SLX/USDT": 8.6, "SKYAI/USDT": 8.57, "BEAT/USDT": 12.44, "IP/USDT": 5.83}}