{"set": ["ADA/USDT", "BASED/USDT", "BTW/USDT", "M/USDT", "O/USDT", "SKYAI/USDT", "TAIKO/USDT", "XLM/USDT"], "left": {"AIGENSYN/USDT": 1782870962.4996216, "H/USDT": 1782878264.681469, "BAS/USDT": 1782879364.6226685, "RAVE/USDT": 1782880563.4311125, "RE/USDT": 1782882087.2449737, "BEAT/USDT": 1782887166.1826334}, "vals": {"BTW/USDT": 19.28, "BASED/USDT": 15.56, "M/USDT": 3.85, "TAIKO/USDT": 7.52, "XLM/USDT": 5.67, "ADA/USDT": 4.09, "O/USDT": 10.94, "SKYAI/USDT": 10.86}}