{"set": ["B/USDT", "BEAT/USDT", "CLO/USDT", "T/USDT", "VANRY/USDT"], "left": {"VIRTUAL/USDT": 1783830955.5822108, "ARB/USDT": 1783843886.3491313, "XPIN/USDT": 1783846554.796885, "ENA/USDT": 1783850157.7283676, "SKYAI/USDT": 1783850492.040027}, "vals": {"T/USDT": 13.18, "B/USDT": 16.04, "CLO/USDT": 8.49, "VANRY/USDT": 18.05, "BEAT/USDT": 4.1}}