{"set": ["LAB/USDT"], "left": {"EDGEX/USDT": 1783468890.0904126, "EVAA/USDT": 1783468890.0904126, "OPG/USDT": 1783468890.0904126, "NES/USDT": 1783468890.0904126, "BLUR/USDT": 1783469755.6902192}, "vals": {"LAB/USDT": 6.05}}