{"set": ["BEAT/USDT", "BEL/USDT", "ESPORTS/USDT", "RESOLV/USDT", "TNSR/USDT", "UB/USDT", "WLFI/USDT"], "left": {"SIREN/USDT": 1782054081.0560644, "LAB/USDT": 1782055871.3949046, "ENA/USDT": 1782058561.4018724, "EPIC/USDT": 1782063361.0904973}, "vals": {"UB/USDT": 54.33, "TNSR/USDT": 50.59, "RESOLV/USDT": 8.59, "ESPORTS/USDT": 3.13, "WLFI/USDT": 5.13, "BEL/USDT": 8.31, "BEAT/USDT": 3.65}}