{"set": ["BEAT/USDT", "H/USDT", "SKYAI/USDT", "UNI/USDT", "XLM/USDT", "\u9f99\u867e/USDT"], "left": {"ENA/USDT": 1781643962.4595675, "SPX/USDT": 1781654485.207243, "JTO/USDT": 1781654485.207243, "SPACE/USDT": 1781654485.207243, "ASTEROID/USDT": 1781654485.207243, "LUNC/USDT": 1781654750.7251735, "BLESS/USDT": 1781654750.7251735, "VELVET/USDT": 1781654750.7251735, "BSB/USDT": 1781655354.1214187, "EVAA/USDT": 1781655959.2465234, "BR/USDT": 1781660456.923042, "LAB/USDT": 1781665284.4760144}, "vals": {"\u9f99\u867e/USDT": 6.11, "H/USDT": 12.94, "BEAT/USDT": 9.49, "SKYAI/USDT": 3.07, "XLM/USDT": 5.15, "UNI/USDT": 7.54}}