{"set": ["ADA/USDT", "BTW/USDT", "CLO/USDT", "EIGEN/USDT", "ENA/USDT", "ID/USDT", "PEPE/USDT", "RESOLV/USDT"], "left": {"BEAT/USDT": 1782109558.5650342, "BEL/USDT": 1782123675.9632735, "HMSTR/USDT": 1782124881.5059009, "UB/USDT": 1782127586.5442622}, "vals": {"PEPE/USDT": 3.05, "BTW/USDT": 40.9, "RESOLV/USDT": 3.51, "CLO/USDT": 30.56, "ENA/USDT": 10.94, "ADA/USDT": 3.13, "ID/USDT": 19.07, "EIGEN/USDT": 11.58}}