{"set": ["VELVET/USDT"], "left": {"XRP/USDT": 1783196478.0427783, "XLM/USDT": 1783201563.3615756, "TAC/USDT": 1783205481.4531302, "VANRY/USDT": 1783209700.0057917, "ADA/USDT": 1783209700.0057917, "MIRA/USDT": 1783209700.0057917, "ARPA/USDT": 1783209700.0057917, "BAS/USDT": 1783209700.0057917, "LAB/USDT": 1783209700.0057917, "RAVE/USDT": 1783210271.3595967, "HMSTR/USDT": 1783210271.3595967, "MAGMA/USDT": 1783210271.3595967, "ANSEM/USDT": 1783210271.3595967, "TLM/USDT": 1783210798.1525428}, "vals": {"VELVET/USDT": 3.3}}