{"set": ["B/USDT", "BILL/USDT", "ESPORTS/USDT", "HOME/USDT", "KAITO/USDT"], "left": {"US/USDT": 1784428858.6133661, "NES/USDT": 1784432757.9521945, "BANK/USDT": 1784442953.8829155}, "vals": {"ESPORTS/USDT": 60.13, "HOME/USDT": 10.0, "BILL/USDT": 4.69, "B/USDT": 10.5, "KAITO/USDT": 12.32}}