{"set": ["BANK/USDT", "ERA/USDT", "ESPORTS/USDT", "RE/USDT", "RIF/USDT", "ZAMA/USDT"], "left": {"INTC/USDT": 1784841393.8192284, "WLFI/USDT": 1784845876.5699863, "KAITO/USDT": 1784851293.2312274, "IDOL/USDT": 1784851293.2312274, "BEAT/USDT": 1784851293.2312274, "B/USDT": 1784851567.6280499, "AKE/USDT": 1784852753.7318985, "ON/USDT": 1784852753.7318985, "BILL/USDT": 1784852753.7318985, "LAB/USDT": 1784853353.9355602}, "vals": {"BANK/USDT": 6.02, "ZAMA/USDT": 4.5, "RIF/USDT": 7.93, "ESPORTS/USDT": 3.01, "ERA/USDT": 3.32, "RE/USDT": 3.97}}