{"set": ["BEL/USDT", "BTW/USDT", "CLO/USDT", "H/USDT"], "left": {"ESPORTS/USDT": 1782259286.5653002, "BEAT/USDT": 1782259286.5653002, "UB/USDT": 1782260157.580966, "RESOLV/USDT": 1782263161.442205, "HEI/USDT": 1782263758.6866052, "SYN/USDT": 1782263758.6866052, "DYDX/USDT": 1782263758.6866052, "BASED/USDT": 1782263758.6866052, "FARTCOIN/USDT": 1782263758.6866052, "BLESS/USDT": 1782266762.454853, "ID/USDT": 1782270078.2248478}, "vals": {"BTW/USDT": 3.24, "CLO/USDT": 22.43, "BEL/USDT": 5.61, "H/USDT": 8.35}}