{"set": ["ENA/USDT", "ERA/USDT", "ESPORTS/USDT", "NIGHT/USDT", "ONDO/USDT"], "left": {"BANK/USDT": 1784620901.218681, "AKE/USDT": 1784625686.5113473, "US/USDT": 1784628170.5067914, "ADA/USDT": 1784632269.3326635, "B/USDT": 1784633484.6182353}, "vals": {"ERA/USDT": 60.86, "ESPORTS/USDT": 24.74, "NIGHT/USDT": 6.58, "ENA/USDT": 4.79, "ONDO/USDT": 11.89}}