{"set": ["CLO/USDT", "H/USDT", "LAB/USDT", "SIREN/USDT", "SKYAI/USDT"], "left": {"CFX/USDT": 1781738757.260513, "BSB/USDT": 1781740871.493052, "SPX/USDT": 1781740871.493052, "AGT/USDT": 1781740871.493052, "XPL/USDT": 1781740871.493052, "ASTER/USDT": 1781740871.493052, "ENA/USDT": 1781750162.3179739, "BIO/USDT": 1781754965.8192444, "XLM/USDT": 1781758879.5410872, "BEAT/USDT": 1781759162.5846694, "ESPORTS/USDT": 1781759465.7505548}, "vals": {"SIREN/USDT": 4.84, "LAB/USDT": 8.89, "CLO/USDT": 14.24, "H/USDT": 8.86, "SKYAI/USDT": 9.98}}