{"set": ["ADA/USDT", "ARPA/USDT", "BAS/USDT", "GUA/USDT", "M/USDT", "TLM/USDT", "US/USDT"], "left": {"NFP/USDT": 1783054882.8246603, "VELVET/USDT": 1783057559.6459973, "TAC/USDT": 1783066278.9986367, "MAGMA/USDT": 1783074080.1558797}, "vals": {"ARPA/USDT": 37.58, "US/USDT": 4.56, "BAS/USDT": 11.97, "M/USDT": 13.44, "GUA/USDT": 9.19, "TLM/USDT": 9.32, "ADA/USDT": 3.66}}