{"set": ["AKE/USDT", "B/USDT"], "left": {"ESPORTS/USDT": 1784354475.1167405, "LAB/USDT": 1784372152.5391364, "BANK/USDT": 1784375752.5408473}, "vals": {"AKE/USDT": 24.57, "B/USDT": 55.57}}