{"set": ["BEL/USDT", "BICO/USDT", "BTW/USDT", "EIGEN/USDT", "ESPORTS/USDT", "SKYAI/USDT", "UB/USDT"], "left": {"HEI/USDT": 1781924153.5218754, "ENA/USDT": 1781936761.9218526, "BSB/USDT": 1781937073.213171, "CLO/USDT": 1781938881.122302, "ASTEROID/USDT": 1781940674.0638392, "BEAT/USDT": 1781943662.2167544}, "vals": {"UB/USDT": 3.26, "BTW/USDT": 21.21, "ESPORTS/USDT": 5.51, "BEL/USDT": 33.49, "EIGEN/USDT": 9.36, "BICO/USDT": 12.68, "SKYAI/USDT": 4.0}}