{"set": ["ASTEROID/USDT", "BICO/USDT", "BSB/USDT", "UB/USDT"], "left": {"H/USDT": 1781901395.442788, "SKYAI/USDT": 1781911872.545053, "HEI/USDT": 1781913684.1579404, "CLO/USDT": 1781913684.1579404, "BEL/USDT": 1781913684.1579404, "SYN/USDT": 1781913954.9455822, "BLESS/USDT": 1781913954.9455822, "BASED/USDT": 1781915763.145682, "BEAT/USDT": 1781916366.6940837, "BTW/USDT": 1781916662.773172, "LAB/USDT": 1781916662.773172, "ESPORTS/USDT": 1781916956.3709478}, "vals": {"ASTEROID/USDT": 4.48, "UB/USDT": 4.13, "BSB/USDT": 4.81, "BICO/USDT": 14.45}}