{"set": ["BTW/USDT", "LAB/USDT", "NES/USDT", "TLM/USDT", "UB/USDT", "VANRY/USDT", "WLFI/USDT"], "left": {"HMSTR/USDT": 1783266363.6915896, "M/USDT": 1783269086.9972239, "LIT/USDT": 1783274498.418961, "VELVET/USDT": 1783277756.5366247, "MIRA/USDT": 1783278677.6371796}, "vals": {"UB/USDT": 14.19, "VANRY/USDT": 21.47, "LAB/USDT": 8.44, "BTW/USDT": 16.55, "NES/USDT": 25.66, "WLFI/USDT": 3.07, "TLM/USDT": 50.78}}