{"set": ["BTW/USDT", "CLO/USDT", "HEI/USDT"], "left": {"BIO/USDT": 1781841958.741841, "BASED/USDT": 1781844062.1616166, "ESPORTS/USDT": 1781844956.9527075, "BSB/USDT": 1781854554.125682, "FOLKS/USDT": 1781858170.196095, "BEAT/USDT": 1781861480.8552368, "VELVET/USDT": 1781861480.8552368}, "vals": {"BTW/USDT": 26.95, "CLO/USDT": 5.85, "HEI/USDT": 55.33}}