{"set": ["ASTEROID/USDT", "BSB/USDT", "FARTCOIN/USDT", "H/USDT", "JTO/USDT", "LAB/USDT", "SKYAI/USDT", "SPACE/USDT", "UNI/USDT", "VELVET/USDT", "\u9f99\u867e/USDT"], "left": {"ZRO/USDT": 1781607718.8485653, "CHIP/USDT": 1781613111.0452197, "ENA/USDT": 1781615200.7178867, "OPG/USDT": 1781623605.6902158, "XLM/USDT": 1781625741.3454776}, "vals": {"ASTEROID/USDT": 24.87, "SPACE/USDT": 13.84, "\u9f99\u867e/USDT": 42.5, "VELVET/USDT": 4.62, "LAB/USDT": 44.46, "H/USDT": 3.92, "SKYAI/USDT": 22.28, "BSB/USDT": 48.87, "JTO/USDT": 10.42, "UNI/USDT": 5.98, "FARTCOIN/USDT": 4.79}}