{"set": ["AKE/USDT", "ESPORTS/USDT", "US/USDT"], "left": {"LAB/USDT": 1784419277.0800655, "AVAAI/USDT": 1784419277.0800655, "B/USDT": 1784420159.8236463, "BILL/USDT": 1784420159.8236463, "FARTCOIN/USDT": 1784420159.8236463, "BANK/USDT": 1784420159.8236463, "KAITO/USDT": 1784422257.6155055}, "vals": {"AKE/USDT": 3.62, "ESPORTS/USDT": 13.53, "US/USDT": 5.43}}