{"set": ["BEAT/USDT", "EPIC/USDT", "LAB/USDT", "TNSR/USDT", "UB/USDT"], "left": {"ESPORTS/USDT": 1782039356.6699903, "SIREN/USDT": 1782054081.0560644, "RESOLV/USDT": 1782054961.3210511, "ENA/USDT": 1782055260.8392408}, "vals": {"UB/USDT": 35.78, "TNSR/USDT": 51.5, "LAB/USDT": 3.32, "EPIC/USDT": 11.72, "BEAT/USDT": 3.99}}