{"set": ["ESPORTS/USDT", "VELVET/USDT", "WIF/USDT"], "left": {"AGLD/USDT": 1782536758.01099, "MAGMA/USDT": 1782536758.01099, "G/USDT": 1782546058.3500926, "JTO/USDT": 1782549351.2297685, "SLX/USDT": 1782552055.5891285}, "vals": {"VELVET/USDT": 50.81, "ESPORTS/USDT": 12.02, "WIF/USDT": 7.75}}