{"set": ["BTW/USDT", "ESPORTS/USDT", "RESOLV/USDT"], "left": {"CLO/USDT": 1782216369.631479, "LAYER/USDT": 1782217882.904279, "MMT/USDT": 1782228103.747521}, "vals": {"RESOLV/USDT": 11.86, "BTW/USDT": 6.25, "ESPORTS/USDT": 46.3}}