{"set": ["LAB/USDT", "M/USDT", "TLM/USDT", "VANRY/USDT"], "left": {"MAGMA/USDT": 1783214152.3033066, "HMSTR/USDT": 1783216271.6822398, "VELVET/USDT": 1783231287.6714854, "BAS/USDT": 1783232752.8429573}, "vals": {"VANRY/USDT": 9.72, "LAB/USDT": 5.3, "M/USDT": 3.02, "TLM/USDT": 9.94}}