{"JCT/USDT": 1781385665.519358, "COAI/USDT": 1781385665.519358, "VELVET/USDT": 1781384600.1676564, "RIF/USDT": 1781385665.519358, "BEAT/USDT": 1781385665.519358, "XPL/USDT": 1781385665.519358, "H/USDT": 1781385665.519358, "SKYAI/USDT": 1781385665.519358, "ENA/USDT": 1781385665.519358}