{"set": ["ALLO/USDT", "BEL/USDT", "BTW/USDT", "CLO/USDT", "ENA/USDT", "ID/USDT", "LAYER/USDT"], "left": {"HMSTR/USDT": 1782124881.5059009, "DOGE/USDT": 1782137202.693339, "UB/USDT": 1782137510.7530808, "XRP/USDT": 1782137510.7530808, "ADA/USDT": 1782138403.9731681, "PEPE/USDT": 1782142915.8657644, "RESOLV/USDT": 1782143205.0091429, "EIGEN/USDT": 1782144136.0593119}, "vals": {"BTW/USDT": 13.32, "CLO/USDT": 31.83, "LAYER/USDT": 16.24, "ENA/USDT": 8.66, "BEL/USDT": 33.45, "ID/USDT": 20.99, "ALLO/USDT": 16.73}}