{"set": ["AGT/USDT", "BEL/USDT", "BICO/USDT", "BTW/USDT", "EIGEN/USDT", "ESPORTS/USDT"], "left": {"ENA/USDT": 1781936761.9218526, "BSB/USDT": 1781937073.213171, "ASTEROID/USDT": 1781940674.0638392, "BEAT/USDT": 1781944562.8452747, "UB/USDT": 1781944562.8452747, "HEI/USDT": 1781949681.8658605, "CLO/USDT": 1781949681.8658605, "GALA/USDT": 1781951164.1377556, "SKYAI/USDT": 1781951164.1377556}, "vals": {"AGT/USDT": 12.21, "BTW/USDT": 32.4, "ESPORTS/USDT": 6.91, "BEL/USDT": 55.82, "EIGEN/USDT": 7.14, "BICO/USDT": 10.58}}