{"set": ["NASDAQ:BJDX", "NASDAQ:LHAI", "NASDAQ:VMAR"], "left": {"NASDAQ:EHGO": 1784102501.5310235, "NASDAQ:SKYQ": 1784102501.5310235, "NASDAQ:PLSM": 1784102501.5310235, "NASDAQ:SOBR": 1784102501.5310235, "AMEX:LGPS": 1784102501.5310235, "NASDAQ:MIMI": 1784102501.5310235, "NASDAQ:UBXG": 1784103959.557708, "NASDAQ:SUNE": 1784103959.557708, "NASDAQ:YYGH": 1784103959.557708, "NASDAQ:SHPH": 1784103959.557708, "NASDAQ:NXTC": 1784103959.557708, "NASDAQ:LEDS": 1784103959.557708}, "vals": {"NASDAQ:VMAR": 28.37, "NASDAQ:LHAI": 44.0, "NASDAQ:BJDX": 19.67}}