{"set": ["BAS/USDT", "BEAT/USDT", "LAB/USDT", "RESOLV/USDT", "SKYAI/USDT"], "left": {"H/USDT": 1782372364.9331696, "ESPORTS/USDT": 1782374784.7962978, "SLX/USDT": 1782382570.9555051, "EVAA/USDT": 1782385286.939095, "WLFI/USDT": 1782385286.939095, "BLESS/USDT": 1782385286.939095}, "vals": {"BAS/USDT": 25.22, "LAB/USDT": 6.54, "RESOLV/USDT": 11.29, "BEAT/USDT": 7.08, "SKYAI/USDT": 14.67}}