{"set": ["ASTEROID/USDT", "BEAT/USDT", "BEL/USDT", "BTW/USDT", "CLO/USDT", "EIGEN/USDT", "ESPORTS/USDT"], "left": {"SKYAI/USDT": 1781911872.545053, "SYN/USDT": 1781913954.9455822, "BLESS/USDT": 1781913954.9455822, "BASED/USDT": 1781915763.145682, "LAB/USDT": 1781916662.773172, "BICO/USDT": 1781921462.5297523, "HEI/USDT": 1781924153.5218754, "BSB/USDT": 1781931963.2144213, "UB/USDT": 1781931963.2144213}, "vals": {"ASTEROID/USDT": 9.88, "BTW/USDT": 9.53, "ESPORTS/USDT": 4.08, "BEL/USDT": 5.04, "CLO/USDT": 7.27, "BEAT/USDT": 8.99, "EIGEN/USDT": 10.9}}