{"set": ["AKE/USDT", "RAVE/USDT"], "left": {"BEAT/USDT": 1784160096.0925872, "PUMP/USDT": 1784160096.0925872, "US/USDT": 1784160096.0925872, "ROAM/USDT": 1784160352.5193465, "ONDO/USDT": 1784160352.5193465, "LAB/USDT": 1784160957.2544622, "VELVET/USDT": 1784165487.8751626, "VANRY/USDT": 1784169354.2040591, "PI/USDT": 1784169683.306033}, "vals": {"AKE/USDT": 7.75, "RAVE/USDT": 3.12}}