{"set": ["ANSEM/USDT", "APE/USDT", "OGN/USDT", "RAVE/USDT", "SKYAI/USDT", "TAG/USDT", "UAI/USDT", "VANRY/USDT"], "left": {"UNI/USDT": 1783544196.627076, "LDO/USDT": 1783553159.1583135, "KAITO/USDT": 1783555311.7287774, "NES/USDT": 1783555311.7287774, "EDGEX/USDT": 1783555311.7287774, "EVAA/USDT": 1783555311.7287774, "SLX/USDT": 1783555311.7287774, "FET/USDT": 1783555569.4570467, "LAB/USDT": 1783555569.4570467}, "vals": {"TAG/USDT": 90.0, "VANRY/USDT": 8.64, "ANSEM/USDT": 9.97, "OGN/USDT": 16.36, "SKYAI/USDT": 7.69, "RAVE/USDT": 7.84, "APE/USDT": 6.65, "UAI/USDT": 3.98}}