{"set": ["BTW/USDT", "H/USDT", "TAC/USDT", "XLM/USDT"], "left": {"BSB/USDT": 1782820889.3240445, "AIGENSYN/USDT": 1782837695.0527358, "SLX/USDT": 1782838920.917782, "IN/USDT": 1782840398.3848712}, "vals": {"TAC/USDT": 6.81, "BTW/USDT": 6.26, "XLM/USDT": 4.89, "H/USDT": 21.79}}