{"set": ["BEAT/USDT", "CLO/USDT", "SKYAI/USDT"], "left": {"SKL/USDT": 1783765557.1738527, "TAG/USDT": 1783768558.0159066, "XPIN/USDT": 1783776956.3977575, "HMSTR/USDT": 1783778486.3989215}, "vals": {"CLO/USDT": 25.78, "BEAT/USDT": 10.09, "SKYAI/USDT": 5.36}}