{"set": ["NASDAQ:BJDX", "NASDAQ:JLHL", "NASDAQ:PMA", "NASDAQ:RPGL", "NASDAQ:VRAX"], "left": {"AMEX:BATL": 1783670502.6223402, "NASDAQ:LUCY": 1783670502.6223402, "NASDAQ:SKYQ": 1783670502.6223402, "AMEX:VTAK": 1783670502.6223402, "NASDAQ:IOTR": 1783671685.053704, "NASDAQ:SUNE": 1783671685.053704}, "vals": {"NASDAQ:PMA": 39.2, "NASDAQ:VRAX": 248.74, "NASDAQ:JLHL": 21.9, "NASDAQ:RPGL": 35.96, "NASDAQ:BJDX": 11.94}}