{"set": ["BTW/USDT", "CLO/USDT", "FOLKS/USDT"], "left": {"LAB/USDT": 1781839260.977391, "BIO/USDT": 1781841958.741841, "VELVET/USDT": 1781843471.1378145, "BASED/USDT": 1781844062.1616166, "ESPORTS/USDT": 1781844956.9527075, "BSB/USDT": 1781854554.125682, "BEAT/USDT": 1781855161.4743547}, "vals": {"BTW/USDT": 14.49, "CLO/USDT": 3.2, "FOLKS/USDT": 5.61}}