{"set": ["B/USDT", "BANK/USDT", "HOME/USDT", "KAITO/USDT", "PI/USDT", "TLM/USDT"], "left": {"BONK/USDT": 1784484359.695248, "BILL/USDT": 1784486467.8048453, "PEPE/USDT": 1784492457.5459263}, "vals": {"BANK/USDT": 97.54, "HOME/USDT": 5.56, "B/USDT": 47.12, "KAITO/USDT": 17.04, "TLM/USDT": 45.73, "PI/USDT": 9.84}}