{"set": ["LAB/USDT", "O/USDT", "RAVE/USDT", "UB/USDT", "VELVET/USDT", "WIF/USDT"], "left": {"PIEVERSE/USDT": 1782620755.9253287, "BAS/USDT": 1782632469.004419, "BTW/USDT": 1782639072.1415567, "SLX/USDT": 1782639721.6716003, "BEAT/USDT": 1782640559.905485}, "vals": {"UB/USDT": 12.74, "VELVET/USDT": 3.87, "LAB/USDT": 7.29, "RAVE/USDT": 10.87, "O/USDT": 32.66, "WIF/USDT": 3.25}}