{"set": ["GUA/USDT", "M/USDT", "TAC/USDT", "TLM/USDT", "US/USDT"], "left": {"BASED/USDT": 1783040754.4473329, "SKYAI/USDT": 1783042550.1302118, "TAIKO/USDT": 1783045553.4454162, "ADA/USDT": 1783051553.579309, "NFP/USDT": 1783054882.8246603, "VELVET/USDT": 1783057559.6459973, "MAGMA/USDT": 1783060872.7611773}, "vals": {"US/USDT": 4.61, "M/USDT": 4.48, "GUA/USDT": 9.27, "TLM/USDT": 15.35, "TAC/USDT": 4.47}}