{"set": ["BAS/USDT", "BEAT/USDT", "BEL/USDT", "LAB/USDT", "RESOLV/USDT", "SKYAI/USDT", "SLX/USDT"], "left": {"H/USDT": 1782372364.9331696, "ESPORTS/USDT": 1782374784.7962978, "EVAA/USDT": 1782385286.939095, "BLESS/USDT": 1782388917.2101676, "WLFI/USDT": 1782392518.4327464}, "vals": {"BAS/USDT": 23.68, "LAB/USDT": 9.97, "SLX/USDT": 22.11, "RESOLV/USDT": 13.23, "SKYAI/USDT": 17.47, "BEAT/USDT": 11.07, "BEL/USDT": 19.25}}