{"set": ["BTW/USDT", "CAP/USDT", "LAB/USDT", "LIT/USDT", "NES/USDT", "TLM/USDT", "UB/USDT", "VANRY/USDT"], "left": {"HMSTR/USDT": 1783266363.6915896, "M/USDT": 1783269086.9972239, "MIRA/USDT": 1783278677.6371796, "WLFI/USDT": 1783279278.0503263, "VELVET/USDT": 1783283488.502864}, "vals": {"UB/USDT": 14.5, "VANRY/USDT": 21.69, "CAP/USDT": 18.41, "LAB/USDT": 6.06, "BTW/USDT": 16.11, "NES/USDT": 23.54, "TLM/USDT": 50.04, "LIT/USDT": 9.04}}