{"set": ["ADA/USDT", "BASED/USDT", "BTW/USDT", "LIT/USDT", "M/USDT", "NFP/USDT", "TAIKO/USDT", "XLM/USDT", "XRP/USDT", "ZBT/USDT"], "left": {"DYDX/USDT": 1782928922.848585, "BAS/USDT": 1782931300.4252787, "O/USDT": 1782936117.144154, "AIGENSYN/USDT": 1782936117.144154, "SKYAI/USDT": 1782940285.1011455}, "vals": {"TAIKO/USDT": 199.49, "NFP/USDT": 629.34, "BASED/USDT": 25.91, "ZBT/USDT": 24.45, "M/USDT": 68.71, "BTW/USDT": 27.29, "ADA/USDT": 8.95, "XLM/USDT": 6.9, "XRP/USDT": 3.11, "LIT/USDT": 15.84}}