{"set": ["NASDAQ:BJDX", "NASDAQ:LEDS", "NASDAQ:LHAI", "NASDAQ:NXTC", "NASDAQ:SHPH", "NASDAQ:SUNE", "NASDAQ:UBXG", "NASDAQ:VMAR", "NASDAQ:YYGH"], "left": {"NASDAQ:EHGO": 1784102501.5310235, "NASDAQ:SKYQ": 1784102501.5310235, "NASDAQ:PLSM": 1784102501.5310235, "NASDAQ:SOBR": 1784102501.5310235, "AMEX:LGPS": 1784102501.5310235, "NASDAQ:MIMI": 1784102501.5310235}, "vals": {"NASDAQ:LEDS": 11.84, "NASDAQ:NXTC": 323.85, "NASDAQ:SHPH": 48.99, "NASDAQ:UBXG": 43.49, "NASDAQ:VMAR": 28.37, "NASDAQ:YYGH": 11.86, "NASDAQ:LHAI": 44.0, "NASDAQ:BJDX": 19.67, "NASDAQ:SUNE": 10.0}}