{"set": ["EPIC/USDT", "LAB/USDT", "TNSR/USDT", "UB/USDT"], "left": {"ESPORTS/USDT": 1782039356.6699903, "ENA/USDT": 1782040857.9481757, "SIREN/USDT": 1782046878.837981, "BEAT/USDT": 1782050479.3885572}, "vals": {"UB/USDT": 31.54, "TNSR/USDT": 62.97, "LAB/USDT": 9.49, "EPIC/USDT": 11.86}}