{"set": ["ASTEROID/USDT", "BSB/USDT", "FARTCOIN/USDT", "JTO/USDT", "LAB/USDT", "SKYAI/USDT", "SPACE/USDT", "UNI/USDT", "VELVET/USDT", "XLM/USDT", "\u9f99\u867e/USDT"], "left": {"ZRO/USDT": 1781607718.8485653, "CHIP/USDT": 1781613111.0452197, "ENA/USDT": 1781615200.7178867, "OPG/USDT": 1781623605.6902158, "H/USDT": 1781625107.3728743}, "vals": {"ASTEROID/USDT": 22.8, "SPACE/USDT": 14.65, "\u9f99\u867e/USDT": 40.92, "VELVET/USDT": 4.02, "LAB/USDT": 46.12, "SKYAI/USDT": 22.1, "BSB/USDT": 48.28, "XLM/USDT": 3.1, "JTO/USDT": 10.36, "UNI/USDT": 6.86, "FARTCOIN/USDT": 4.54}}