{"set": ["BAS/USDT", "BEAT/USDT", "H/USDT", "HEI/USDT", "SKYAI/USDT", "UB/USDT"], "left": {"PUMP/USDT": 1782461769.381446, "G/USDT": 1782471687.5486228, "TNSR/USDT": 1782474098.215162, "SLX/USDT": 1782476197.4772115, "BTW/USDT": 1782478302.3623264, "LAB/USDT": 1782478302.3623264}, "vals": {"UB/USDT": 3.84, "BAS/USDT": 4.49, "BEAT/USDT": 15.02, "SKYAI/USDT": 16.14, "H/USDT": 4.63, "HEI/USDT": 7.43}}