{"set": ["BEAT/USDT", "BEL/USDT", "H/USDT", "LAB/USDT", "RESOLV/USDT", "SKYAI/USDT", "SLX/USDT"], "left": {"EVAA/USDT": 1782385286.939095, "BLESS/USDT": 1782388917.2101676, "BAS/USDT": 1782403324.4644468, "XPL/USDT": 1782404195.4882438, "WLFI/USDT": 1782405113.9938495}, "vals": {"SLX/USDT": 20.87, "LAB/USDT": 16.04, "RESOLV/USDT": 12.57, "SKYAI/USDT": 10.66, "H/USDT": 3.72, "BEAT/USDT": 20.77, "BEL/USDT": 7.75}}