{"set": ["ASTEROID/USDT", "BSB/USDT", "FARTCOIN/USDT", "JTO/USDT"], "left": {"ENA/USDT": 1781560892.3096526, "ZRO/USDT": 1781568083.7734823, "XRP/USDT": 1781568083.7734823, "CLO/USDT": 1781568083.7734823, "ESPORTS/USDT": 1781568083.7734823, "VELVET/USDT": 1781568354.5492907, "EVAA/USDT": 1781570763.2897978, "XLM/USDT": 1781571065.9299102, "H/USDT": 1781571065.9299102, "SKYAI/USDT": 1781580677.2516644, "BEAT/USDT": 1781580952.8928974, "SIREN/USDT": 1781581858.4760873, "LAB/USDT": 1781581858.4760873}, "vals": {"ASTEROID/USDT": 36.89, "JTO/USDT": 5.09, "BSB/USDT": 8.59, "FARTCOIN/USDT": 4.46}}