{"set": ["CLO/USDT", "EDGEX/USDT", "POWER/USDT", "TAG/USDT"], "left": {"UNI/USDT": 1783544196.627076, "LDO/USDT": 1783553159.1583135, "NES/USDT": 1783555311.7287774, "SLX/USDT": 1783555311.7287774, "LAB/USDT": 1783555569.4570467, "APE/USDT": 1783556172.0513215, "KAITO/USDT": 1783556172.0513215, "SKYAI/USDT": 1783556172.0513215, "RAVE/USDT": 1783556172.0513215, "FET/USDT": 1783556172.0513215, "ANSEM/USDT": 1783556172.0513215, "UAI/USDT": 1783556172.0513215, "VANRY/USDT": 1783556172.0513215, "OGN/USDT": 1783556172.0513215, "EVAA/USDT": 1783559488.4230435}, "vals": {"TAG/USDT": 7.75, "EDGEX/USDT": 3.37, "POWER/USDT": 11.74, "CLO/USDT": 4.0}}