{"set": ["M/USDT", "UB/USDT"], "left": {"WIF/USDT": 1782604885.0212393, "MYX/USDT": 1782605457.9097173, "S/USDT": 1782605457.9097173, "LAB/USDT": 1782605457.9097173, "SLX/USDT": 1782605457.9097173, "RE/USDT": 1782605457.9097173, "VELVET/USDT": 1782605457.9097173}, "vals": {"UB/USDT": 3.08, "M/USDT": 4.33}}