{"set": ["BAS/USDT", "BEAT/USDT", "BEL/USDT", "IP/USDT", "LAB/USDT", "RESOLV/USDT", "SKYAI/USDT", "SLX/USDT"], "left": {"BLESS/USDT": 1782388917.2101676, "XPL/USDT": 1782404195.4882438, "H/USDT": 1782406300.4531302, "WLFI/USDT": 1782406596.8579862}, "vals": {"BAS/USDT": 4.94, "SLX/USDT": 20.37, "LAB/USDT": 16.25, "RESOLV/USDT": 10.44, "SKYAI/USDT": 10.36, "BEAT/USDT": 21.87, "IP/USDT": 6.2, "BEL/USDT": 9.43}}