{"set": ["BIO/USDT", "CLO/USDT", "HOME/USDT", "LAB/USDT", "SKYAI/USDT", "XLM/USDT"], "left": {"ENA/USDT": 1781750162.3179739, "BEAT/USDT": 1781759162.5846694, "SIREN/USDT": 1781760061.2154665, "BTW/USDT": 1781769705.2642832, "ESPORTS/USDT": 1781769975.5523722, "H/USDT": 1781770285.618861}, "vals": {"HOME/USDT": 21.4, "LAB/USDT": 14.28, "CLO/USDT": 16.09, "SKYAI/USDT": 9.48, "XLM/USDT": 6.33, "BIO/USDT": 4.81}}