{"set": ["BEAT/USDT", "BLESS/USDT", "BR/USDT", "BTW/USDT", "ESPORTS/USDT", "LAB/USDT", "UNI/USDT", "XLM/USDT", "\u9f99\u867e/USDT"], "left": {"JTO/USDT": 1781654485.207243, "ASTEROID/USDT": 1781654485.207243, "LUNC/USDT": 1781654750.7251735, "VELVET/USDT": 1781654750.7251735, "BSB/USDT": 1781655354.1214187, "EVAA/USDT": 1781655959.2465234, "H/USDT": 1781668262.6370485, "SKYAI/USDT": 1781669465.9265976, "SPACE/USDT": 1781669767.8997996, "SPX/USDT": 1781672489.5488448, "SIREN/USDT": 1781672760.9604423}, "vals": {"\u9f99\u867e/USDT": 4.54, "BLESS/USDT": 5.24, "BR/USDT": 4.78, "LAB/USDT": 3.09, "BTW/USDT": 24.9, "ESPORTS/USDT": 13.84, "BEAT/USDT": 5.8, "XLM/USDT": 3.12, "UNI/USDT": 9.12}}