{"set": ["ESPORTS/USDT", "H/USDT", "JCT/USDT", "JELLYJELLY/USDT", "OPG/USDT", "SIREN/USDT"], "left": {"TRADOOR/USDT": 1781481361.106416, "CLO/USDT": 1781481673.613035, "BTW/USDT": 1781481673.613035, "LAB/USDT": 1781481673.613035, "XRP/USDT": 1781481673.613035, "SKYAI/USDT": 1781481673.613035, "ADA/USDT": 1781481673.613035, "EVAA/USDT": 1781482253.3253715, "COAI/USDT": 1781484059.012646}, "vals": {"JCT/USDT": 3.95, "SIREN/USDT": 7.16, "ESPORTS/USDT": 7.97, "JELLYJELLY/USDT": 3.69, "H/USDT": 5.85, "OPG/USDT": 3.22}}