{"set": ["BEAT/USDT", "BEL/USDT", "RESOLV/USDT", "TNSR/USDT", "UB/USDT", "WLFI/USDT"], "left": {"LAB/USDT": 1782055871.3949046, "ENA/USDT": 1782058561.4018724, "EPIC/USDT": 1782063361.0904973, "ESPORTS/USDT": 1782075075.4181252}, "vals": {"UB/USDT": 49.62, "TNSR/USDT": 49.61, "RESOLV/USDT": 8.0, "WLFI/USDT": 3.06, "BEL/USDT": 5.69, "BEAT/USDT": 3.77}}