{"set": ["AGT/USDT", "ASTER/USDT", "BLESS/USDT", "BTW/USDT", "ENA/USDT", "ESPORTS/USDT", "SPX/USDT", "XLM/USDT", "XPL/USDT"], "left": {"\u9f99\u867e/USDT": 1781693503.6220849, "UNI/USDT": 1781694395.6005182, "BR/USDT": 1781704931.8404937, "SIREN/USDT": 1781706106.1390588, "BSB/USDT": 1781712126.3949327}, "vals": {"AGT/USDT": 109.15, "BLESS/USDT": 6.6, "ESPORTS/USDT": 30.09, "SPX/USDT": 15.54, "ASTER/USDT": 15.01, "BTW/USDT": 9.45, "XPL/USDT": 30.41, "ENA/USDT": 8.56, "XLM/USDT": 6.52}}