{"set": ["ASTEROID/USDT", "BEAT/USDT", "CHIP/USDT", "CLO/USDT", "ESPORTS/USDT", "EVAA/USDT", "JCT/USDT", "JELLYJELLY/USDT", "SIREN/USDT"], "left": {"TRADOOR/USDT": 1781481361.106416, "BTW/USDT": 1781481673.613035, "XRP/USDT": 1781481673.613035, "ADA/USDT": 1781481673.613035, "COAI/USDT": 1781484059.012646, "LAB/USDT": 1781486463.1124449, "OPG/USDT": 1781488257.9583573, "VELVET/USDT": 1781493062.1771092, "SKYAI/USDT": 1781499372.4338498, "H/USDT": 1781499688.6071773}, "vals": {"ASTEROID/USDT": 110.74, "JCT/USDT": 7.2, "SIREN/USDT": 10.5, "CHIP/USDT": 5.96, "ESPORTS/USDT": 12.06, "JELLYJELLY/USDT": 6.77, "CLO/USDT": 29.08, "EVAA/USDT": 32.73, "BEAT/USDT": 3.67}}