{"set": ["BSB/USDT", "BTW/USDT", "ESPORTS/USDT", "SPX/USDT", "UNI/USDT"], "left": {"SIREN/USDT": 1781672760.9604423, "BEAT/USDT": 1781673664.3652246, "SPACE/USDT": 1781676091.3308692, "BLESS/USDT": 1781676970.9589026, "EVAA/USDT": 1781680868.9426517, "XLM/USDT": 1781682371.3704596, "LAB/USDT": 1781682667.3037412, "BR/USDT": 1781692290.6848204, "\u9f99\u867e/USDT": 1781693503.6220849}, "vals": {"SPX/USDT": 12.6, "ESPORTS/USDT": 43.21, "BTW/USDT": 4.62, "BSB/USDT": 3.92, "UNI/USDT": 3.01}}