{"set": ["BEL/USDT", "CLO/USDT", "ESPORTS/USDT", "FOLKS/USDT", "LAYER/USDT", "RESOLV/USDT"], "left": {"H/USDT": 1782193564.0633771, "HMSTR/USDT": 1782194477.5189312, "MMT/USDT": 1782203167.1947546, "ID/USDT": 1782203167.1947546}, "vals": {"RESOLV/USDT": 8.87, "ESPORTS/USDT": 13.64, "CLO/USDT": 13.89, "LAYER/USDT": 5.96, "BEL/USDT": 4.09, "FOLKS/USDT": 7.09}}