{"set": ["EPIC/USDT", "LAB/USDT", "VANRY/USDT"], "left": {"LIT/USDT": 1783382508.6813967, "US/USDT": 1783383355.9862242, "BILL/USDT": 1783383355.9862242, "BLUR/USDT": 1783383355.9862242, "HMSTR/USDT": 1783383355.9862242, "TRIA/USDT": 1783383355.9862242, "ANSEM/USDT": 1783383355.9862242, "NES/USDT": 1783389692.3853424}, "vals": {"LAB/USDT": 3.05, "VANRY/USDT": 12.38, "EPIC/USDT": 17.24}}