{"set": ["BEL/USDT", "BICO/USDT", "BTW/USDT", "CLO/USDT", "EPIC/USDT", "ESPORTS/USDT", "GALA/USDT"], "left": {"SIREN/USDT": 1781973660.7235167, "EIGEN/USDT": 1781974879.7151213, "AGT/USDT": 1781977705.1725569, "BLESS/USDT": 1781977866.4434419, "LAB/USDT": 1781979064.0318177}, "vals": {"BTW/USDT": 80.09, "BEL/USDT": 43.9, "ESPORTS/USDT": 12.69, "GALA/USDT": 6.84, "CLO/USDT": 28.31, "BICO/USDT": 69.48, "EPIC/USDT": 8.51}}