{"set": ["BIO/USDT", "CLO/USDT", "FOLKS/USDT", "LAB/USDT", "VELVET/USDT", "XLM/USDT"], "left": {"HOME/USDT": 1781787725.655748, "\u9f99\u867e/USDT": 1781794001.5678475, "AGT/USDT": 1781802703.5421944, "H/USDT": 1781803907.6361732, "BTW/USDT": 1781806601.9071543, "SKYAI/USDT": 1781808099.7619479}, "vals": {"VELVET/USDT": 62.23, "LAB/USDT": 30.25, "CLO/USDT": 16.81, "XLM/USDT": 3.42, "FOLKS/USDT": 5.48, "BIO/USDT": 4.41}}