{"set": ["GUA/USDT", "TAC/USDT"], "left": {"DOGE/USDT": 1783022216.0976863, "O/USDT": 1783033568.7476747, "GRAM/USDT": 1783036900.9390414, "ENA/USDT": 1783036900.9390414, "PEPE/USDT": 1783036900.9390414, "XRP/USDT": 1783036900.9390414, "M/USDT": 1783036900.9390414, "UB/USDT": 1783036900.9390414, "SLX/USDT": 1783036900.9390414, "BEAT/USDT": 1783036900.9390414, "ADA/USDT": 1783036900.9390414, "PIPPIN/USDT": 1783037159.1393886, "TAIKO/USDT": 1783037159.1393886, "RAVE/USDT": 1783037159.1393886, "RIF/USDT": 1783037159.1393886, "LAB/USDT": 1783037159.1393886, "MAGMA/USDT": 1783037159.1393886, "FARTCOIN/USDT": 1783037159.1393886, "BREV/USDT": 1783038066.7766657, "TLM/USDT": 1783038066.7766657, "BIRB/USDT": 1783038354.533128, "BASED/USDT": 1783040754.4473329}, "vals": {"GUA/USDT": 16.85, "TAC/USDT": 3.45}}