{"set": ["ACT/USDT", "AGLD/USDT", "O/USDT", "RAVE/USDT", "RE/USDT", "TAC/USDT", "UB/USDT"], "left": {"WIF/USDT": 1782748298.6996446, "GWEI/USDT": 1782751299.420819, "BEAT/USDT": 1782752518.4309266, "ADA/USDT": 1782755498.7968976, "ENA/USDT": 1782758799.5168116}, "vals": {"TAC/USDT": 166.61, "UB/USDT": 39.41, "RAVE/USDT": 32.79, "ACT/USDT": 16.27, "O/USDT": 8.89, "RE/USDT": 30.53, "AGLD/USDT": 15.82}}