{"set": ["ASTEROID/USDT", "BSB/USDT", "FARTCOIN/USDT", "JTO/USDT", "LAB/USDT", "OPG/USDT", "SKYAI/USDT", "SPACE/USDT", "UNI/USDT", "XLM/USDT"], "left": {"SIREN/USDT": 1781597485.4952133, "WLFI/USDT": 1781597485.4952133, "ZRO/USDT": 1781607718.8485653, "CHIP/USDT": 1781613111.0452197, "ENA/USDT": 1781615200.7178867, "VELVET/USDT": 1781617300.1079235}, "vals": {"ASTEROID/USDT": 18.76, "SPACE/USDT": 12.87, "LAB/USDT": 36.6, "OPG/USDT": 3.22, "SKYAI/USDT": 9.55, "XLM/USDT": 5.38, "BSB/USDT": 45.24, "JTO/USDT": 18.52, "UNI/USDT": 6.36, "FARTCOIN/USDT": 4.86}}