{"set": ["AKE/USDT", "BANK/USDT", "BILL/USDT", "ESPORTS/USDT", "ON/USDT", "RE/USDT", "RIF/USDT"], "left": {"SNXX/USDT": 1784832996.0208738, "INTC/USDT": 1784841393.8192284, "WLFI/USDT": 1784845876.5699863, "KAITO/USDT": 1784851293.2312274, "ZAMA/USDT": 1784851293.2312274, "IDOL/USDT": 1784851293.2312274, "BEAT/USDT": 1784851293.2312274, "B/USDT": 1784851567.6280499}, "vals": {"AKE/USDT": 10.38, "BANK/USDT": 6.31, "BILL/USDT": 17.83, "RIF/USDT": 7.68, "RE/USDT": 9.02, "ESPORTS/USDT": 28.02, "ON/USDT": 14.89}}