{"set": ["BR/USDT", "BTW/USDT", "ESPORTS/USDT", "EVAA/USDT", "SPX/USDT", "UNI/USDT", "\u9f99\u867e/USDT"], "left": {"H/USDT": 1781668262.6370485, "SKYAI/USDT": 1781669465.9265976, "SIREN/USDT": 1781672760.9604423, "BEAT/USDT": 1781673664.3652246, "SPACE/USDT": 1781676091.3308692, "BLESS/USDT": 1781676970.9589026, "XLM/USDT": 1781679375.7491107, "LAB/USDT": 1781679681.9471526}, "vals": {"\u9f99\u867e/USDT": 5.28, "BR/USDT": 8.4, "SPX/USDT": 20.79, "BTW/USDT": 18.86, "ESPORTS/USDT": 17.48, "UNI/USDT": 9.73, "EVAA/USDT": 9.69}}