{"set": ["ENA/USDT", "ERA/USDT", "ESPORTS/USDT", "NIGHT/USDT", "ONDO/USDT"], "left": {"BANK/USDT": 1784620901.218681, "B/USDT": 1784621474.4346163, "AKE/USDT": 1784625686.5113473, "US/USDT": 1784628170.5067914, "ADA/USDT": 1784628170.5067914}, "vals": {"ERA/USDT": 48.65, "ESPORTS/USDT": 24.1, "NIGHT/USDT": 4.99, "ENA/USDT": 4.16, "ONDO/USDT": 12.31}}