{"set": ["BEAT/USDT", "ESPORTS/USDT", "H/USDT", "SIREN/USDT", "SKYAI/USDT"], "left": {"BLESS/USDT": 1781732498.5417356, "CFX/USDT": 1781738757.260513, "BSB/USDT": 1781740871.493052, "ENA/USDT": 1781740871.493052, "XLM/USDT": 1781740871.493052, "SPX/USDT": 1781740871.493052, "AGT/USDT": 1781740871.493052, "XPL/USDT": 1781740871.493052, "CLO/USDT": 1781740871.493052, "ASTER/USDT": 1781740871.493052}, "vals": {"ESPORTS/USDT": 12.88, "SIREN/USDT": 4.05, "BEAT/USDT": 4.29, "H/USDT": 5.58, "SKYAI/USDT": 3.84}}