{"set": ["LAB/USDT", "US/USDT"], "left": {"BANK/USDT": 1784698861.5060885, "ERA/USDT": 1784709355.070792, "AKE/USDT": 1784709963.4797177}, "vals": {"US/USDT": 8.82, "LAB/USDT": 11.76}}