{"set": ["AKE/USDT"], "left": {"ADA/USDT": 1784332881.7501092, "US/USDT": 1784332881.7501092, "XEC/USDT": 1784333454.8118052, "LRC/USDT": 1784337665.1118386, "BILL/USDT": 1784338265.196659, "BANK/USDT": 1784349071.2925286, "ESPORTS/USDT": 1784354475.1167405}, "vals": {"AKE/USDT": 24.8}}