{"set": ["ENA/USDT", "ERA/USDT", "ESPORTS/USDT", "ONDO/USDT"], "left": {"BANK/USDT": 1784620901.218681, "B/USDT": 1784621474.4346163, "AKE/USDT": 1784625686.5113473, "NIGHT/USDT": 1784625969.6906936, "US/USDT": 1784628170.5067914, "ADA/USDT": 1784628170.5067914}, "vals": {"ERA/USDT": 45.48, "ESPORTS/USDT": 22.46, "ENA/USDT": 3.86, "ONDO/USDT": 12.71}}