{"set": ["ASTEROID/USDT", "BEAT/USDT", "CHIP/USDT", "CLO/USDT", "ESPORTS/USDT", "EVAA/USDT", "JCT/USDT", "JELLYJELLY/USDT", "SIREN/USDT", "SKYAI/USDT"], "left": {"TRADOOR/USDT": 1781481361.106416, "BTW/USDT": 1781481673.613035, "XRP/USDT": 1781481673.613035, "ADA/USDT": 1781481673.613035, "COAI/USDT": 1781484059.012646, "LAB/USDT": 1781486463.1124449, "OPG/USDT": 1781488257.9583573, "VELVET/USDT": 1781493062.1771092, "H/USDT": 1781499688.6071773}, "vals": {"ASTEROID/USDT": 96.64, "JCT/USDT": 7.86, "SIREN/USDT": 4.45, "CHIP/USDT": 7.52, "ESPORTS/USDT": 14.66, "JELLYJELLY/USDT": 6.85, "CLO/USDT": 28.24, "EVAA/USDT": 31.82, "BEAT/USDT": 4.41, "SKYAI/USDT": 3.24}}