{"set": ["BTW/USDT", "CAP/USDT", "LAB/USDT", "LIT/USDT", "NES/USDT", "TLM/USDT", "UB/USDT", "VANRY/USDT"], "left": {"HMSTR/USDT": 1783266363.6915896, "M/USDT": 1783269086.9972239, "MIRA/USDT": 1783278677.6371796, "WLFI/USDT": 1783279278.0503263, "VELVET/USDT": 1783285563.2113874}, "vals": {"UB/USDT": 16.22, "VANRY/USDT": 22.61, "CAP/USDT": 14.36, "LAB/USDT": 6.57, "BTW/USDT": 14.97, "NES/USDT": 21.55, "TLM/USDT": 42.9, "LIT/USDT": 8.91}}