{"set": ["AKE/USDT", "BANK/USDT", "ERA/USDT", "RIF/USDT"], "left": {"ONDO/USDT": 1784762466.1418607, "ENA/USDT": 1784764885.4666567, "LAB/USDT": 1784764885.4666567, "US/USDT": 1784764885.4666567, "NIGHT/USDT": 1784767858.7784984, "MIRA/USDT": 1784768153.5253203, "RE/USDT": 1784771754.1040137, "ZAMA/USDT": 1784779284.4919024}, "vals": {"AKE/USDT": 4.27, "BANK/USDT": 3.22, "ERA/USDT": 17.53, "RIF/USDT": 15.72}}