{"set": ["BAS/USDT", "GUA/USDT", "M/USDT", "MAGMA/USDT", "TLM/USDT"], "left": {"TAIKO/USDT": 1783045553.4454162, "ADA/USDT": 1783051553.579309, "NFP/USDT": 1783054882.8246603, "VELVET/USDT": 1783057559.6459973, "US/USDT": 1783065972.9090137, "TAC/USDT": 1783066278.9986367}, "vals": {"BAS/USDT": 10.15, "M/USDT": 8.59, "GUA/USDT": 10.25, "TLM/USDT": 9.63, "MAGMA/USDT": 4.84}}