{"set": ["BEL/USDT", "BICO/USDT", "BTW/USDT", "EPIC/USDT", "ESPORTS/USDT"], "left": {"BEAT/USDT": 1781944562.8452747, "UB/USDT": 1781944562.8452747, "HEI/USDT": 1781949681.8658605, "SKYAI/USDT": 1781951164.1377556, "AGT/USDT": 1781953861.097182, "GALA/USDT": 1781956887.6106508, "CLO/USDT": 1781964098.3209274, "EIGEN/USDT": 1781964659.4152844}, "vals": {"BTW/USDT": 57.17, "ESPORTS/USDT": 7.01, "BEL/USDT": 49.82, "BICO/USDT": 12.17, "EPIC/USDT": 9.51}}