{"set": ["ARB/USDT", "ENA/USDT", "EVAA/USDT", "PEPE/USDT", "SKL/USDT", "TAG/USDT", "VELVET/USDT"], "left": {"VANRY/USDT": 1783656092.6123552, "LAB/USDT": 1783657892.4873512, "US/USDT": 1783662079.4856043, "EDGEX/USDT": 1783665679.5733185}, "vals": {"PEPE/USDT": 3.03, "TAG/USDT": 14.43, "SKL/USDT": 36.98, "VELVET/USDT": 16.8, "ENA/USDT": 3.38, "EVAA/USDT": 18.3, "ARB/USDT": 6.68}}