{"set": ["ACE/USDT", "BANK/USDT", "ESPORTS/USDT", "HOME/USDT", "KAITO/USDT", "PI/USDT"], "left": {"BONK/USDT": 1784495464.7845154, "TLM/USDT": 1784505693.7150998, "B/USDT": 1784506264.8048582, "PUMPFUN/USDT": 1784506264.8048582, "AKE/USDT": 1784512260.9563913, "PEPE/USDT": 1784517062.9586895}, "vals": {"BANK/USDT": 6.53, "ESPORTS/USDT": 4.74, "HOME/USDT": 3.61, "KAITO/USDT": 5.28, "PI/USDT": 4.97, "ACE/USDT": 12.34}}