{"set": ["BEAT/USDT", "BEL/USDT", "LAB/USDT", "RESOLV/USDT", "SKYAI/USDT", "SLX/USDT"], "left": {"EVAA/USDT": 1782385286.939095, "BLESS/USDT": 1782388917.2101676, "BAS/USDT": 1782399723.952039, "WLFI/USDT": 1782399723.952039}, "vals": {"LAB/USDT": 10.61, "SLX/USDT": 22.53, "RESOLV/USDT": 15.03, "SKYAI/USDT": 12.57, "BEAT/USDT": 15.86, "BEL/USDT": 12.18}}