{"set": ["BEAT/USDT", "BSB/USDT", "BTW/USDT", "CLO/USDT", "HEI/USDT"], "left": {"VELVET/USDT": 1781861480.8552368, "SKYAI/USDT": 1781875296.5003781, "FOLKS/USDT": 1781877095.3719654}, "vals": {"BTW/USDT": 40.25, "CLO/USDT": 3.41, "BEAT/USDT": 20.43, "BSB/USDT": 3.15, "HEI/USDT": 27.95}}