{"set": ["AKE/USDT", "ERA/USDT", "LAB/USDT", "RE/USDT", "US/USDT"], "left": {"ADA/USDT": 1784735586.053402, "ENA/USDT": 1784735807.2442675, "ONDO/USDT": 1784735807.2442675}, "vals": {"AKE/USDT": 11.99, "ERA/USDT": 7.29, "US/USDT": 9.8, "LAB/USDT": 17.24, "RE/USDT": 19.52}}