{"set": ["BEAT/USDT", "BEL/USDT", "CLO/USDT", "ESPORTS/USDT", "LAB/USDT"], "left": {"BLESS/USDT": 1782266762.454853, "ID/USDT": 1782270078.2248478, "H/USDT": 1782278166.2508242, "BTW/USDT": 1782283259.7482293}, "vals": {"ESPORTS/USDT": 3.28, "LAB/USDT": 10.38, "CLO/USDT": 3.76, "BEAT/USDT": 12.12, "BEL/USDT": 9.55}}