{"set": ["BEAT/USDT", "BTW/USDT", "LAB/USDT", "O/USDT", "RAVE/USDT", "UB/USDT", "WIF/USDT"], "left": {"MYX/USDT": 1782612657.5769546, "PIEVERSE/USDT": 1782620755.9253287, "VELVET/USDT": 1782630666.8079455, "BAS/USDT": 1782632469.004419}, "vals": {"UB/USDT": 12.02, "LAB/USDT": 6.7, "BTW/USDT": 5.7, "RAVE/USDT": 9.5, "O/USDT": 31.24, "BEAT/USDT": 7.98, "WIF/USDT": 3.01}}