{"set": ["CHIP/USDT", "CLO/USDT", "ESPORTS/USDT", "H/USDT", "JCT/USDT", "JELLYJELLY/USDT", "SIREN/USDT"], "left": {"TRADOOR/USDT": 1781481361.106416, "BTW/USDT": 1781481673.613035, "XRP/USDT": 1781481673.613035, "SKYAI/USDT": 1781481673.613035, "ADA/USDT": 1781481673.613035, "COAI/USDT": 1781484059.012646, "LAB/USDT": 1781486463.1124449, "OPG/USDT": 1781488257.9583573, "BEAT/USDT": 1781490960.807529, "EVAA/USDT": 1781492769.3099172, "VELVET/USDT": 1781493062.1771092}, "vals": {"JCT/USDT": 6.1, "SIREN/USDT": 6.28, "CHIP/USDT": 5.42, "ESPORTS/USDT": 6.61, "JELLYJELLY/USDT": 5.79, "H/USDT": 6.36, "CLO/USDT": 24.24}}