{"set": ["ACT/USDT", "BEAT/USDT", "O/USDT", "RAVE/USDT", "RE/USDT", "TAC/USDT", "UB/USDT"], "left": {"WIF/USDT": 1782748298.6996446, "ENA/USDT": 1782750707.4680166, "GWEI/USDT": 1782751299.420819}, "vals": {"TAC/USDT": 150.62, "UB/USDT": 27.96, "RAVE/USDT": 28.95, "ACT/USDT": 12.09, "O/USDT": 12.58, "RE/USDT": 28.17, "BEAT/USDT": 6.98}}