{"set": ["AGLD/USDT", "LAB/USDT", "SLX/USDT", "VELVET/USDT"], "left": {"H/USDT": 1782514894.6638541, "JTO/USDT": 1782518468.9153395, "ESPORTS/USDT": 1782518468.9153395, "BEAT/USDT": 1782518468.9153395, "ADA/USDT": 1782518468.9153395, "G/USDT": 1782518764.362656, "UB/USDT": 1782519069.0075705, "SKYAI/USDT": 1782519069.0075705, "WIF/USDT": 1782519069.0075705, "FARTCOIN/USDT": 1782519069.0075705, "PUMPFUN/USDT": 1782519069.0075705, "BAS/USDT": 1782519366.7886963, "MAGMA/USDT": 1782524154.584367}, "vals": {"VELVET/USDT": 9.02, "LAB/USDT": 3.45, "AGLD/USDT": 6.14, "SLX/USDT": 11.33}}