{"set": ["ADA/USDT", "BASED/USDT", "BEAT/USDT", "BTW/USDT", "M/USDT", "SKYAI/USDT", "TAIKO/USDT", "XLM/USDT"], "left": {"TAC/USDT": 1782866152.8073266, "AIGENSYN/USDT": 1782870962.4996216, "H/USDT": 1782878264.681469, "BAS/USDT": 1782879364.6226685, "RAVE/USDT": 1782880563.4311125, "RE/USDT": 1782882087.2449737}, "vals": {"BTW/USDT": 21.55, "BASED/USDT": 3.69, "M/USDT": 4.34, "TAIKO/USDT": 8.66, "XLM/USDT": 4.98, "ADA/USDT": 4.85, "BEAT/USDT": 17.86, "SKYAI/USDT": 8.83}}