{"set": ["B/USDT", "CLO/USDT", "T/USDT", "VANRY/USDT"], "left": {"VIRTUAL/USDT": 1783830955.5822108, "ARB/USDT": 1783843886.3491313, "XPIN/USDT": 1783846554.796885, "SKYAI/USDT": 1783847760.1649373}, "vals": {"T/USDT": 10.82, "B/USDT": 14.76, "CLO/USDT": 9.81, "VANRY/USDT": 16.45}}