{"set": ["BANK/USDT", "ERA/USDT", "ESPORTS/USDT", "RE/USDT"], "left": {"INTC/USDT": 1784841393.8192284, "WLFI/USDT": 1784845876.5699863, "KAITO/USDT": 1784851293.2312274, "IDOL/USDT": 1784851293.2312274, "BEAT/USDT": 1784851293.2312274, "B/USDT": 1784851567.6280499, "AKE/USDT": 1784852753.7318985, "ON/USDT": 1784852753.7318985, "BILL/USDT": 1784852753.7318985, "LAB/USDT": 1784855763.4696994, "ZAMA/USDT": 1784856957.7212021, "RIF/USDT": 1784857260.3041213}, "vals": {"BANK/USDT": 6.15, "ESPORTS/USDT": 3.29, "ERA/USDT": 5.68, "RE/USDT": 10.52}}