{"set": ["TAC/USDT", "US/USDT"], "left": {"KAITO/USDT": 1783631165.7486725, "ENA/USDT": 1783638688.140897, "ESPORTS/USDT": 1783641690.7023995, "BASED/USDT": 1783641690.7023995, "ARB/USDT": 1783641690.7023995, "EDGEX/USDT": 1783641690.7023995, "SKYAI/USDT": 1783641690.7023995, "TAG/USDT": 1783642875.996641}, "vals": {"US/USDT": 3.07, "TAC/USDT": 6.75}}