{"set": ["GUA/USDT", "M/USDT", "MAGMA/USDT", "TLM/USDT", "VELVET/USDT"], "left": {"GRAM/USDT": 1783036900.9390414, "ENA/USDT": 1783036900.9390414, "PEPE/USDT": 1783036900.9390414, "XRP/USDT": 1783036900.9390414, "UB/USDT": 1783036900.9390414, "SLX/USDT": 1783036900.9390414, "BEAT/USDT": 1783036900.9390414, "PIPPIN/USDT": 1783037159.1393886, "RAVE/USDT": 1783037159.1393886, "RIF/USDT": 1783037159.1393886, "LAB/USDT": 1783037159.1393886, "FARTCOIN/USDT": 1783037159.1393886, "BREV/USDT": 1783038066.7766657, "BIRB/USDT": 1783038354.533128, "BASED/USDT": 1783040754.4473329, "SKYAI/USDT": 1783042550.1302118, "TAIKO/USDT": 1783045553.4454162, "TAC/USDT": 1783047063.9617968, "ADA/USDT": 1783051553.579309, "NFP/USDT": 1783054882.8246603, "US/USDT": 1783056678.734958}, "vals": {"VELVET/USDT": 3.09, "M/USDT": 6.35, "GUA/USDT": 13.3, "TLM/USDT": 13.24, "MAGMA/USDT": 8.48}}