{"set": ["AGT/USDT", "ASTER/USDT", "BSB/USDT", "BTW/USDT", "ENA/USDT", "ESPORTS/USDT", "SPX/USDT", "XLM/USDT", "XPL/USDT"], "left": {"\u9f99\u867e/USDT": 1781693503.6220849, "UNI/USDT": 1781694395.6005182, "BR/USDT": 1781704931.8404937, "SIREN/USDT": 1781706106.1390588, "BLESS/USDT": 1781710323.9604726}, "vals": {"AGT/USDT": 105.68, "ESPORTS/USDT": 27.76, "SPX/USDT": 12.93, "ASTER/USDT": 15.69, "BTW/USDT": 4.8, "XPL/USDT": 28.31, "BSB/USDT": 7.55, "ENA/USDT": 6.35, "XLM/USDT": 5.53}}