{"set": ["AIGENSYN/USDT", "BTW/USDT", "VELVET/USDT"], "left": {"AGLD/USDT": 1782777687.2265365, "RAVE/USDT": 1782777687.2265365, "PUMPFUN/USDT": 1782777967.3393908, "UB/USDT": 1782778255.6105034, "TAC/USDT": 1782778255.6105034, "POWR/USDT": 1782778255.6105034, "RE/USDT": 1782780949.2516375, "ESPORTS/USDT": 1782781854.0830033, "GWEI/USDT": 1782784258.0603638, "ACT/USDT": 1782786351.228581, "SYN/USDT": 1782789055.986647, "KAS/USDT": 1782789055.986647, "XLM/USDT": 1782789055.986647, "BAS/USDT": 1782792959.6378183, "BEAT/USDT": 1782793259.0445502, "O/USDT": 1782797758.5825481}, "vals": {"AIGENSYN/USDT": 26.54, "VELVET/USDT": 7.26, "BTW/USDT": 19.1}}