{"set": ["ACE/USDT", "BANK/USDT", "BONK/USDT", "PI/USDT", "PROM/USDT"], "left": {"PEPE/USDT": 1784548567.946957, "AVAAI/USDT": 1784549465.5360234, "ENA/USDT": 1784554878.473591, "KAITO/USDT": 1784555764.3856475, "HOME/USDT": 1784556108.9179082}, "vals": {"BONK/USDT": 7.43, "BANK/USDT": 26.62, "ACE/USDT": 42.94, "PROM/USDT": 41.09, "PI/USDT": 7.34}}