{"set": ["AKE/USDT", "BEAT/USDT", "PUMP/USDT", "RAVE/USDT", "US/USDT"], "left": {"PI/USDT": 1784127397.6196728, "BSB/USDT": 1784133132.2227702, "VANRY/USDT": 1784148403.7112467}, "vals": {"AKE/USDT": 259.48, "PUMP/USDT": 9.32, "US/USDT": 30.21, "RAVE/USDT": 13.21, "BEAT/USDT": 4.97}}