{"set": ["AKE/USDT", "BANK/USDT", "ESPORTS/USDT", "KAITO/USDT"], "left": {"CRO/USDT": 1784260880.8118584, "SKYAI/USDT": 1784269265.0068219, "US/USDT": 1784274962.0930705, "TAC/USDT": 1784275556.5844533}, "vals": {"AKE/USDT": 14.15, "BANK/USDT": 21.33, "ESPORTS/USDT": 3.27, "KAITO/USDT": 4.21}}