{"set": ["BEAT/USDT", "CLO/USDT", "ESPORTS/USDT", "H/USDT", "LAB/USDT", "SIREN/USDT", "SKYAI/USDT"], "left": {"CFX/USDT": 1781738757.260513, "BSB/USDT": 1781740871.493052, "SPX/USDT": 1781740871.493052, "AGT/USDT": 1781740871.493052, "XPL/USDT": 1781740871.493052, "ASTER/USDT": 1781740871.493052, "ENA/USDT": 1781750162.3179739, "BIO/USDT": 1781754965.8192444, "XLM/USDT": 1781758879.5410872}, "vals": {"ESPORTS/USDT": 6.58, "SIREN/USDT": 6.2, "LAB/USDT": 9.95, "CLO/USDT": 12.12, "BEAT/USDT": 3.05, "H/USDT": 10.9, "SKYAI/USDT": 9.07}}