{"set": ["BEAT/USDT", "EPIC/USDT", "LAB/USDT", "TNSR/USDT", "UB/USDT"], "left": {"ESPORTS/USDT": 1782039356.6699903, "ENA/USDT": 1782040857.9481757, "SIREN/USDT": 1782046878.837981}, "vals": {"UB/USDT": 32.47, "TNSR/USDT": 68.99, "LAB/USDT": 12.51, "EPIC/USDT": 11.79, "BEAT/USDT": 3.24}}