{"set": ["ADA/USDT", "ARPA/USDT", "DOGE/USDT", "GUA/USDT", "MAGMA/USDT", "PEPE/USDT", "THE/USDT", "TLM/USDT", "XPL/USDT", "ZKP/USDT"], "left": {"M/USDT": 1783077676.7961626, "BAS/USDT": 1783093300.9886749, "XRP/USDT": 1783094526.7540724, "PIPPIN/USDT": 1783096596.9146833, "ENA/USDT": 1783098997.792655}, "vals": {"PEPE/USDT": 5.49, "ARPA/USDT": 34.38, "ZKP/USDT": 25.91, "THE/USDT": 9.74, "MAGMA/USDT": 29.68, "GUA/USDT": 19.83, "TLM/USDT": 12.49, "XPL/USDT": 17.1, "ADA/USDT": 8.67, "DOGE/USDT": 3.21}}