{"set": ["AIGENSYN/USDT", "BAS/USDT", "TAC/USDT", "XLM/USDT"], "left": {"VELVET/USDT": 1782858063.506421, "BEAT/USDT": 1782864086.2911942, "BTW/USDT": 1782864086.2911942, "H/USDT": 1782864086.2911942, "M/USDT": 1782864086.2911942}, "vals": {"BAS/USDT": 5.54, "AIGENSYN/USDT": 12.12, "TAC/USDT": 6.14, "XLM/USDT": 4.09}}