{"set": ["AIGENSYN/USDT", "BTW/USDT", "H/USDT", "TAIKO/USDT"], "left": {"VELVET/USDT": 1782858063.506421, "M/USDT": 1782864086.2911942, "BAS/USDT": 1782864352.1316218, "TAC/USDT": 1782866152.8073266, "XLM/USDT": 1782866765.290094, "BEAT/USDT": 1782867058.0822861}, "vals": {"AIGENSYN/USDT": 5.35, "BTW/USDT": 14.78, "TAIKO/USDT": 5.73, "H/USDT": 3.46}}