{"set": ["NES/USDT", "OPG/USDT", "TLM/USDT", "WLFI/USDT"], "left": {"LAB/USDT": 1783405900.8362122, "EPIC/USDT": 1783410365.9587643, "VANRY/USDT": 1783410952.853745}, "vals": {"OPG/USDT": 20.16, "NES/USDT": 7.38, "WLFI/USDT": 3.6, "TLM/USDT": 15.97}}