{"set": ["AIGENSYN/USDT", "BTW/USDT", "RE/USDT", "TAIKO/USDT", "XLM/USDT"], "left": {"VELVET/USDT": 1782858063.506421, "M/USDT": 1782864086.2911942, "BAS/USDT": 1782864352.1316218, "TAC/USDT": 1782866152.8073266, "BEAT/USDT": 1782867058.0822861, "H/USDT": 1782867354.088253}, "vals": {"AIGENSYN/USDT": 6.5, "BTW/USDT": 17.08, "TAIKO/USDT": 5.1, "XLM/USDT": 3.07, "RE/USDT": 3.57}}