{"set": ["AIGENSYN/USDT", "BTW/USDT", "H/USDT", "TAC/USDT"], "left": {"CAP/USDT": 1782805859.594563, "MYX/USDT": 1782805859.594563, "KAS/USDT": 1782805859.594563, "SYN/USDT": 1782805859.594563, "XLM/USDT": 1782809160.032642, "BSB/USDT": 1782820889.3240445}, "vals": {"AIGENSYN/USDT": 14.51, "TAC/USDT": 4.27, "BTW/USDT": 28.78, "H/USDT": 8.03}}