{"set": ["ADA/USDT", "ARPA/USDT", "MAGMA/USDT", "PEPE/USDT", "THE/USDT", "TLM/USDT", "XPL/USDT", "ZKP/USDT"], "left": {"US/USDT": 1783076497.9331872, "M/USDT": 1783077676.7961626, "GUA/USDT": 1783090924.7562869, "XRP/USDT": 1783092994.5928607, "BAS/USDT": 1783093300.9886749, "DOGE/USDT": 1783093598.7960095, "ENA/USDT": 1783093900.4055955}, "vals": {"PEPE/USDT": 4.42, "ARPA/USDT": 33.45, "ZKP/USDT": 27.59, "THE/USDT": 18.24, "MAGMA/USDT": 3.77, "TLM/USDT": 6.09, "XPL/USDT": 16.41, "ADA/USDT": 6.63}}