{"set": ["EVAA/USDT", "KAITO/USDT", "NES/USDT", "SLX/USDT", "VANRY/USDT"], "left": {"CLO/USDT": 1783526794.2447305, "LDO/USDT": 1783535191.2500618, "UNI/USDT": 1783542991.504887, "EDGEX/USDT": 1783543319.9738119}, "vals": {"VANRY/USDT": 10.12, "NES/USDT": 3.11, "KAITO/USDT": 9.2, "EVAA/USDT": 3.84, "SLX/USDT": 9.69}}