{"set": ["EDGEX/USDT", "EVAA/USDT", "LAB/USDT", "NES/USDT", "SKYAI/USDT"], "left": {"OPG/USDT": 1783468890.0904126, "BLUR/USDT": 1783469755.6902192, "TLM/USDT": 1783470958.6890893, "US/USDT": 1783472500.8082616, "EPIC/USDT": 1783472763.583454}, "vals": {"LAB/USDT": 13.57, "EDGEX/USDT": 3.65, "NES/USDT": 3.44, "SKYAI/USDT": 3.89, "EVAA/USDT": 8.16}}