{"set": ["BEAT/USDT", "EPIC/USDT", "LAB/USDT", "TNSR/USDT", "UB/USDT"], "left": {"ESPORTS/USDT": 1782039356.6699903, "ENA/USDT": 1782040857.9481757, "SIREN/USDT": 1782054081.0560644, "RESOLV/USDT": 1782054356.562036}, "vals": {"UB/USDT": 31.64, "TNSR/USDT": 57.77, "LAB/USDT": 4.06, "EPIC/USDT": 11.61, "BEAT/USDT": 4.03}}