{"set": ["NASDAQ:HIHO", "NASDAQ:RDGT", "NASDAQ:VIVK"], "left": {"NASDAQ:SKYQ": 1784707291.5043178, "NASDAQ:ADVB": 1784707291.5043178, "NASDAQ:ZYBT": 1784707291.5043178, "NASDAQ:BIYA": 1784707291.5043178}, "vals": {"NASDAQ:VIVK": 175.14, "NASDAQ:HIHO": 48.45, "NASDAQ:RDGT": 13.92}}