{"set": ["ERA/USDT", "RIF/USDT"], "left": {"BONK/USDT": 1784745117.2059247, "AKE/USDT": 1784757065.4395466, "ONDO/USDT": 1784762466.1418607, "MIRA/USDT": 1784764885.4666567, "ENA/USDT": 1784764885.4666567, "LAB/USDT": 1784764885.4666567, "US/USDT": 1784764885.4666567, "RE/USDT": 1784764885.4666567, "ZAMA/USDT": 1784766055.7059734, "NIGHT/USDT": 1784766055.7059734, "BANK/USDT": 1784766055.7059734}, "vals": {"ERA/USDT": 4.64, "RIF/USDT": 3.3}}