{"set": ["B/USDT", "BEAT/USDT", "HOME/USDT", "RE/USDT", "US/USDT"], "left": {"BANK/USDT": 1784858155.9180408, "ERA/USDT": 1784870459.8763897, "AKE/USDT": 1784874371.8867524, "ESPORTS/USDT": 1784878865.383437}, "vals": {"HOME/USDT": 12.52, "US/USDT": 11.38, "RE/USDT": 21.52, "B/USDT": 4.21, "BEAT/USDT": 15.61}}