{"set": ["BTW/USDT", "CLO/USDT", "ESPORTS/USDT", "LAYER/USDT", "MMT/USDT", "RESOLV/USDT"], "left": {"H/USDT": 1782193564.0633771, "HMSTR/USDT": 1782194477.5189312, "ID/USDT": 1782203167.1947546, "BEL/USDT": 1782203478.1150124, "FOLKS/USDT": 1782206171.7866685}, "vals": {"BTW/USDT": 4.17, "RESOLV/USDT": 19.21, "MMT/USDT": 3.88, "ESPORTS/USDT": 15.41, "CLO/USDT": 3.31, "LAYER/USDT": 8.82}}