{"set": ["BANK/USDT", "ERA/USDT", "ESPORTS/USDT", "RE/USDT", "RIF/USDT"], "left": {"INTC/USDT": 1784841393.8192284, "WLFI/USDT": 1784845876.5699863, "KAITO/USDT": 1784851293.2312274, "IDOL/USDT": 1784851293.2312274, "BEAT/USDT": 1784851293.2312274, "B/USDT": 1784851567.6280499, "AKE/USDT": 1784852753.7318985, "ON/USDT": 1784852753.7318985, "BILL/USDT": 1784852753.7318985, "LAB/USDT": 1784855763.4696994, "ZAMA/USDT": 1784856957.7212021}, "vals": {"BANK/USDT": 8.18, "RIF/USDT": 3.64, "ESPORTS/USDT": 3.61, "ERA/USDT": 5.79, "RE/USDT": 8.35}}