{"set": ["ASTER/USDT", "BSB/USDT", "BTW/USDT", "ENA/USDT", "ESPORTS/USDT", "SPX/USDT", "XLM/USDT", "XPL/USDT"], "left": {"\u9f99\u867e/USDT": 1781693503.6220849, "UNI/USDT": 1781694395.6005182, "BR/USDT": 1781704931.8404937, "SIREN/USDT": 1781706106.1390588}, "vals": {"ESPORTS/USDT": 24.69, "SPX/USDT": 13.13, "BTW/USDT": 8.53, "ASTER/USDT": 13.89, "XPL/USDT": 26.33, "BSB/USDT": 8.74, "ENA/USDT": 4.77, "XLM/USDT": 4.16}}