{"set": ["BEL/USDT", "G/USDT", "LAB/USDT", "SLX/USDT"], "left": {"H/USDT": 1782278166.2508242, "ESPORTS/USDT": 1782285955.3146243, "BTW/USDT": 1782288361.8589675, "BEAT/USDT": 1782288361.8589675, "CLO/USDT": 1782294664.5462575}, "vals": {"G/USDT": 11.23, "LAB/USDT": 10.52, "SLX/USDT": 21.97, "BEL/USDT": 8.11}}