{"set": ["ADA/USDT", "BAS/USDT", "HMSTR/USDT", "LAB/USDT", "MIRA/USDT", "TAC/USDT", "VANRY/USDT", "VELVET/USDT"], "left": {"XPL/USDT": 1783184489.3585856, "TLM/USDT": 1783191361.11306, "XLM/USDT": 1783195878.1479638, "XRP/USDT": 1783196478.0427783, "ARPA/USDT": 1783198560.5781913}, "vals": {"HMSTR/USDT": 36.61, "VANRY/USDT": 50.61, "LAB/USDT": 168.44, "BAS/USDT": 15.85, "VELVET/USDT": 23.56, "MIRA/USDT": 13.67, "ADA/USDT": 6.51, "TAC/USDT": 5.82}}