{"set": ["AIGENSYN/USDT", "BASED/USDT", "BTW/USDT", "H/USDT", "RE/USDT", "XLM/USDT"], "left": {"VELVET/USDT": 1782858063.506421, "M/USDT": 1782864086.2911942, "BAS/USDT": 1782864352.1316218, "TAC/USDT": 1782866152.8073266, "BEAT/USDT": 1782867058.0822861, "TAIKO/USDT": 1782867955.2676673}, "vals": {"AIGENSYN/USDT": 4.18, "BTW/USDT": 14.03, "BASED/USDT": 3.21, "XLM/USDT": 3.94, "RE/USDT": 3.56, "H/USDT": 4.62}}