{"set": ["BAS/USDT", "BEAT/USDT", "ESPORTS/USDT", "EVAA/USDT", "LAB/USDT", "RESOLV/USDT", "SLX/USDT"], "left": {"CLO/USDT": 1782349281.2013028, "SAHARA/USDT": 1782350757.2498891, "ID/USDT": 1782356478.811467, "BTW/USDT": 1782358562.166448, "H/USDT": 1782368471.936562, "SKYAI/USDT": 1782369362.731439}, "vals": {"BAS/USDT": 10.53, "LAB/USDT": 6.93, "SLX/USDT": 10.33, "ESPORTS/USDT": 10.43, "RESOLV/USDT": 9.88, "BEAT/USDT": 5.54, "EVAA/USDT": 5.35}}