{"set": ["ADA/USDT", "ARPA/USDT", "BAS/USDT", "PEPE/USDT", "THE/USDT", "ZKP/USDT"], "left": {"US/USDT": 1783076497.9331872, "M/USDT": 1783077676.7961626, "MAGMA/USDT": 1783084303.3080373, "TLM/USDT": 1783086711.4939227, "GUA/USDT": 1783087322.911763, "DOGE/USDT": 1783088197.7106144}, "vals": {"PEPE/USDT": 4.01, "ARPA/USDT": 33.07, "ZKP/USDT": 22.9, "BAS/USDT": 23.85, "THE/USDT": 5.41, "ADA/USDT": 5.82}}