{"NASDAQ:PPCB": 1781395294.0570352, "NASDAQ:RKDA": 1781395294.0570352, "NASDAQ:VRA": 1781395294.0570352, "NASDAQ:GLXG": 1781395294.0570352, "AMEX:TMDE": 1781395294.0570352, "NASDAQ:MTEN": 1781395294.0570352}