{"set": ["ESPORTS/USDT", "H/USDT", "LAB/USDT"], "left": {"SIREN/USDT": 1781419275.604243, "MEGA/USDT": 1781430421.0614576, "JCT/USDT": 1781430726.673498, "COAI/USDT": 1781430726.673498, "SKYAI/USDT": 1781434601.3338828, "XPL/USDT": 1781434933.697731, "BTW/USDT": 1781437290.1562235, "VELVET/USDT": 1781437290.1562235}, "vals": {"ESPORTS/USDT": 6.5, "H/USDT": 72.47, "LAB/USDT": 4.63}}