{"set": ["NASDAQ:BJDX"], "left": {"NYSE:PEW": 1783497713.1893256, "NASDAQ:KIDZ": 1783497713.1893256, "NASDAQ:WXM": 1783497713.1893256, "NASDAQ:LHSW": 1783497713.1893256, "NASDAQ:JLHL": 1783497713.1893256, "NASDAQ:LUCY": 1783497713.1893256, "NASDAQ:ZCMD": 1783497713.1893256, "NASDAQ:CRE": 1783497713.1893256, "NASDAQ:SPHL": 1783497713.1893256, "NASDAQ:CLRO": 1783499496.1213133, "NASDAQ:SKYQ": 1783499496.1213133, "NASDAQ:TDIC": 1783499496.1213133}, "vals": {"NASDAQ:BJDX": 31.9}}