{"set": ["ARB/USDT", "B/USDT", "CLO/USDT", "T/USDT", "VANRY/USDT", "XPIN/USDT"], "left": {"SXT/USDT": 1783820756.6568308, "SKL/USDT": 1783821077.7561285, "VIRTUAL/USDT": 1783830955.5822108}, "vals": {"XPIN/USDT": 3.55, "T/USDT": 12.4, "B/USDT": 13.57, "CLO/USDT": 3.52, "VANRY/USDT": 25.95, "ARB/USDT": 3.49}}