{"set": ["ARB/USDT", "BASED/USDT", "SKYAI/USDT", "TAG/USDT", "VANRY/USDT"], "left": {"UNI/USDT": 1783592763.5796893, "EDGEX/USDT": 1783603011.964125, "ENA/USDT": 1783611999.8889506, "KAITO/USDT": 1783613852.2735386}, "vals": {"TAG/USDT": 3.72, "VANRY/USDT": 5.24, "SKYAI/USDT": 8.1, "BASED/USDT": 22.76, "ARB/USDT": 12.09}}