{"set": ["BR/USDT", "BTW/USDT", "ESPORTS/USDT", "EVAA/USDT", "SPX/USDT", "UNI/USDT", "XLM/USDT", "\u9f99\u867e/USDT"], "left": {"H/USDT": 1781668262.6370485, "SKYAI/USDT": 1781669465.9265976, "SIREN/USDT": 1781672760.9604423, "BEAT/USDT": 1781673664.3652246, "SPACE/USDT": 1781676091.3308692, "BLESS/USDT": 1781676970.9589026, "LAB/USDT": 1781678167.1278934}, "vals": {"\u9f99\u867e/USDT": 4.53, "BR/USDT": 5.91, "SPX/USDT": 26.22, "BTW/USDT": 18.8, "ESPORTS/USDT": 19.61, "XLM/USDT": 3.93, "UNI/USDT": 10.16, "EVAA/USDT": 11.57}}