{"set": ["BIO/USDT", "CLO/USDT", "H/USDT", "HOME/USDT", "LAB/USDT", "SKYAI/USDT", "XLM/USDT"], "left": {"ENA/USDT": 1781750162.3179739, "BEAT/USDT": 1781759162.5846694, "SIREN/USDT": 1781760061.2154665, "BTW/USDT": 1781769705.2642832, "ESPORTS/USDT": 1781769975.5523722}, "vals": {"HOME/USDT": 21.58, "LAB/USDT": 14.05, "CLO/USDT": 15.51, "H/USDT": 4.92, "SKYAI/USDT": 9.03, "XLM/USDT": 6.08, "BIO/USDT": 3.77}}