{"set": ["ADA/USDT", "BSB/USDT", "DOGE/USDT", "ENA/USDT", "LAB/USDT", "TRIA/USDT", "XRP/USDT"], "left": {"BILL/USDT": 1784031969.7101521, "B/USDT": 1784037712.4609885, "PI/USDT": 1784047000.387953, "PEPE/USDT": 1784053007.057894}, "vals": {"TRIA/USDT": 11.23, "LAB/USDT": 28.11, "ENA/USDT": 6.96, "ADA/USDT": 3.49, "XRP/USDT": 3.44, "DOGE/USDT": 3.32, "BSB/USDT": 44.04}}