{"set": ["BEL/USDT", "LAB/USDT", "O/USDT", "SLX/USDT"], "left": {"BTW/USDT": 1782288361.8589675, "BEAT/USDT": 1782288361.8589675, "G/USDT": 1782302490.2419248, "CLO/USDT": 1782305763.848005, "BLESS/USDT": 1782306969.3825095}, "vals": {"LAB/USDT": 19.5, "SLX/USDT": 19.18, "O/USDT": 21.89, "BEL/USDT": 3.26}}