{"set": ["ACE/USDT", "BANK/USDT", "BONK/USDT", "KAITO/USDT", "PI/USDT"], "left": {"ESPORTS/USDT": 1784523357.0800269, "TLM/USDT": 1784527554.2372587, "AVAAI/USDT": 1784542565.6847672, "HOME/USDT": 1784542565.6847672}, "vals": {"BONK/USDT": 8.98, "BANK/USDT": 20.44, "ACE/USDT": 63.7, "KAITO/USDT": 3.67, "PI/USDT": 7.88}}