{"set": ["AKE/USDT", "BEAT/USDT", "PUMP/USDT", "RAVE/USDT", "US/USDT", "VANRY/USDT"], "left": {"KAITO/USDT": 1784117169.435723, "PEPE/USDT": 1784123508.6452532, "PI/USDT": 1784127397.6196728, "BSB/USDT": 1784133132.2227702}, "vals": {"AKE/USDT": 281.45, "PUMP/USDT": 10.84, "US/USDT": 31.29, "RAVE/USDT": 12.42, "VANRY/USDT": 4.0, "BEAT/USDT": 5.82}}