{"set": ["ESPORTS/USDT", "US/USDT"], "left": {"LAB/USDT": 1784419277.0800655, "AVAAI/USDT": 1784419277.0800655, "B/USDT": 1784420159.8236463, "BILL/USDT": 1784420159.8236463, "FARTCOIN/USDT": 1784420159.8236463, "BANK/USDT": 1784420159.8236463, "KAITO/USDT": 1784421070.954583, "AKE/USDT": 1784421070.954583}, "vals": {"ESPORTS/USDT": 7.15, "US/USDT": 3.9}}