{"set": ["BANK/USDT", "ENA/USDT", "ERA/USDT", "LAB/USDT", "MIRA/USDT", "RE/USDT", "US/USDT"], "left": {"ADA/USDT": 1784742701.6604655, "BONK/USDT": 1784745117.2059247, "AKE/USDT": 1784757065.4395466, "ONDO/USDT": 1784762466.1418607}, "vals": {"BANK/USDT": 23.44, "ERA/USDT": 6.64, "US/USDT": 8.23, "LAB/USDT": 12.84, "RE/USDT": 20.41, "MIRA/USDT": 16.36, "ENA/USDT": 3.76}}