{"set": ["KAITO/USDT", "SKYAI/USDT", "TAG/USDT", "VANRY/USDT"], "left": {"CLO/USDT": 1783587968.868174, "POWER/USDT": 1783589763.6256015, "UNI/USDT": 1783592763.5796893, "ENA/USDT": 1783592763.5796893, "EDGEX/USDT": 1783602180.8526933}, "vals": {"TAG/USDT": 66.71, "VANRY/USDT": 14.94, "SKYAI/USDT": 7.9, "KAITO/USDT": 4.8}}