{"set": ["GUA/USDT", "M/USDT", "MAGMA/USDT", "TLM/USDT", "US/USDT"], "left": {"BREV/USDT": 1783038066.7766657, "BIRB/USDT": 1783038354.533128, "BASED/USDT": 1783040754.4473329, "SKYAI/USDT": 1783042550.1302118, "TAIKO/USDT": 1783045553.4454162, "TAC/USDT": 1783047063.9617968, "ADA/USDT": 1783051553.579309, "NFP/USDT": 1783054882.8246603, "VELVET/USDT": 1783057559.6459973}, "vals": {"US/USDT": 3.89, "M/USDT": 10.55, "GUA/USDT": 11.13, "TLM/USDT": 20.07, "MAGMA/USDT": 5.34}}