{"set": ["BEAT/USDT", "MAGMA/USDT", "VELVET/USDT"], "left": {"PEPE/USDT": 1783890961.1996794, "CLO/USDT": 1783900898.0197139, "VANRY/USDT": 1783900898.0197139, "PIPPIN/USDT": 1783901479.7070339, "ANSEM/USDT": 1783901479.7070339, "DODO/USDT": 1783901479.7070339, "EVAA/USDT": 1783904780.384812, "B/USDT": 1783905680.3467035, "T/USDT": 1783906883.4180357, "LAB/USDT": 1783908356.8390687, "US/USDT": 1783909556.3367915}, "vals": {"VELVET/USDT": 7.25, "MAGMA/USDT": 8.62, "BEAT/USDT": 3.72}}