{"set": ["ACE/USDT", "BANK/USDT", "BONK/USDT", "ENA/USDT", "HANA/USDT", "HEMI/USDT", "KAITO/USDT", "PEPE/USDT", "PI/USDT", "PROM/USDT"], "left": {"LAB/USDT": 1784568398.64854, "B/USDT": 1784570799.41474, "PUMP/USDT": 1784580096.9017098, "ADA/USDT": 1784583970.064891, "ONDO/USDT": 1784584261.1963828}, "vals": {"PEPE/USDT": 3.25, "BONK/USDT": 13.86, "HANA/USDT": 14.04, "HEMI/USDT": 66.06, "BANK/USDT": 22.22, "ACE/USDT": 34.64, "PROM/USDT": 19.89, "ENA/USDT": 3.54, "KAITO/USDT": 4.76, "PI/USDT": 7.67}}