{"set": ["ESPORTS/USDT", "H/USDT", "LAB/USDT", "VELVET/USDT"], "left": {"BEAT/USDT": 1781413867.731363, "SIREN/USDT": 1781419275.604243, "MEGA/USDT": 1781430421.0614576, "JCT/USDT": 1781430726.673498, "COAI/USDT": 1781430726.673498, "XPL/USDT": 1781431340.4388442, "SKYAI/USDT": 1781433127.5610614, "BTW/USDT": 1781433396.3656504}, "vals": {"VELVET/USDT": 30.61, "ESPORTS/USDT": 8.52, "H/USDT": 73.84, "LAB/USDT": 4.71}}