{"set": ["EPIC/USDT", "LAB/USDT", "SIREN/USDT", "TNSR/USDT", "UB/USDT"], "left": {"BEAT/USDT": 1782026755.5463672, "ESPORTS/USDT": 1782039356.6699903, "ENA/USDT": 1782040857.9481757}, "vals": {"UB/USDT": 31.77, "TNSR/USDT": 64.66, "LAB/USDT": 14.02, "SIREN/USDT": 7.75, "EPIC/USDT": 11.17}}