{"set": ["BEAT/USDT", "CLO/USDT", "SKYAI/USDT"], "left": {"SKL/USDT": 1783765557.1738527, "TAG/USDT": 1783768558.0159066, "XPIN/USDT": 1783776956.3977575}, "vals": {"CLO/USDT": 24.85, "BEAT/USDT": 12.59, "SKYAI/USDT": 7.71}}