{"set": ["BLESS/USDT", "CLO/USDT", "HMSTR/USDT", "ID/USDT", "LAYER/USDT", "RESOLV/USDT"], "left": {"ALLO/USDT": 1782172893.931539, "EIGEN/USDT": 1782172893.931539, "BEL/USDT": 1782172893.931539, "ENA/USDT": 1782172893.931539, "VELVET/USDT": 1782173246.1022189, "UB/USDT": 1782173246.1022189, "RE/USDT": 1782173246.1022189, "TNSR/USDT": 1782173246.1022189, "LAB/USDT": 1782173246.1022189, "BTW/USDT": 1782173246.1022189, "SYN/USDT": 1782173246.1022189, "NAORIS/USDT": 1782173246.1022189}, "vals": {"BLESS/USDT": 16.5, "HMSTR/USDT": 3.05, "RESOLV/USDT": 3.45, "CLO/USDT": 3.34, "LAYER/USDT": 4.9, "ID/USDT": 3.43}}