{"set": ["BTW/USDT", "ESPORTS/USDT", "LAYER/USDT", "MMT/USDT", "RESOLV/USDT"], "left": {"H/USDT": 1782193564.0633771, "HMSTR/USDT": 1782194477.5189312, "ID/USDT": 1782203167.1947546, "BEL/USDT": 1782203478.1150124, "FOLKS/USDT": 1782206171.7866685, "CLO/USDT": 1782211266.876929}, "vals": {"BTW/USDT": 5.72, "RESOLV/USDT": 21.28, "MMT/USDT": 3.46, "ESPORTS/USDT": 16.58, "LAYER/USDT": 6.82}}