{"set": ["EDGEX/USDT", "KAITO/USDT", "SLX/USDT", "UNI/USDT", "VANRY/USDT"], "left": {"VELVET/USDT": 1783520793.9343097, "CLO/USDT": 1783526794.2447305, "LDO/USDT": 1783535191.2500618, "NES/USDT": 1783542392.938328, "EVAA/USDT": 1783542392.938328}, "vals": {"EDGEX/USDT": 5.43, "VANRY/USDT": 12.08, "KAITO/USDT": 9.71, "SLX/USDT": 8.73, "UNI/USDT": 3.13}}