{"set": ["AKE/USDT", "B/USDT", "BANK/USDT", "ESPORTS/USDT", "FWDISTOCK/USDT", "NIGHT/USDT", "PUMPFUN/USDT"], "left": {"XRP/USDT": 1784671291.06272, "LA/USDT": 1784678493.154449, "ENA/USDT": 1784678493.154449, "ERA/USDT": 1784678493.154449, "ONDO/USDT": 1784678493.154449, "GRAM/USDT": 1784678493.154449, "ONE/USDT": 1784678493.154449}, "vals": {"AKE/USDT": 5.88, "BANK/USDT": 10.63, "NIGHT/USDT": 9.07, "PUMPFUN/USDT": 3.44, "ESPORTS/USDT": 5.86, "B/USDT": 5.69, "FWDISTOCK/USDT": 14.0}}