{"set": ["CLO/USDT", "ESPORTS/USDT", "H/USDT", "LAB/USDT", "SIREN/USDT", "SKYAI/USDT"], "left": {"CFX/USDT": 1781738757.260513, "BSB/USDT": 1781740871.493052, "SPX/USDT": 1781740871.493052, "AGT/USDT": 1781740871.493052, "XPL/USDT": 1781740871.493052, "ASTER/USDT": 1781740871.493052, "ENA/USDT": 1781750162.3179739, "BIO/USDT": 1781754965.8192444, "XLM/USDT": 1781758879.5410872, "BEAT/USDT": 1781759162.5846694}, "vals": {"ESPORTS/USDT": 3.87, "SIREN/USDT": 3.49, "LAB/USDT": 10.51, "CLO/USDT": 13.4, "H/USDT": 11.92, "SKYAI/USDT": 9.69}}