{"set": ["EPIC/USDT", "NES/USDT"], "left": {"TLM/USDT": 1783368130.8172705, "LIT/USDT": 1783382508.6813967, "US/USDT": 1783383355.9862242, "BILL/USDT": 1783383355.9862242, "BLUR/USDT": 1783383355.9862242, "HMSTR/USDT": 1783383355.9862242, "TRIA/USDT": 1783383355.9862242, "ANSEM/USDT": 1783383355.9862242, "VANRY/USDT": 1783383948.3782113}, "vals": {"NES/USDT": 3.01, "EPIC/USDT": 8.17}}