{"set": ["BTW/USDT", "CLO/USDT", "EVAA/USDT", "H/USDT", "OPG/USDT", "SKYAI/USDT"], "left": {"VELVET/USDT": 1781444792.1403408, "JCT/USDT": 1781446321.9346998, "MEGA/USDT": 1781457131.357136, "TRADOOR/USDT": 1781460368.7243822, "LAB/USDT": 1781460969.7236722, "ESPORTS/USDT": 1781461270.3347054}, "vals": {"H/USDT": 13.23, "BTW/USDT": 12.65, "OPG/USDT": 18.95, "CLO/USDT": 36.58, "EVAA/USDT": 51.5, "SKYAI/USDT": 6.09}}