{"set": ["ACE/USDT", "BANK/USDT", "BONK/USDT", "KAITO/USDT", "PI/USDT"], "left": {"PEPE/USDT": 1784517062.9586895, "ESPORTS/USDT": 1784523357.0800269, "TLM/USDT": 1784527554.2372587, "AVAAI/USDT": 1784528750.8587875, "HOME/USDT": 1784536559.0636837}, "vals": {"BONK/USDT": 3.66, "BANK/USDT": 8.69, "ACE/USDT": 61.92, "KAITO/USDT": 3.61, "PI/USDT": 5.72}}