{"set": ["CLO/USDT", "FOLKS/USDT", "LAB/USDT", "SKYAI/USDT", "VELVET/USDT", "XLM/USDT"], "left": {"HOME/USDT": 1781787725.655748, "\u9f99\u867e/USDT": 1781794001.5678475, "BTW/USDT": 1781799711.271432, "H/USDT": 1781802119.5223782, "AGT/USDT": 1781802703.5421944, "BIO/USDT": 1781803300.866273}, "vals": {"VELVET/USDT": 70.88, "LAB/USDT": 24.17, "CLO/USDT": 11.5, "XLM/USDT": 5.29, "FOLKS/USDT": 9.35, "SKYAI/USDT": 3.8}}