{"set": ["ENA/USDT", "EPIC/USDT", "LAB/USDT", "SIREN/USDT", "TNSR/USDT"], "left": {"EIGEN/USDT": 1782018075.8703148, "BEL/USDT": 1782018959.8330061, "ALICE/USDT": 1782018959.8330061, "BEAT/USDT": 1782026755.5463672, "UB/USDT": 1782036080.2975166, "ESPORTS/USDT": 1782039356.6699903}, "vals": {"TNSR/USDT": 57.22, "LAB/USDT": 14.74, "SIREN/USDT": 8.34, "ENA/USDT": 3.49, "EPIC/USDT": 9.63}}