{"set": ["CLO/USDT", "H/USDT", "LAB/USDT", "SKYAI/USDT"], "left": {"CFX/USDT": 1781738757.260513, "BSB/USDT": 1781740871.493052, "SPX/USDT": 1781740871.493052, "AGT/USDT": 1781740871.493052, "XPL/USDT": 1781740871.493052, "ASTER/USDT": 1781740871.493052, "ENA/USDT": 1781750162.3179739, "BIO/USDT": 1781754965.8192444, "XLM/USDT": 1781758879.5410872, "BEAT/USDT": 1781759162.5846694, "ESPORTS/USDT": 1781759465.7505548, "SIREN/USDT": 1781760061.2154665}, "vals": {"LAB/USDT": 8.7, "CLO/USDT": 14.87, "H/USDT": 10.77, "SKYAI/USDT": 8.9}}