{"set": ["ACT/USDT", "LAB/USDT", "MANTA/USDT", "O/USDT", "RAVE/USDT", "SLX/USDT", "UB/USDT", "VELVET/USDT", "WIF/USDT"], "left": {"BEAT/USDT": 1782640559.905485, "BTW/USDT": 1782645662.3460834, "PUMP/USDT": 1782655279.7240782, "\u5e01\u5b89\u4eba\u751f/USDT": 1782658880.2762644}, "vals": {"ACT/USDT": 72.9, "UB/USDT": 9.31, "VELVET/USDT": 11.13, "LAB/USDT": 5.71, "RAVE/USDT": 22.1, "SLX/USDT": 3.38, "O/USDT": 19.48, "MANTA/USDT": 71.92, "WIF/USDT": 6.33}}