{"set": ["ALICE/USDT", "BEAT/USDT", "BTW/USDT", "EIGEN/USDT", "EPIC/USDT", "ESPORTS/USDT", "SLX/USDT"], "left": {"BICO/USDT": 1782000069.9734209, "GALA/USDT": 1782000069.9734209, "LAB/USDT": 1782000069.9734209, "CLO/USDT": 1782003954.350042, "BEL/USDT": 1782010882.8088453, "SIREN/USDT": 1782011464.8930094}, "vals": {"BTW/USDT": 3.14, "ESPORTS/USDT": 3.35, "SLX/USDT": 5.69, "BEAT/USDT": 3.88, "EPIC/USDT": 8.16, "EIGEN/USDT": 4.65, "ALICE/USDT": 14.06}}