{"set": ["ACT/USDT", "LAB/USDT", "MANTA/USDT", "O/USDT", "RAVE/USDT", "SLX/USDT", "UB/USDT", "VELVET/USDT", "WIF/USDT"], "left": {"BEAT/USDT": 1782640559.905485, "BTW/USDT": 1782645662.3460834, "PUMP/USDT": 1782655279.7240782, "\u5e01\u5b89\u4eba\u751f/USDT": 1782659462.5312777}, "vals": {"ACT/USDT": 61.7, "UB/USDT": 10.12, "VELVET/USDT": 12.84, "LAB/USDT": 5.47, "RAVE/USDT": 22.02, "SLX/USDT": 4.8, "MANTA/USDT": 74.31, "O/USDT": 19.76, "WIF/USDT": 4.76}}