{"set": ["LAB/USDT", "O/USDT", "RAVE/USDT", "UB/USDT", "VELVET/USDT", "WIF/USDT"], "left": {"PIEVERSE/USDT": 1782620755.9253287, "BAS/USDT": 1782632469.004419, "BTW/USDT": 1782639072.1415567, "SLX/USDT": 1782639721.6716003, "BEAT/USDT": 1782640559.905485}, "vals": {"UB/USDT": 11.96, "VELVET/USDT": 5.65, "LAB/USDT": 6.17, "RAVE/USDT": 12.36, "O/USDT": 30.75, "WIF/USDT": 3.43}}