{"set": ["ALLO/USDT", "BEL/USDT", "BTW/USDT", "CLO/USDT", "EIGEN/USDT", "ENA/USDT", "ID/USDT", "LAYER/USDT"], "left": {"HMSTR/USDT": 1782124881.5059009, "DOGE/USDT": 1782137202.693339, "UB/USDT": 1782137510.7530808, "XRP/USDT": 1782137510.7530808, "ADA/USDT": 1782138403.9731681, "PEPE/USDT": 1782142915.8657644, "RESOLV/USDT": 1782143205.0091429}, "vals": {"BTW/USDT": 16.19, "CLO/USDT": 30.68, "LAYER/USDT": 17.82, "ENA/USDT": 9.64, "BEL/USDT": 33.16, "ID/USDT": 22.09, "EIGEN/USDT": 13.14, "ALLO/USDT": 16.37}}