{"set": ["KAITO/USDT", "SKYAI/USDT", "TAC/USDT", "US/USDT"], "left": {"PUMP/USDT": 1784240758.4403362, "FLOCK/USDT": 1784246480.3950748, "AKE/USDT": 1784247964.9534473, "LAB/USDT": 1784248559.4605422, "BANK/USDT": 1784249759.4090028, "RAVE/USDT": 1784250962.934766, "ESPORTS/USDT": 1784257872.7741404, "CRO/USDT": 1784260880.8118584}, "vals": {"US/USDT": 4.43, "SKYAI/USDT": 10.87, "TAC/USDT": 6.46, "KAITO/USDT": 8.25}}