{"set": ["BEAT/USDT", "BEL/USDT", "IP/USDT", "LAB/USDT", "RESOLV/USDT", "SKYAI/USDT", "SLX/USDT"], "left": {"XPL/USDT": 1782404195.4882438, "H/USDT": 1782406300.4531302, "WLFI/USDT": 1782406596.8579862, "BAS/USDT": 1782410807.0936985}, "vals": {"SLX/USDT": 17.45, "LAB/USDT": 14.3, "RESOLV/USDT": 8.88, "SKYAI/USDT": 10.84, "BEAT/USDT": 22.95, "IP/USDT": 6.66, "BEL/USDT": 10.4}}