{"set": ["LIT/USDT", "NES/USDT", "UB/USDT", "VELVET/USDT"], "left": {"TLM/USDT": 1783304157.2154553, "VANRY/USDT": 1783304157.2154553, "HMSTR/USDT": 1783314962.4727664, "EPIC/USDT": 1783317960.707354, "LAB/USDT": 1783319753.3504353}, "vals": {"UB/USDT": 3.04, "NES/USDT": 6.76, "VELVET/USDT": 3.25, "LIT/USDT": 4.43}}