{"set": ["ASTEROID/USDT", "BSB/USDT", "CLO/USDT", "EVAA/USDT", "JTO/USDT", "XLM/USDT", "XRP/USDT", "ZRO/USDT"], "left": {"TRADOOR/USDT": 1781535721.159713, "ADA/USDT": 1781542302.2382748, "SIREN/USDT": 1781545307.1217198, "WLFI/USDT": 1781545603.9212775, "CHIP/USDT": 1781550146.310581, "ESPORTS/USDT": 1781550716.3323693, "ENA/USDT": 1781551306.9101093, "PEPE/USDT": 1781551306.9101093}, "vals": {"ASTEROID/USDT": 69.63, "EVAA/USDT": 74.17, "CLO/USDT": 3.4, "XRP/USDT": 7.36, "ZRO/USDT": 15.87, "XLM/USDT": 15.43, "JTO/USDT": 38.29, "BSB/USDT": 33.01}}