{"set": ["LAB/USDT", "ONDO/USDT", "ROAM/USDT"], "left": {"VANRY/USDT": 1784150762.7552814, "BEAT/USDT": 1784160096.0925872, "PUMP/USDT": 1784160096.0925872, "RAVE/USDT": 1784160096.0925872, "AKE/USDT": 1784160096.0925872, "US/USDT": 1784160096.0925872}, "vals": {"ROAM/USDT": 17.73, "ONDO/USDT": 10.5, "LAB/USDT": 9.42}}