{"set": ["BLESS/USDT", "BR/USDT", "BTW/USDT", "ESPORTS/USDT", "EVAA/USDT", "LAB/USDT", "SPACE/USDT", "SPX/USDT", "UNI/USDT", "XLM/USDT"], "left": {"JTO/USDT": 1781654485.207243, "ASTEROID/USDT": 1781654485.207243, "LUNC/USDT": 1781654750.7251735, "VELVET/USDT": 1781654750.7251735, "BSB/USDT": 1781655354.1214187, "H/USDT": 1781668262.6370485, "SKYAI/USDT": 1781669465.9265976, "SIREN/USDT": 1781672760.9604423, "BEAT/USDT": 1781673664.3652246, "\u9f99\u867e/USDT": 1781673967.258475}, "vals": {"BLESS/USDT": 9.51, "SPACE/USDT": 3.07, "BR/USDT": 4.55, "LAB/USDT": 3.08, "SPX/USDT": 24.04, "BTW/USDT": 14.09, "ESPORTS/USDT": 12.08, "XLM/USDT": 3.5, "UNI/USDT": 5.84, "EVAA/USDT": 16.08}}