{"set": ["OPG/USDT"], "left": {"ESPORTS/USDT": 1781477755.945541, "TRADOOR/USDT": 1781481361.106416, "CLO/USDT": 1781481673.613035, "BTW/USDT": 1781481673.613035, "LAB/USDT": 1781481673.613035, "XRP/USDT": 1781481673.613035, "SKYAI/USDT": 1781481673.613035, "ADA/USDT": 1781481673.613035, "EVAA/USDT": 1781481673.613035, "JELLYJELLY/USDT": 1781481673.613035, "H/USDT": 1781481673.613035}, "vals": {"OPG/USDT": 3.55}}