{"set": ["BEAT/USDT", "BEL/USDT", "BICO/USDT", "BTW/USDT", "CLO/USDT", "HEI/USDT"], "left": {"FOLKS/USDT": 1781877095.3719654, "BSB/USDT": 1781879573.9431124, "SKYAI/USDT": 1781886707.6679676, "BASED/USDT": 1781894186.761452}, "vals": {"BTW/USDT": 57.28, "BEL/USDT": 16.96, "CLO/USDT": 6.81, "BEAT/USDT": 12.21, "BICO/USDT": 74.01, "HEI/USDT": 31.41}}