{"set": ["ADA/USDT", "ENA/USDT", "LAB/USDT", "PEPE/USDT", "TRIA/USDT", "XRP/USDT"], "left": {"VELVET/USDT": 1784020563.9516664, "BILL/USDT": 1784031969.7101521, "PI/USDT": 1784037098.692444, "B/USDT": 1784037712.4609885}, "vals": {"PEPE/USDT": 4.47, "TRIA/USDT": 11.36, "LAB/USDT": 24.06, "ENA/USDT": 7.13, "XRP/USDT": 3.04, "ADA/USDT": 4.0}}