{"set": ["ADA/USDT", "ARPA/USDT", "BAS/USDT", "GUA/USDT", "PEPE/USDT", "THE/USDT", "XPL/USDT", "ZKP/USDT"], "left": {"US/USDT": 1783076497.9331872, "M/USDT": 1783077676.7961626, "MAGMA/USDT": 1783084303.3080373, "TLM/USDT": 1783086711.4939227, "DOGE/USDT": 1783088197.7106144}, "vals": {"PEPE/USDT": 4.58, "ARPA/USDT": 31.09, "ZKP/USDT": 25.7, "BAS/USDT": 17.04, "THE/USDT": 16.23, "GUA/USDT": 4.61, "XPL/USDT": 17.73, "ADA/USDT": 5.89}}