{"set": ["ADA/USDT", "ARPA/USDT", "BAS/USDT", "DOGE/USDT", "PEPE/USDT", "THE/USDT", "ZKP/USDT"], "left": {"US/USDT": 1783076497.9331872, "M/USDT": 1783077676.7961626, "MAGMA/USDT": 1783084303.3080373, "TLM/USDT": 1783086711.4939227, "GUA/USDT": 1783087322.911763}, "vals": {"PEPE/USDT": 4.22, "ARPA/USDT": 31.96, "ZKP/USDT": 22.37, "BAS/USDT": 24.79, "THE/USDT": 5.1, "ADA/USDT": 6.01, "DOGE/USDT": 3.05}}