{"set": ["BAS/USDT", "ENA/USDT", "H/USDT", "LAB/USDT", "SLX/USDT", "UB/USDT"], "left": {"SKYAI/USDT": 1782940285.1011455, "XRP/USDT": 1782945079.1081045, "O/USDT": 1782946884.3406026, "BTW/USDT": 1782950494.8114948, "XLM/USDT": 1782950494.8114948, "LIT/USDT": 1782950494.8114948, "ADA/USDT": 1782950494.8114948, "NOM/USDT": 1782950763.2187502, "AIGENSYN/USDT": 1782950763.2187502, "BASED/USDT": 1782950763.2187502, "VELVET/USDT": 1782950763.2187502, "TAIKO/USDT": 1782950763.2187502, "TLM/USDT": 1782950763.2187502, "M/USDT": 1782950763.2187502, "SYN/USDT": 1782950763.2187502, "NFP/USDT": 1782951057.6888318, "TAC/USDT": 1782952270.1143963, "ZBT/USDT": 1782954079.413939}, "vals": {"UB/USDT": 7.07, "BAS/USDT": 5.66, "LAB/USDT": 5.51, "SLX/USDT": 3.44, "ENA/USDT": 8.08, "H/USDT": 3.26}}