{"set": ["AKE/USDT", "PI/USDT", "PUMP/USDT", "US/USDT", "VANRY/USDT"], "left": {"KAITO/USDT": 1784117169.435723, "BEAT/USDT": 1784123508.6452532, "PEPE/USDT": 1784123508.6452532}, "vals": {"AKE/USDT": 271.87, "PUMP/USDT": 7.67, "US/USDT": 30.89, "VANRY/USDT": 4.83, "PI/USDT": 4.44}}