{"set": ["BANK/USDT", "NIGHT/USDT", "RIF/USDT", "ZAMA/USDT"], "left": {"ONDO/USDT": 1784762466.1418607, "ENA/USDT": 1784764885.4666567, "LAB/USDT": 1784764885.4666567, "US/USDT": 1784764885.4666567, "RE/USDT": 1784764885.4666567, "AKE/USDT": 1784766670.9598453, "ERA/USDT": 1784766670.9598453, "MIRA/USDT": 1784766954.4311965}, "vals": {"BANK/USDT": 27.87, "NIGHT/USDT": 9.65, "ZAMA/USDT": 16.69, "RIF/USDT": 15.1}}