{"set": ["AGT/USDT", "CLO/USDT", "FOLKS/USDT", "H/USDT", "HOME/USDT", "LAB/USDT", "SKYAI/USDT", "XLM/USDT"], "left": {"ESPORTS/USDT": 1781770868.3157644, "SIREN/USDT": 1781781403.490746, "BIO/USDT": 1781784395.5034444, "BTW/USDT": 1781784395.5034444}, "vals": {"AGT/USDT": 3.19, "HOME/USDT": 4.45, "LAB/USDT": 19.79, "CLO/USDT": 19.45, "H/USDT": 11.17, "XLM/USDT": 8.7, "SKYAI/USDT": 10.19, "FOLKS/USDT": 13.13}}