{"set": ["LAB/USDT", "MAGMA/USDT", "T/USDT", "VELVET/USDT"], "left": {"PEPE/USDT": 1783890961.1996794, "CLO/USDT": 1783900898.0197139, "VANRY/USDT": 1783900898.0197139, "PIPPIN/USDT": 1783901479.7070339, "ANSEM/USDT": 1783901479.7070339, "DODO/USDT": 1783901479.7070339, "EVAA/USDT": 1783904780.384812, "B/USDT": 1783905680.3467035, "US/USDT": 1783909556.3367915, "BEAT/USDT": 1783910489.5933743}, "vals": {"T/USDT": 3.31, "LAB/USDT": 3.32, "VELVET/USDT": 10.31, "MAGMA/USDT": 8.3}}