{"set": ["BEL/USDT", "BTW/USDT", "CLO/USDT", "EIGEN/USDT", "ENA/USDT", "HMSTR/USDT", "ID/USDT", "UB/USDT"], "left": {"TNSR/USDT": 1782107467.06685, "BEAT/USDT": 1782109558.5650342, "ADA/USDT": 1782118283.6734467, "RESOLV/USDT": 1782122187.704439}, "vals": {"UB/USDT": 15.38, "BTW/USDT": 32.36, "HMSTR/USDT": 4.94, "CLO/USDT": 29.81, "ENA/USDT": 9.02, "EIGEN/USDT": 10.95, "BEL/USDT": 3.91, "ID/USDT": 25.33}}