{"set": ["BAS/USDT", "GUA/USDT", "M/USDT", "MAGMA/USDT", "TLM/USDT", "US/USDT"], "left": {"BASED/USDT": 1783040754.4473329, "SKYAI/USDT": 1783042550.1302118, "TAIKO/USDT": 1783045553.4454162, "ADA/USDT": 1783051553.579309, "NFP/USDT": 1783054882.8246603, "VELVET/USDT": 1783057559.6459973, "TAC/USDT": 1783062091.7530737}, "vals": {"US/USDT": 4.51, "BAS/USDT": 3.34, "M/USDT": 6.28, "GUA/USDT": 11.05, "TLM/USDT": 12.87, "MAGMA/USDT": 4.95}}