{"set": ["CLO/USDT", "FOLKS/USDT", "H/USDT", "LAB/USDT", "SKYAI/USDT", "XLM/USDT", "\u9f99\u867e/USDT"], "left": {"ESPORTS/USDT": 1781770868.3157644, "SIREN/USDT": 1781781403.490746, "BIO/USDT": 1781784395.5034444, "HOME/USDT": 1781787725.655748, "AGT/USDT": 1781787725.655748, "BTW/USDT": 1781791901.7566955}, "vals": {"\u9f99\u867e/USDT": 8.54, "LAB/USDT": 21.41, "CLO/USDT": 21.76, "H/USDT": 14.73, "XLM/USDT": 8.54, "SKYAI/USDT": 3.13, "FOLKS/USDT": 16.91}}