{"set": ["ADA/USDT", "ARPA/USDT", "BAS/USDT", "GUA/USDT", "M/USDT", "TLM/USDT"], "left": {"VELVET/USDT": 1783057559.6459973, "TAC/USDT": 1783066278.9986367, "MAGMA/USDT": 1783074080.1558797, "PEPE/USDT": 1783076497.9331872, "US/USDT": 1783076497.9331872}, "vals": {"ARPA/USDT": 41.16, "BAS/USDT": 13.87, "M/USDT": 8.33, "GUA/USDT": 12.6, "TLM/USDT": 9.38, "ADA/USDT": 4.09}}