{"set": ["BANK/USDT", "ENA/USDT", "LAB/USDT", "MIRA/USDT", "RE/USDT", "US/USDT"], "left": {"ONDO/USDT": 1784740923.4816012, "ADA/USDT": 1784742701.6604655, "BONK/USDT": 1784745117.2059247, "AKE/USDT": 1784749894.408872, "ERA/USDT": 1784750523.4781713}, "vals": {"BANK/USDT": 17.67, "US/USDT": 7.62, "LAB/USDT": 10.53, "RE/USDT": 24.54, "ENA/USDT": 6.78, "MIRA/USDT": 15.86}}