{"set": ["ARB/USDT", "ENA/USDT", "PEPE/USDT", "SKL/USDT", "SKYAI/USDT", "TAG/USDT", "VELVET/USDT"], "left": {"EVAA/USDT": 1783689119.642727, "SLX/USDT": 1783699326.616672, "NES/USDT": 1783699326.616672, "LAB/USDT": 1783700519.6662383}, "vals": {"PEPE/USDT": 7.72, "TAG/USDT": 14.05, "SKL/USDT": 28.22, "VELVET/USDT": 5.09, "ENA/USDT": 3.66, "ARB/USDT": 3.69, "SKYAI/USDT": 4.89}}