{"set": ["LAB/USDT", "PIEVERSE/USDT", "UB/USDT"], "left": {"WIF/USDT": 1782604885.0212393, "S/USDT": 1782605457.9097173, "RE/USDT": 1782605457.9097173, "VELVET/USDT": 1782605457.9097173, "SLX/USDT": 1782606666.9862638, "M/USDT": 1782607259.478217, "MYX/USDT": 1782612657.5769546, "BEAT/USDT": 1782616558.0650206}, "vals": {"UB/USDT": 11.1, "LAB/USDT": 5.28, "PIEVERSE/USDT": 5.2}}