{"set": ["ASTEROID/USDT", "BSB/USDT", "FARTCOIN/USDT", "JTO/USDT", "LAB/USDT", "SKYAI/USDT", "SPACE/USDT"], "left": {"ZRO/USDT": 1781568083.7734823, "XRP/USDT": 1781568083.7734823, "CLO/USDT": 1781568083.7734823, "ESPORTS/USDT": 1781568083.7734823, "VELVET/USDT": 1781568354.5492907, "EVAA/USDT": 1781570763.2897978, "XLM/USDT": 1781571065.9299102, "H/USDT": 1781571065.9299102, "BEAT/USDT": 1781580952.8928974, "SIREN/USDT": 1781585470.8488863}, "vals": {"ASTEROID/USDT": 31.19, "SPACE/USDT": 21.09, "LAB/USDT": 4.23, "SKYAI/USDT": 9.27, "JTO/USDT": 5.09, "BSB/USDT": 25.87, "FARTCOIN/USDT": 4.06}}