{"set": ["BTW/USDT", "ESPORTS/USDT", "H/USDT", "LAB/USDT", "VELVET/USDT"], "left": {"SIREN/USDT": 1781419275.604243, "MEGA/USDT": 1781430421.0614576, "JCT/USDT": 1781430726.673498, "COAI/USDT": 1781430726.673498, "SKYAI/USDT": 1781434601.3338828, "XPL/USDT": 1781434933.697731}, "vals": {"VELVET/USDT": 7.15, "ESPORTS/USDT": 8.45, "H/USDT": 71.89, "BTW/USDT": 4.2, "LAB/USDT": 4.29}}