{"set": ["LAB/USDT", "O/USDT", "RAVE/USDT", "UB/USDT", "VELVET/USDT"], "left": {"BAS/USDT": 1782632469.004419, "BTW/USDT": 1782639072.1415567, "SLX/USDT": 1782639721.6716003, "BEAT/USDT": 1782640559.905485, "WIF/USDT": 1782642359.339694}, "vals": {"UB/USDT": 11.29, "VELVET/USDT": 4.49, "LAB/USDT": 4.31, "RAVE/USDT": 14.2, "O/USDT": 27.81}}