{"set": ["BAS/USDT", "BTW/USDT", "M/USDT", "RE/USDT", "XLM/USDT"], "left": {"VELVET/USDT": 1782858063.506421, "TAC/USDT": 1782866152.8073266, "BEAT/USDT": 1782867058.0822861, "TAIKO/USDT": 1782867955.2676673, "AIGENSYN/USDT": 1782870962.4996216, "BASED/USDT": 1782872756.9294753, "H/USDT": 1782872756.9294753}, "vals": {"BAS/USDT": 3.26, "BTW/USDT": 19.22, "M/USDT": 5.4, "XLM/USDT": 7.35, "RE/USDT": 6.86}}