{"set": ["EDGEX/USDT", "KAITO/USDT", "SLX/USDT", "UNI/USDT", "VANRY/USDT"], "left": {"VELVET/USDT": 1783520793.9343097, "CLO/USDT": 1783526794.2447305, "EVAA/USDT": 1783528919.239938, "LDO/USDT": 1783535191.2500618, "NES/USDT": 1783538791.0685933}, "vals": {"EDGEX/USDT": 5.22, "VANRY/USDT": 17.46, "KAITO/USDT": 7.1, "SLX/USDT": 8.67, "UNI/USDT": 4.07}}