{"set": ["AKE/USDT", "PUMP/USDT", "US/USDT", "VANRY/USDT"], "left": {"KAITO/USDT": 1784117169.435723, "PEPE/USDT": 1784123508.6452532, "PI/USDT": 1784127397.6196728, "BEAT/USDT": 1784128325.9299512, "BSB/USDT": 1784128325.9299512}, "vals": {"AKE/USDT": 232.61, "PUMP/USDT": 8.13, "US/USDT": 29.4, "VANRY/USDT": 6.23}}