{"set": ["NASDAQ:CLRO", "NASDAQ:CWD", "NASDAQ:USDE", "NASDAQ:WHLR"], "left": {"NASDAQ:DSY": 1783326082.3620617, "NASDAQ:PPCB": 1783326082.3620617, "NASDAQ:CETX": 1783326082.3620617, "AMEX:SDEV": 1783326082.3620617}, "vals": {"NASDAQ:CWD": 126.25, "NASDAQ:CLRO": 11.8, "NASDAQ:WHLR": 17.22, "NASDAQ:USDE": 86.54}}