{"set": ["ESPORTS/USDT", "H/USDT", "JCT/USDT", "SIREN/USDT"], "left": {"TRADOOR/USDT": 1781481361.106416, "CLO/USDT": 1781481673.613035, "BTW/USDT": 1781481673.613035, "LAB/USDT": 1781481673.613035, "XRP/USDT": 1781481673.613035, "SKYAI/USDT": 1781481673.613035, "ADA/USDT": 1781481673.613035, "OPG/USDT": 1781481960.80605, "EVAA/USDT": 1781482253.3253715, "COAI/USDT": 1781484059.012646, "JELLYJELLY/USDT": 1781484366.1609616}, "vals": {"JCT/USDT": 4.28, "SIREN/USDT": 9.58, "ESPORTS/USDT": 8.22, "H/USDT": 3.39}}