{"set": ["ACT/USDT", "ENA/USDT", "O/USDT", "RAVE/USDT", "RE/USDT", "TAC/USDT", "UB/USDT"], "left": {"WIF/USDT": 1782748298.6996446, "GWEI/USDT": 1782751299.420819, "BEAT/USDT": 1782752518.4309266, "ADA/USDT": 1782755498.7968976}, "vals": {"TAC/USDT": 165.98, "UB/USDT": 34.56, "RAVE/USDT": 28.13, "ACT/USDT": 16.55, "ENA/USDT": 3.16, "O/USDT": 9.42, "RE/USDT": 27.34}}