{"set": ["ADA/USDT", "BIRB/USDT", "BREV/USDT", "DOGE/USDT", "ENA/USDT", "LIT/USDT", "M/USDT", "PEPE/USDT", "XRP/USDT"], "left": {"SLX/USDT": 1782988872.3451953, "BAS/USDT": 1782990368.4244921, "TAC/USDT": 1782992775.2916791, "UB/USDT": 1782997570.1451452, "LAB/USDT": 1782997570.1451452, "TLM/USDT": 1782998478.3721771}, "vals": {"PEPE/USDT": 5.21, "BIRB/USDT": 59.71, "BREV/USDT": 29.83, "M/USDT": 27.55, "XRP/USDT": 3.98, "ADA/USDT": 4.62, "ENA/USDT": 9.91, "DOGE/USDT": 3.27, "LIT/USDT": 5.9}}