{"set": ["ADA/USDT", "ENA/USDT", "ERA/USDT", "ESPORTS/USDT", "NIGHT/USDT"], "left": {"BANK/USDT": 1784601073.8639216, "AKE/USDT": 1784610684.0711584, "B/USDT": 1784616967.9611478, "US/USDT": 1784617292.7427297}, "vals": {"ERA/USDT": 47.23, "ESPORTS/USDT": 4.26, "NIGHT/USDT": 4.71, "ADA/USDT": 3.89, "ENA/USDT": 3.45}}