{"set": ["EDGEX/USDT", "KAITO/USDT", "NES/USDT", "SLX/USDT", "VANRY/USDT"], "left": {"UNI/USDT": 1783544196.627076, "EVAA/USDT": 1783552287.9132872, "LDO/USDT": 1783552287.9132872}, "vals": {"EDGEX/USDT": 3.83, "VANRY/USDT": 10.79, "NES/USDT": 5.73, "KAITO/USDT": 9.14, "SLX/USDT": 10.36}}