{"set": ["BAS/USDT", "BEAT/USDT", "H/USDT", "LAB/USDT", "MAGMA/USDT", "SKYAI/USDT", "UB/USDT", "VELVET/USDT"], "left": {"G/USDT": 1782471687.5486228, "SLX/USDT": 1782476197.4772115, "BTW/USDT": 1782479795.881762, "PUMP/USDT": 1782482520.7389536, "TNSR/USDT": 1782483095.3601108, "HEI/USDT": 1782483095.3601108}, "vals": {"UB/USDT": 5.49, "BAS/USDT": 3.78, "MAGMA/USDT": 70.1, "LAB/USDT": 4.11, "VELVET/USDT": 18.48, "BEAT/USDT": 13.96, "SKYAI/USDT": 15.81, "H/USDT": 3.09}}