{"set": ["ADA/USDT", "BTW/USDT", "CLO/USDT", "EIGEN/USDT", "ENA/USDT", "ID/USDT", "UB/USDT"], "left": {"RESOLV/USDT": 1782106571.7805967, "TNSR/USDT": 1782107467.06685, "BEAT/USDT": 1782109558.5650342, "BEL/USDT": 1782114365.9663596}, "vals": {"UB/USDT": 26.59, "BTW/USDT": 33.33, "CLO/USDT": 31.96, "ENA/USDT": 9.22, "ADA/USDT": 3.13, "EIGEN/USDT": 10.8, "ID/USDT": 27.93}}