{"set": ["BTW/USDT", "LAB/USDT", "NES/USDT", "TLM/USDT", "UB/USDT", "VANRY/USDT"], "left": {"HMSTR/USDT": 1783266363.6915896, "M/USDT": 1783269086.9972239, "LIT/USDT": 1783274498.418961, "VELVET/USDT": 1783277756.5366247, "MIRA/USDT": 1783278677.6371796, "WLFI/USDT": 1783279278.0503263}, "vals": {"UB/USDT": 15.1, "VANRY/USDT": 19.52, "LAB/USDT": 8.5, "BTW/USDT": 17.39, "NES/USDT": 25.74, "TLM/USDT": 50.33}}