{"set": ["ADA/USDT", "BASED/USDT", "BTW/USDT", "M/USDT", "NFP/USDT", "O/USDT", "TAIKO/USDT", "XLM/USDT"], "left": {"SKYAI/USDT": 1782916004.951649, "DYDX/USDT": 1782928922.848585, "BAS/USDT": 1782931300.4252787, "ZBT/USDT": 1782932516.9075289, "AIGENSYN/USDT": 1782933100.268268}, "vals": {"TAIKO/USDT": 63.57, "NFP/USDT": 348.18, "BASED/USDT": 21.62, "M/USDT": 59.87, "BTW/USDT": 26.16, "ADA/USDT": 7.07, "XLM/USDT": 5.93, "O/USDT": 7.63}}