{"set": ["JTO/USDT", "SLX/USDT", "UB/USDT", "VELVET/USDT", "WIF/USDT"], "left": {"AGLD/USDT": 1782536758.01099, "MAGMA/USDT": 1782536758.01099, "G/USDT": 1782546058.3500926, "ESPORTS/USDT": 1782554482.4956775, "M/USDT": 1782557457.26754}, "vals": {"UB/USDT": 4.28, "VELVET/USDT": 82.2, "SLX/USDT": 6.98, "WIF/USDT": 7.68, "JTO/USDT": 3.18}}