{"set": ["ARB/USDT", "CLO/USDT", "T/USDT", "XPIN/USDT"], "left": {"HMSTR/USDT": 1783783887.6966646, "ENA/USDT": 1783801277.7370703, "ADA/USDT": 1783801277.7370703}, "vals": {"XPIN/USDT": 5.44, "T/USDT": 29.25, "CLO/USDT": 27.05, "ARB/USDT": 6.5}}