{"set": ["ADA/USDT", "BIRB/USDT", "BREV/USDT", "ENA/USDT", "LIT/USDT", "M/USDT", "PEPE/USDT", "TLM/USDT"], "left": {"LAB/USDT": 1782981670.6143816, "SLX/USDT": 1782988872.3451953, "BAS/USDT": 1782990368.4244921, "TAC/USDT": 1782992775.2916791, "UB/USDT": 1782993076.3630064, "XRP/USDT": 1782993076.3630064}, "vals": {"PEPE/USDT": 4.95, "BIRB/USDT": 61.1, "BREV/USDT": 37.54, "M/USDT": 15.67, "TLM/USDT": 11.87, "ADA/USDT": 3.51, "ENA/USDT": 8.21, "LIT/USDT": 3.33}}