{"set": ["AKE/USDT", "BANK/USDT", "LRC/USDT", "ONDO/USDT", "US/USDT"], "left": {"BILL/USDT": 1784291480.5933228, "ADA/USDT": 1784309800.0431507, "KAITO/USDT": 1784310101.07536, "ESPORTS/USDT": 1784311623.2305028}, "vals": {"AKE/USDT": 30.09, "BANK/USDT": 17.09, "US/USDT": 9.08, "LRC/USDT": 36.87, "ONDO/USDT": 3.58}}