{"set": ["ASTEROID/USDT", "BSB/USDT", "LAB/USDT", "SIREN/USDT"], "left": {"PEPE/USDT": 1781551306.9101093, "ENA/USDT": 1781560892.3096526, "FARTCOIN/USDT": 1781562369.5543702, "ZRO/USDT": 1781568083.7734823, "JTO/USDT": 1781568083.7734823, "XRP/USDT": 1781568083.7734823, "CLO/USDT": 1781568083.7734823, "ESPORTS/USDT": 1781568083.7734823, "VELVET/USDT": 1781568354.5492907, "EVAA/USDT": 1781570763.2897978, "XLM/USDT": 1781571065.9299102, "H/USDT": 1781571065.9299102, "BEAT/USDT": 1781572873.7776964}, "vals": {"ASTEROID/USDT": 31.19, "SIREN/USDT": 4.88, "LAB/USDT": 3.21, "BSB/USDT": 3.43}}