{"set": ["BAS/USDT", "HMSTR/USDT", "LAB/USDT", "M/USDT", "TLM/USDT", "VELVET/USDT"], "left": {"PEPE/USDT": 1783138560.072619, "BEAT/USDT": 1783152087.5974643, "ARPA/USDT": 1783155067.7548878}, "vals": {"HMSTR/USDT": 22.09, "BAS/USDT": 14.63, "LAB/USDT": 72.56, "VELVET/USDT": 14.39, "M/USDT": 3.02, "TLM/USDT": 18.15}}