{"set": ["ALICE/USDT", "EIGEN/USDT", "EPIC/USDT", "ESPORTS/USDT", "SIREN/USDT", "SLX/USDT"], "left": {"BICO/USDT": 1782000069.9734209, "GALA/USDT": 1782000069.9734209, "LAB/USDT": 1782000069.9734209, "CLO/USDT": 1782003954.350042, "BTW/USDT": 1782010882.8088453, "BEAT/USDT": 1782010882.8088453, "BEL/USDT": 1782010882.8088453}, "vals": {"SIREN/USDT": 3.11, "ESPORTS/USDT": 3.0, "SLX/USDT": 7.27, "EPIC/USDT": 8.51, "EIGEN/USDT": 6.79, "ALICE/USDT": 14.85}}