{"set": ["ESPORTS/USDT", "MYX/USDT", "SLX/USDT", "VELVET/USDT", "WIF/USDT"], "left": {"JTO/USDT": 1782558659.0702903, "M/USDT": 1782570061.7170103, "UB/USDT": 1782570356.5255635}, "vals": {"VELVET/USDT": 98.84, "ESPORTS/USDT": 3.26, "SLX/USDT": 15.61, "WIF/USDT": 13.04, "MYX/USDT": 27.87}}