{"set": ["ANSEM/USDT", "BILL/USDT", "BLUR/USDT", "HMSTR/USDT", "TRIA/USDT", "US/USDT"], "left": {"TLM/USDT": 1783368130.8172705, "VANRY/USDT": 1783382508.6813967, "LIT/USDT": 1783382508.6813967, "EPIC/USDT": 1783382508.6813967}, "vals": {"TRIA/USDT": 9.81, "HMSTR/USDT": 11.47, "BILL/USDT": 3.7, "BLUR/USDT": 26.48, "US/USDT": 40.61, "ANSEM/USDT": 18.38}}