{"set": ["ADA/USDT", "B/USDT", "ENA/USDT", "ERA/USDT", "ESPORTS/USDT", "NIGHT/USDT"], "left": {"PROM/USDT": 1784595064.241671, "HEMI/USDT": 1784595359.653175, "BANK/USDT": 1784601073.8639216, "AKE/USDT": 1784610684.0711584}, "vals": {"ERA/USDT": 62.12, "ESPORTS/USDT": 5.26, "NIGHT/USDT": 4.6, "B/USDT": 4.42, "ADA/USDT": 4.19, "ENA/USDT": 3.13}}