{"set": ["B/USDT", "CLO/USDT", "SKYAI/USDT", "T/USDT", "VANRY/USDT"], "left": {"VIRTUAL/USDT": 1783830955.5822108, "ARB/USDT": 1783843886.3491313, "XPIN/USDT": 1783844486.5928228}, "vals": {"T/USDT": 13.15, "B/USDT": 14.42, "CLO/USDT": 5.19, "VANRY/USDT": 19.87, "SKYAI/USDT": 3.38}}