{"set": ["NASDAQ:CAST", "NASDAQ:CDT", "NASDAQ:CRVO", "NASDAQ:LNKS"], "left": {"AMEX:LPA": 1782116467.9643788, "NASDAQ:BIRD": 1782116467.9643788, "NASDAQ:ATPC": 1782116467.9643788, "NASDAQ:WOK": 1782116467.9643788, "NASDAQ:BYAH": 1782116467.9643788, "NASDAQ:APWC": 1782116467.9643788, "NASDAQ:WPRT": 1782116467.9643788, "NASDAQ:CTNT": 1782116467.9643788}, "vals": {"NASDAQ:CDT": 93.36, "NASDAQ:LNKS": 86.88, "NASDAQ:CRVO": 22.83, "NASDAQ:CAST": 131.26}}