{"set": ["ESPORTS/USDT", "HOME/USDT", "KAITO/USDT", "PI/USDT"], "left": {"BONK/USDT": 1784495464.7845154, "PEPE/USDT": 1784496063.9469194, "TLM/USDT": 1784505693.7150998, "B/USDT": 1784506264.8048582, "PUMPFUN/USDT": 1784506264.8048582, "AKE/USDT": 1784512260.9563913, "BANK/USDT": 1784515257.7531679}, "vals": {"ESPORTS/USDT": 12.78, "HOME/USDT": 5.49, "KAITO/USDT": 3.32, "PI/USDT": 4.43}}