{"set": ["ACE/USDT", "AVAAI/USDT", "BANK/USDT", "ESPORTS/USDT", "KAITO/USDT", "PI/USDT"], "left": {"TLM/USDT": 1784505693.7150998, "B/USDT": 1784506264.8048582, "PUMPFUN/USDT": 1784506264.8048582, "AKE/USDT": 1784512260.9563913, "PEPE/USDT": 1784517062.9586895, "HOME/USDT": 1784518978.3080316}, "vals": {"BANK/USDT": 4.95, "ESPORTS/USDT": 17.19, "AVAAI/USDT": 12.52, "KAITO/USDT": 5.46, "PI/USDT": 5.18, "ACE/USDT": 19.93}}