{"set": ["ALICE/USDT", "BEL/USDT", "BTW/USDT", "EPIC/USDT", "ESPORTS/USDT", "SLX/USDT"], "left": {"BICO/USDT": 1782000069.9734209, "GALA/USDT": 1782000069.9734209, "LAB/USDT": 1782000069.9734209, "CLO/USDT": 1782003954.350042, "BEAT/USDT": 1782007593.0055304, "EIGEN/USDT": 1782008462.904888}, "vals": {"BTW/USDT": 5.95, "ESPORTS/USDT": 6.42, "BEL/USDT": 7.09, "SLX/USDT": 5.14, "EPIC/USDT": 7.47, "ALICE/USDT": 15.22}}