{"set": ["AKE/USDT", "ERA/USDT", "RIF/USDT", "ZAMA/USDT"], "left": {"ONDO/USDT": 1784762466.1418607, "ENA/USDT": 1784764885.4666567, "LAB/USDT": 1784764885.4666567, "US/USDT": 1784764885.4666567, "NIGHT/USDT": 1784767858.7784984, "RE/USDT": 1784771754.1040137, "BANK/USDT": 1784779861.8908658, "MIRA/USDT": 1784782552.6562068}, "vals": {"AKE/USDT": 8.71, "ERA/USDT": 12.47, "ZAMA/USDT": 5.26, "RIF/USDT": 11.21}}