{"set": ["ARB/USDT", "EVAA/USDT", "PEPE/USDT", "SKL/USDT", "TAG/USDT", "VELVET/USDT"], "left": {"VANRY/USDT": 1783656092.6123552, "LAB/USDT": 1783657892.4873512, "US/USDT": 1783662079.4856043, "EDGEX/USDT": 1783665679.5733185, "ENA/USDT": 1783674100.9691825}, "vals": {"PEPE/USDT": 3.34, "TAG/USDT": 17.32, "SKL/USDT": 36.74, "VELVET/USDT": 31.67, "ARB/USDT": 8.95, "EVAA/USDT": 20.36}}