{"set": ["EDGEX/USDT", "EVAA/USDT", "LAB/USDT", "US/USDT"], "left": {"OPG/USDT": 1783468890.0904126, "NES/USDT": 1783468890.0904126, "BLUR/USDT": 1783469755.6902192, "TLM/USDT": 1783470958.6890893}, "vals": {"LAB/USDT": 14.35, "US/USDT": 3.07, "EDGEX/USDT": 3.25, "EVAA/USDT": 3.62}}