{"set": ["NASDAQ:OBAI"], "left": {"NASDAQ:GLXG": 1781683303.2196813, "NASDAQ:HUBC": 1781683303.2196813, "NASDAQ:BYAH": 1781683303.2196813, "NASDAQ:VSME": 1781683303.2196813, "NASDAQ:CAST": 1781683303.2196813, "NASDAQ:MTEN": 1781683303.2196813, "AMEX:RGNT": 1781683303.2196813, "NASDAQ:TDIC": 1781683303.2196813, "NASDAQ:AHMA": 1781684176.4549375, "NASDAQ:WNW": 1781684176.4549375, "NASDAQ:SUGP": 1781684176.4549375, "NASDAQ:CCTG": 1781684176.4549375, "NASDAQ:CRE": 1781684176.4549375, "NASDAQ:CRVO": 1781684176.4549375, "NASDAQ:GDHG": 1781684176.4549375, "NASDAQ:MAMO": 1781684176.4549375}, "vals": {"NASDAQ:OBAI": 69.64}}