{"set": ["AKE/USDT", "AVAAI/USDT", "B/USDT", "BANK/USDT"], "left": {"US/USDT": 1784405760.0420237, "ESPORTS/USDT": 1784408154.8933892, "LAB/USDT": 1784409954.4471557}, "vals": {"AKE/USDT": 37.16, "BANK/USDT": 57.1, "AVAAI/USDT": 8.43, "B/USDT": 37.98}}