{"set": ["BAS/USDT", "FARTCOIN/USDT", "IP/USDT", "M/USDT"], "left": {"BTW/USDT": 1782426669.73298, "SKYAI/USDT": 1782432091.6756217, "HEI/USDT": 1782432091.6756217, "LAB/USDT": 1782432091.6756217, "BEAT/USDT": 1782432091.6756217, "XPL/USDT": 1782432091.6756217, "SLX/USDT": 1782432091.6756217, "RESOLV/USDT": 1782432091.6756217, "BEL/USDT": 1782432091.6756217}, "vals": {"BAS/USDT": 9.48, "M/USDT": 11.12, "FARTCOIN/USDT": 5.63, "IP/USDT": 15.67}}