{"set": ["AGT/USDT", "ASTER/USDT", "BSB/USDT", "ENA/USDT", "ESPORTS/USDT", "SPX/USDT", "XLM/USDT", "XPL/USDT"], "left": {"\u9f99\u867e/USDT": 1781693503.6220849, "UNI/USDT": 1781694395.6005182, "BR/USDT": 1781704931.8404937, "SIREN/USDT": 1781706106.1390588, "BLESS/USDT": 1781708195.3541362, "BTW/USDT": 1781708812.7759387}, "vals": {"AGT/USDT": 109.3, "ESPORTS/USDT": 34.96, "SPX/USDT": 12.78, "ASTER/USDT": 17.82, "XPL/USDT": 25.46, "BSB/USDT": 11.87, "ENA/USDT": 6.24, "XLM/USDT": 4.38}}