{"set": ["BIO/USDT", "BTW/USDT", "CLO/USDT", "FOLKS/USDT", "H/USDT", "LAB/USDT", "SKYAI/USDT", "XLM/USDT", "\u9f99\u867e/USDT"], "left": {"ESPORTS/USDT": 1781770868.3157644, "SIREN/USDT": 1781781403.490746, "HOME/USDT": 1781787725.655748, "AGT/USDT": 1781787725.655748}, "vals": {"\u9f99\u867e/USDT": 7.54, "LAB/USDT": 20.5, "BTW/USDT": 5.46, "CLO/USDT": 19.68, "H/USDT": 14.12, "XLM/USDT": 8.65, "SKYAI/USDT": 4.3, "FOLKS/USDT": 16.78, "BIO/USDT": 3.05}}