{"set": ["SLX/USDT", "UB/USDT", "VELVET/USDT", "WIF/USDT"], "left": {"AGLD/USDT": 1782536758.01099, "MAGMA/USDT": 1782536758.01099, "G/USDT": 1782546058.3500926, "ESPORTS/USDT": 1782554482.4956775, "JTO/USDT": 1782557160.4941335, "M/USDT": 1782557457.26754}, "vals": {"UB/USDT": 4.5, "VELVET/USDT": 78.94, "SLX/USDT": 5.47, "WIF/USDT": 8.59}}