{"set": ["ASTEROID/USDT", "BIO/USDT", "BTW/USDT", "CLO/USDT", "LAB/USDT", "VELVET/USDT", "XLM/USDT"], "left": {"H/USDT": 1781811111.6969812, "FOLKS/USDT": 1781813494.8512738, "SKYAI/USDT": 1781818561.0220134, "AGT/USDT": 1781822466.085143}, "vals": {"ASTEROID/USDT": 67.97, "VELVET/USDT": 36.85, "LAB/USDT": 32.92, "BTW/USDT": 3.34, "CLO/USDT": 13.39, "XLM/USDT": 4.46, "BIO/USDT": 4.2}}