{"set": ["BTW/USDT", "CLO/USDT"], "left": {"EVAA/USDT": 1782339666.1488972, "LAB/USDT": 1782345693.2318556, "ID/USDT": 1782345693.2318556, "SAHARA/USDT": 1782345693.2318556, "ENA/USDT": 1782346254.9399734, "O/USDT": 1782346254.9399734, "FET/USDT": 1782346254.9399734, "UB/USDT": 1782346254.9399734, "JUP/USDT": 1782346254.9399734, "SEI/USDT": 1782346254.9399734, "SLX/USDT": 1782346254.9399734, "ONDO/USDT": 1782346254.9399734, "BAS/USDT": 1782347755.554954}, "vals": {"BTW/USDT": 3.16, "CLO/USDT": 7.0}}