{"set": ["CLO/USDT", "ESPORTS/USDT", "H/USDT", "LAB/USDT", "SIREN/USDT", "SKYAI/USDT", "XLM/USDT"], "left": {"BLESS/USDT": 1781732498.5417356, "CFX/USDT": 1781738757.260513, "BSB/USDT": 1781740871.493052, "SPX/USDT": 1781740871.493052, "AGT/USDT": 1781740871.493052, "XPL/USDT": 1781740871.493052, "ASTER/USDT": 1781740871.493052, "BEAT/USDT": 1781744158.7403486, "ENA/USDT": 1781750162.3179739, "BIO/USDT": 1781752261.7535095}, "vals": {"ESPORTS/USDT": 11.21, "SIREN/USDT": 4.92, "LAB/USDT": 9.26, "CLO/USDT": 10.76, "H/USDT": 5.16, "SKYAI/USDT": 9.57, "XLM/USDT": 4.41}}