{"set": ["BIO/USDT", "CLO/USDT", "FOLKS/USDT", "H/USDT", "LAB/USDT", "SKYAI/USDT", "XLM/USDT"], "left": {"ESPORTS/USDT": 1781770868.3157644, "AGT/USDT": 1781780578.2122939, "SIREN/USDT": 1781781403.490746, "HOME/USDT": 1781782903.1298974, "BTW/USDT": 1781783204.67746}, "vals": {"LAB/USDT": 22.1, "CLO/USDT": 23.73, "H/USDT": 10.41, "XLM/USDT": 5.02, "SKYAI/USDT": 12.09, "FOLKS/USDT": 13.67, "BIO/USDT": 3.94}}