{"set": ["BAS/USDT", "LAB/USDT", "O/USDT", "SAHARA/USDT", "SLX/USDT"], "left": {"G/USDT": 1782302490.2419248, "BLESS/USDT": 1782306969.3825095, "CLO/USDT": 1782310571.6127245, "BEL/USDT": 1782312703.391626, "BTW/USDT": 1782317201.2082245}, "vals": {"BAS/USDT": 35.03, "SAHARA/USDT": 3.59, "LAB/USDT": 24.53, "SLX/USDT": 19.47, "O/USDT": 26.37}}