{"set": ["BAS/USDT", "BTW/USDT", "LAB/USDT", "RAVE/USDT", "UB/USDT"], "left": {"S/USDT": 1782605457.9097173, "RE/USDT": 1782605457.9097173, "VELVET/USDT": 1782605457.9097173, "SLX/USDT": 1782606666.9862638, "M/USDT": 1782607259.478217, "MYX/USDT": 1782612657.5769546, "PIEVERSE/USDT": 1782620755.9253287, "BEAT/USDT": 1782626762.1699417}, "vals": {"UB/USDT": 9.89, "BAS/USDT": 6.2, "LAB/USDT": 3.59, "BTW/USDT": 9.49, "RAVE/USDT": 6.77}}