{"set": ["BAS/USDT", "BEAT/USDT", "SKYAI/USDT"], "left": {"RESOLV/USDT": 1782436260.641591, "BEL/USDT": 1782447364.0422156, "IP/USDT": 1782447662.282406, "ESPORTS/USDT": 1782448274.1921105, "UB/USDT": 1782448274.1921105, "BTW/USDT": 1782451870.6836007, "SLX/USDT": 1782453064.4557335, "H/USDT": 1782453676.8899572, "LAB/USDT": 1782456664.1921847, "G/USDT": 1782457283.7458122}, "vals": {"BAS/USDT": 9.88, "SKYAI/USDT": 8.88, "BEAT/USDT": 16.95}}