{"set": ["BIRB/USDT", "ENA/USDT"], "left": {"H/USDT": 1782961281.5942914, "BAS/USDT": 1782966955.2973764, "BASED/USDT": 1782969670.7670445, "M/USDT": 1782975066.4561415, "SLX/USDT": 1782976260.830532, "UB/USDT": 1782977152.606303, "LAB/USDT": 1782977470.9367676}, "vals": {"BIRB/USDT": 52.15, "ENA/USDT": 6.78}}