{"set": ["AGLD/USDT", "BAS/USDT", "BEAT/USDT", "ESPORTS/USDT", "H/USDT", "LAB/USDT", "MAGMA/USDT", "SKYAI/USDT", "UB/USDT", "VELVET/USDT"], "left": {"G/USDT": 1782471687.5486228, "BTW/USDT": 1782479795.881762, "PUMP/USDT": 1782482520.7389536, "TNSR/USDT": 1782483095.3601108, "HEI/USDT": 1782483095.3601108, "SLX/USDT": 1782492099.0468516, "ADA/USDT": 1782492099.0468516}, "vals": {"UB/USDT": 6.18, "BAS/USDT": 5.71, "MAGMA/USDT": 64.92, "VELVET/USDT": 23.68, "LAB/USDT": 4.85, "AGLD/USDT": 66.75, "ESPORTS/USDT": 5.89, "BEAT/USDT": 17.69, "SKYAI/USDT": 20.47, "H/USDT": 7.18}}