{"set": ["ESPORTS/USDT", "H/USDT", "HOME/USDT", "LAB/USDT", "SKYAI/USDT", "XLM/USDT"], "left": {"ENA/USDT": 1781750162.3179739, "BIO/USDT": 1781754965.8192444, "BEAT/USDT": 1781759162.5846694, "SIREN/USDT": 1781760061.2154665, "CLO/USDT": 1781764558.3636882}, "vals": {"ESPORTS/USDT": 7.5, "HOME/USDT": 17.72, "LAB/USDT": 10.79, "H/USDT": 11.53, "SKYAI/USDT": 9.69, "XLM/USDT": 3.29}}