{"set": ["BEL/USDT", "BTW/USDT", "CLO/USDT", "ESPORTS/USDT", "H/USDT"], "left": {"BEAT/USDT": 1782259286.5653002, "UB/USDT": 1782260157.580966, "RESOLV/USDT": 1782263161.442205, "HEI/USDT": 1782263758.6866052, "SYN/USDT": 1782263758.6866052, "DYDX/USDT": 1782263758.6866052, "BASED/USDT": 1782263758.6866052, "FARTCOIN/USDT": 1782263758.6866052, "BLESS/USDT": 1782266762.454853, "ID/USDT": 1782270078.2248478, "LAB/USDT": 1782276363.56537}, "vals": {"BTW/USDT": 18.76, "ESPORTS/USDT": 3.5, "CLO/USDT": 23.73, "BEL/USDT": 7.48, "H/USDT": 3.38}}