{"set": ["ESPORTS/USDT"], "left": {"ONDO/USDT": 1784233594.4158194, "PUMP/USDT": 1784240758.4403362, "FLOCK/USDT": 1784246480.3950748, "US/USDT": 1784246480.3950748, "AKE/USDT": 1784247964.9534473, "LAB/USDT": 1784248559.4605422, "BANK/USDT": 1784249759.4090028, "CRO/USDT": 1784250962.934766, "KAITO/USDT": 1784250962.934766, "SKYAI/USDT": 1784250962.934766, "RAVE/USDT": 1784250962.934766}, "vals": {"ESPORTS/USDT": 4.16}}