{"set": ["BANK/USDT"], "left": {"LAB/USDT": 1784248559.4605422, "RAVE/USDT": 1784250962.934766, "ESPORTS/USDT": 1784257872.7741404, "CRO/USDT": 1784260880.8118584, "US/USDT": 1784269265.0068219, "SKYAI/USDT": 1784269265.0068219, "KAITO/USDT": 1784270152.558625, "TAC/USDT": 1784270152.558625}, "vals": {"BANK/USDT": 3.07}}