{"set": ["BAS/USDT", "GUA/USDT", "M/USDT", "MAGMA/USDT", "TLM/USDT", "US/USDT"], "left": {"NFP/USDT": 1783054882.8246603, "VELVET/USDT": 1783057559.6459973, "TAC/USDT": 1783066278.9986367, "ADA/USDT": 1783068699.328315}, "vals": {"US/USDT": 3.76, "BAS/USDT": 15.91, "M/USDT": 10.76, "GUA/USDT": 13.19, "TLM/USDT": 11.5, "MAGMA/USDT": 8.66}}