{"set": ["HMSTR/USDT", "VELVET/USDT"], "left": {"XLM/USDT": 1783116088.1500266, "THE/USDT": 1783123297.2848868, "ZKP/USDT": 1783123297.2848868, "ENA/USDT": 1783123297.2848868, "GUA/USDT": 1783123297.2848868, "ADA/USDT": 1783123297.2848868, "UB/USDT": 1783123297.2848868, "ARPA/USDT": 1783123297.2848868, "DOGE/USDT": 1783123297.2848868, "XRP/USDT": 1783123297.2848868, "XPL/USDT": 1783123297.2848868, "PIPPIN/USDT": 1783123297.2848868, "NOM/USDT": 1783123568.217241, "BASED/USDT": 1783123862.1217744, "1000BONK/USDT": 1783123862.1217744, "PEPE/USDT": 1783123862.1217744, "FLOKI/USDT": 1783123862.1217744, "ANSEM/USDT": 1783123862.1217744, "MAGMA/USDT": 1783123862.1217744, "NEX/USDT": 1783123862.1217744, "LAB/USDT": 1783125069.6271443, "TLM/USDT": 1783125353.2380233, "BAS/USDT": 1783127144.9836504}, "vals": {"HMSTR/USDT": 6.09, "VELVET/USDT": 3.02}}