{"set": ["ASTEROID/USDT", "BSB/USDT", "CLO/USDT", "EVAA/USDT", "JTO/USDT", "SIREN/USDT", "XLM/USDT", "XRP/USDT", "ZRO/USDT"], "left": {"WLFI/USDT": 1781545603.9212775, "CHIP/USDT": 1781550146.310581, "PEPE/USDT": 1781551306.9101093, "ENA/USDT": 1781560892.3096526, "FARTCOIN/USDT": 1781562369.5543702, "ESPORTS/USDT": 1781564481.917428}, "vals": {"ASTEROID/USDT": 67.95, "SIREN/USDT": 3.36, "EVAA/USDT": 75.84, "CLO/USDT": 3.43, "XRP/USDT": 4.38, "ZRO/USDT": 15.24, "XLM/USDT": 11.69, "JTO/USDT": 36.34, "BSB/USDT": 37.49}}