{"set": ["ARB/USDT", "EDGEX/USDT", "ENA/USDT", "EVAA/USDT", "TAG/USDT", "US/USDT"], "left": {"KAITO/USDT": 1783631165.7486725, "ESPORTS/USDT": 1783641690.7023995, "BASED/USDT": 1783641690.7023995, "SKYAI/USDT": 1783641690.7023995, "TAC/USDT": 1783645561.3696177, "LAB/USDT": 1783648884.6974123, "VANRY/USDT": 1783648884.6974123}, "vals": {"TAG/USDT": 9.37, "US/USDT": 5.07, "EDGEX/USDT": 5.94, "ENA/USDT": 3.19, "EVAA/USDT": 4.68, "ARB/USDT": 5.05}}