{"set": ["BLUR/USDT", "NES/USDT", "OPG/USDT", "TAC/USDT"], "left": {"M/USDT": 1783429313.8417206, "VANRY/USDT": 1783430493.8190887, "LIT/USDT": 1783434117.5776558, "TLM/USDT": 1783435315.3536253, "WLFI/USDT": 1783435598.902197}, "vals": {"BLUR/USDT": 11.94, "OPG/USDT": 5.26, "TAC/USDT": 52.68, "NES/USDT": 4.08}}