{"set": ["BIRB/USDT", "ENA/USDT", "LIT/USDT", "SLX/USDT"], "left": {"BAS/USDT": 1782966955.2973764, "BASED/USDT": 1782969670.7670445, "M/USDT": 1782975066.4561415, "UB/USDT": 1782978364.7368314, "LAB/USDT": 1782981670.6143816, "PEPE/USDT": 1782983166.2208455}, "vals": {"BIRB/USDT": 54.96, "SLX/USDT": 3.17, "ENA/USDT": 8.63, "LIT/USDT": 4.69}}