{"set": ["AKE/USDT", "BANK/USDT", "ENA/USDT", "LAB/USDT", "MIRA/USDT", "RE/USDT", "US/USDT"], "left": {"BONK/USDT": 1784739729.8562434, "ERA/USDT": 1784740001.2475564, "ONDO/USDT": 1784740923.4816012, "ADA/USDT": 1784740923.4816012}, "vals": {"AKE/USDT": 9.85, "BANK/USDT": 7.36, "US/USDT": 9.38, "LAB/USDT": 15.42, "RE/USDT": 17.52, "ENA/USDT": 4.41, "MIRA/USDT": 21.46}}