{"set": ["AKE/USDT", "B/USDT", "BANK/USDT", "ESPORTS/USDT", "FWDISTOCK/USDT", "NIGHT/USDT"], "left": {"XRP/USDT": 1784671291.06272, "LA/USDT": 1784678493.154449, "ENA/USDT": 1784678493.154449, "ERA/USDT": 1784678493.154449, "ONDO/USDT": 1784678493.154449, "GRAM/USDT": 1784678493.154449, "ONE/USDT": 1784678493.154449}, "vals": {"AKE/USDT": 6.03, "BANK/USDT": 12.44, "NIGHT/USDT": 12.02, "ESPORTS/USDT": 8.01, "B/USDT": 5.51, "FWDISTOCK/USDT": 12.84}}