{"set": ["ARB/USDT", "EVAA/USDT", "SKL/USDT", "TAG/USDT"], "left": {"VANRY/USDT": 1783656092.6123552, "LAB/USDT": 1783657892.4873512, "US/USDT": 1783662079.4856043, "EDGEX/USDT": 1783665679.5733185, "ENA/USDT": 1783670502.6197011}, "vals": {"TAG/USDT": 12.87, "SKL/USDT": 38.2, "EVAA/USDT": 27.05, "ARB/USDT": 6.7}}