{"set": ["AGT/USDT", "ASTER/USDT", "BLESS/USDT", "BTW/USDT", "ENA/USDT", "ESPORTS/USDT", "SPX/USDT", "XLM/USDT", "XPL/USDT"], "left": {"\u9f99\u867e/USDT": 1781693503.6220849, "UNI/USDT": 1781694395.6005182, "BR/USDT": 1781704931.8404937, "SIREN/USDT": 1781706106.1390588, "BSB/USDT": 1781710898.9003737}, "vals": {"AGT/USDT": 104.12, "BLESS/USDT": 4.06, "ESPORTS/USDT": 24.96, "SPX/USDT": 13.16, "ASTER/USDT": 16.87, "BTW/USDT": 10.27, "XPL/USDT": 29.17, "ENA/USDT": 7.31, "XLM/USDT": 6.8}}