{"set": ["ARB/USDT", "ENA/USDT", "EVAA/USDT", "TAG/USDT", "US/USDT"], "left": {"ESPORTS/USDT": 1783641690.7023995, "BASED/USDT": 1783641690.7023995, "SKYAI/USDT": 1783641690.7023995, "TAC/USDT": 1783645561.3696177, "LAB/USDT": 1783655770.6820495, "VANRY/USDT": 1783656092.6123552, "EDGEX/USDT": 1783656680.9755554}, "vals": {"TAG/USDT": 9.68, "US/USDT": 3.44, "ENA/USDT": 3.4, "EVAA/USDT": 9.64, "ARB/USDT": 4.55}}