{"set": ["AGT/USDT", "ASTER/USDT", "BSB/USDT", "CLO/USDT", "ENA/USDT", "ESPORTS/USDT", "SPX/USDT", "XLM/USDT", "XPL/USDT"], "left": {"SIREN/USDT": 1781706106.1390588, "BTW/USDT": 1781719603.0196798, "BR/USDT": 1781720501.8672824, "CFX/USDT": 1781722917.0172505, "BLESS/USDT": 1781724110.5312235}, "vals": {"AGT/USDT": 112.22, "ESPORTS/USDT": 42.35, "SPX/USDT": 14.54, "ASTER/USDT": 10.71, "XPL/USDT": 29.03, "CLO/USDT": 17.35, "ENA/USDT": 6.9, "BSB/USDT": 3.82, "XLM/USDT": 3.14}}