{"set": ["BEL/USDT", "EPIC/USDT", "UB/USDT"], "left": {"BICO/USDT": 1782000069.9734209, "GALA/USDT": 1782000069.9734209, "LAB/USDT": 1782000069.9734209, "CLO/USDT": 1782003954.350042, "SIREN/USDT": 1782011464.8930094, "BTW/USDT": 1782012064.233977, "ESPORTS/USDT": 1782012064.233977, "SLX/USDT": 1782012667.6009367, "BEAT/USDT": 1782012953.728224, "EIGEN/USDT": 1782018075.8703148, "ALICE/USDT": 1782018354.1884058}, "vals": {"UB/USDT": 14.53, "BEL/USDT": 3.88, "EPIC/USDT": 14.7}}