{"set": ["ADA/USDT", "BAS/USDT", "HMSTR/USDT", "LAB/USDT", "MIRA/USDT", "VANRY/USDT", "VELVET/USDT"], "left": {"XPL/USDT": 1783184489.3585856, "TLM/USDT": 1783191361.11306, "XRP/USDT": 1783196478.0427783, "ARPA/USDT": 1783198560.5781913, "XLM/USDT": 1783201563.3615756, "TAC/USDT": 1783204560.9418323}, "vals": {"HMSTR/USDT": 32.03, "VANRY/USDT": 52.0, "LAB/USDT": 152.64, "BAS/USDT": 20.25, "VELVET/USDT": 15.84, "MIRA/USDT": 13.16, "ADA/USDT": 6.62}}