{"set": ["BIO/USDT", "BTW/USDT", "CLO/USDT", "LAB/USDT", "VELVET/USDT"], "left": {"H/USDT": 1781811111.6969812, "FOLKS/USDT": 1781813494.8512738, "SKYAI/USDT": 1781818561.0220134, "XLM/USDT": 1781818867.4912863, "AGT/USDT": 1781819166.372815}, "vals": {"VELVET/USDT": 35.71, "LAB/USDT": 35.31, "BTW/USDT": 5.68, "CLO/USDT": 11.79, "BIO/USDT": 6.91}}