{"set": ["BTW/USDT", "CLO/USDT", "ESPORTS/USDT", "LAYER/USDT", "MMT/USDT", "RESOLV/USDT"], "left": {"H/USDT": 1782193564.0633771, "HMSTR/USDT": 1782194477.5189312, "ID/USDT": 1782203167.1947546, "BEL/USDT": 1782203478.1150124, "FOLKS/USDT": 1782206171.7866685}, "vals": {"BTW/USDT": 3.44, "RESOLV/USDT": 18.98, "MMT/USDT": 4.45, "ESPORTS/USDT": 16.5, "CLO/USDT": 10.26, "LAYER/USDT": 11.04}}