{"set": ["ANSEM/USDT", "DODO/USDT", "PIPPIN/USDT", "T/USDT"], "left": {"PEPE/USDT": 1783890961.1996794, "CLO/USDT": 1783900898.0197139, "VELVET/USDT": 1783900898.0197139, "BEAT/USDT": 1783900898.0197139, "VANRY/USDT": 1783900898.0197139}, "vals": {"T/USDT": 3.89, "DODO/USDT": 36.99, "PIPPIN/USDT": 3.38, "ANSEM/USDT": 12.51}}