{"set": ["BEAT/USDT", "BEL/USDT", "BTW/USDT", "CLO/USDT", "HEI/USDT"], "left": {"FOLKS/USDT": 1781877095.3719654, "BSB/USDT": 1781879573.9431124, "SKYAI/USDT": 1781886707.6679676}, "vals": {"BTW/USDT": 45.14, "BEL/USDT": 13.82, "CLO/USDT": 8.23, "BEAT/USDT": 22.16, "HEI/USDT": 42.19}}