{"set": ["ARB/USDT", "ENA/USDT", "PEPE/USDT", "SKL/USDT", "TAG/USDT", "VELVET/USDT"], "left": {"EVAA/USDT": 1783689119.642727, "SLX/USDT": 1783699326.616672, "NES/USDT": 1783699326.616672, "LAB/USDT": 1783700519.6662383, "SKYAI/USDT": 1783701715.5496628}, "vals": {"PEPE/USDT": 8.6, "TAG/USDT": 8.31, "SKL/USDT": 26.03, "VELVET/USDT": 4.27, "ENA/USDT": 3.7, "ARB/USDT": 3.13}}