{"set": ["BR/USDT", "BTW/USDT", "ESPORTS/USDT", "EVAA/USDT", "LAB/USDT", "SPX/USDT", "UNI/USDT", "XLM/USDT", "\u9f99\u867e/USDT"], "left": {"H/USDT": 1781668262.6370485, "SKYAI/USDT": 1781669465.9265976, "SIREN/USDT": 1781672760.9604423, "BEAT/USDT": 1781673664.3652246, "SPACE/USDT": 1781676091.3308692, "BLESS/USDT": 1781676970.9589026}, "vals": {"\u9f99\u867e/USDT": 4.38, "BR/USDT": 5.12, "LAB/USDT": 4.17, "SPX/USDT": 23.68, "BTW/USDT": 13.59, "ESPORTS/USDT": 16.22, "XLM/USDT": 4.42, "UNI/USDT": 9.64, "EVAA/USDT": 12.59}}