{"set": ["AKE/USDT", "BEAT/USDT", "PUMP/USDT", "RAVE/USDT", "US/USDT", "VANRY/USDT"], "left": {"PEPE/USDT": 1784123508.6452532, "PI/USDT": 1784127397.6196728, "BSB/USDT": 1784133132.2227702}, "vals": {"AKE/USDT": 249.58, "PUMP/USDT": 10.51, "US/USDT": 31.31, "RAVE/USDT": 12.06, "VANRY/USDT": 3.03, "BEAT/USDT": 7.01}}