{"set": ["LIT/USDT"], "left": {"WLFI/USDT": 1783288892.1587539, "ENA/USDT": 1783293677.5100284, "CAP/USDT": 1783296101.7064824, "BTW/USDT": 1783296101.7064824, "NES/USDT": 1783296101.7064824, "LAB/USDT": 1783296671.0950449, "VELVET/USDT": 1783299686.580346, "SKYAI/USDT": 1783299952.0989566, "MIRA/USDT": 1783300558.3173487, "EPIC/USDT": 1783302958.6800575, "TLM/USDT": 1783304157.2154553, "VANRY/USDT": 1783304157.2154553, "UB/USDT": 1783304470.2046342, "HMSTR/USDT": 1783304470.2046342}, "vals": {"LIT/USDT": 3.05}}