{"set": ["BTW/USDT", "LAB/USDT", "NES/USDT", "TLM/USDT", "UB/USDT", "VANRY/USDT", "VELVET/USDT"], "left": {"HMSTR/USDT": 1783266363.6915896, "M/USDT": 1783269086.9972239, "LIT/USDT": 1783274498.418961, "WLFI/USDT": 1783277474.0964139}, "vals": {"UB/USDT": 19.01, "VANRY/USDT": 20.86, "LAB/USDT": 8.08, "BTW/USDT": 17.75, "NES/USDT": 24.85, "VELVET/USDT": 3.02, "TLM/USDT": 46.45}}