{"set": ["EVAA/USDT", "NES/USDT", "OPG/USDT"], "left": {"M/USDT": 1783429313.8417206, "VANRY/USDT": 1783430493.8190887, "LIT/USDT": 1783434117.5776558, "TLM/USDT": 1783435315.3536253, "TAC/USDT": 1783437114.274098, "WLFI/USDT": 1783442511.6459513, "BLUR/USDT": 1783442511.6459513}, "vals": {"OPG/USDT": 3.64, "NES/USDT": 4.04, "EVAA/USDT": 113.93}}