{"set": ["CLO/USDT", "H/USDT", "LAB/USDT", "SKYAI/USDT", "VELVET/USDT", "XLM/USDT"], "left": {"SIREN/USDT": 1781781403.490746, "HOME/USDT": 1781787725.655748, "AGT/USDT": 1781787725.655748, "BIO/USDT": 1781794001.5678475, "\u9f99\u867e/USDT": 1781794001.5678475, "FOLKS/USDT": 1781797901.553368, "BTW/USDT": 1781799711.271432}, "vals": {"LAB/USDT": 22.5, "VELVET/USDT": 52.48, "CLO/USDT": 14.63, "H/USDT": 3.87, "XLM/USDT": 7.67, "SKYAI/USDT": 3.62}}