{"set": ["B/USDT", "BANK/USDT", "HOME/USDT", "KAITO/USDT", "PI/USDT", "TLM/USDT"], "left": {"ESPORTS/USDT": 1784468768.4059088, "PEPE/USDT": 1784481659.0257938, "BONK/USDT": 1784484359.695248, "BILL/USDT": 1784485873.372501}, "vals": {"BANK/USDT": 77.55, "HOME/USDT": 3.61, "B/USDT": 42.92, "KAITO/USDT": 17.39, "PI/USDT": 9.72, "TLM/USDT": 49.94}}