{"set": ["NASDAQ:OBAI"], "left": {"NASDAQ:CCTG": 1781769705.2666976, "NASDAQ:SUGP": 1781769705.2666976, "NASDAQ:CRVO": 1781769705.2666976, "NASDAQ:ELTX": 1781770868.318212, "NASDAQ:GDHG": 1781770868.318212, "NASDAQ:CRE": 1781770868.318212, "NASDAQ:EHGO": 1781770868.318212, "NASDAQ:SDOT": 1781770868.318212, "NASDAQ:FTHM": 1781770868.318212, "NASDAQ:LNAI": 1781770868.318212, "NASDAQ:MNTS": 1781770868.318212, "NASDAQ:ICCM": 1781770868.318212, "AMEX:RGNT": 1781770868.318212, "NASDAQ:CLWT": 1781770868.318212, "AMEX:MCRP": 1781770868.318212, "NASDAQ:UTSI": 1781770868.318212}, "vals": {"NASDAQ:OBAI": 29.28}}