{"set": ["EDGEX/USDT", "KAITO/USDT", "SLX/USDT", "UNI/USDT", "VANRY/USDT"], "left": {"VELVET/USDT": 1783520793.9343097, "CLO/USDT": 1783526794.2447305, "EVAA/USDT": 1783528919.239938, "NES/USDT": 1783534316.4784322, "LDO/USDT": 1783535191.2500618}, "vals": {"EDGEX/USDT": 5.28, "VANRY/USDT": 13.03, "KAITO/USDT": 7.33, "SLX/USDT": 8.33, "UNI/USDT": 3.92}}