{"set": ["ESPORTS/USDT", "H/USDT", "JCT/USDT", "OPG/USDT"], "left": {"TRADOOR/USDT": 1781481361.106416, "CLO/USDT": 1781481673.613035, "BTW/USDT": 1781481673.613035, "XRP/USDT": 1781481673.613035, "SKYAI/USDT": 1781481673.613035, "ADA/USDT": 1781481673.613035, "EVAA/USDT": 1781482253.3253715, "COAI/USDT": 1781484059.012646, "JELLYJELLY/USDT": 1781485565.6646314, "SIREN/USDT": 1781485864.4004567, "LAB/USDT": 1781486463.1124449}, "vals": {"JCT/USDT": 4.94, "ESPORTS/USDT": 5.02, "OPG/USDT": 5.19, "H/USDT": 7.34}}