{"set": ["BANK/USDT"], "left": {"FLOCK/USDT": 1784246480.3950748, "AKE/USDT": 1784247964.9534473, "LAB/USDT": 1784248559.4605422, "RAVE/USDT": 1784250962.934766, "ESPORTS/USDT": 1784257872.7741404, "CRO/USDT": 1784260880.8118584, "US/USDT": 1784262965.5637314, "TAC/USDT": 1784265953.183702, "KAITO/USDT": 1784265953.183702, "SKYAI/USDT": 1784265953.183702}, "vals": {"BANK/USDT": 3.53}}