{"set": ["BEAT/USDT", "CLO/USDT", "T/USDT", "VANRY/USDT", "VELVET/USDT"], "left": {"ENA/USDT": 1783850157.7283676, "SKYAI/USDT": 1783850492.040027, "B/USDT": 1783857087.3878386, "TAG/USDT": 1783869361.0187836, "PEPE/USDT": 1783869685.5091922}, "vals": {"T/USDT": 9.82, "VELVET/USDT": 31.76, "VANRY/USDT": 13.8, "CLO/USDT": 4.47, "BEAT/USDT": 17.09}}