{"set": ["BAS/USDT", "LAB/USDT", "O/USDT", "SLX/USDT"], "left": {"G/USDT": 1782302490.2419248, "BLESS/USDT": 1782306969.3825095, "CLO/USDT": 1782310571.6127245, "BEL/USDT": 1782312703.391626, "BTW/USDT": 1782317201.2082245, "SAHARA/USDT": 1782318102.6502154}, "vals": {"BAS/USDT": 33.96, "LAB/USDT": 18.87, "SLX/USDT": 19.24, "O/USDT": 32.22}}