{"set": ["AGT/USDT", "BEL/USDT", "BICO/USDT", "BTW/USDT", "CLO/USDT", "EIGEN/USDT"], "left": {"ENA/USDT": 1781936761.9218526, "BSB/USDT": 1781937073.213171, "ASTEROID/USDT": 1781940674.0638392, "BEAT/USDT": 1781944562.8452747, "UB/USDT": 1781944562.8452747, "HEI/USDT": 1781949681.8658605, "GALA/USDT": 1781951164.1377556, "SKYAI/USDT": 1781951164.1377556, "ESPORTS/USDT": 1781952062.982629}, "vals": {"AGT/USDT": 4.51, "BTW/USDT": 37.98, "BEL/USDT": 49.41, "CLO/USDT": 15.57, "EIGEN/USDT": 8.35, "BICO/USDT": 25.37}}