{"set": ["TAG/USDT"], "left": {"ENA/USDT": 1783801277.7370703, "ADA/USDT": 1783801277.7370703, "ARB/USDT": 1783812358.1646605, "T/USDT": 1783814490.6812153, "CLO/USDT": 1783814490.6812153, "XPIN/USDT": 1783816323.0349748, "B/USDT": 1783816884.7921636, "SXT/USDT": 1783817766.0488455}, "vals": {"TAG/USDT": 3.75}}