{"set": ["CLO/USDT", "ESPORTS/USDT", "H/USDT", "JCT/USDT"], "left": {"TRADOOR/USDT": 1781481361.106416, "BTW/USDT": 1781481673.613035, "XRP/USDT": 1781481673.613035, "SKYAI/USDT": 1781481673.613035, "ADA/USDT": 1781481673.613035, "EVAA/USDT": 1781482253.3253715, "COAI/USDT": 1781484059.012646, "JELLYJELLY/USDT": 1781485565.6646314, "SIREN/USDT": 1781485864.4004567, "LAB/USDT": 1781486463.1124449, "OPG/USDT": 1781488257.9583573}, "vals": {"JCT/USDT": 5.92, "ESPORTS/USDT": 5.17, "H/USDT": 9.8, "CLO/USDT": 11.83}}