{"set": ["ACT/USDT", "LAB/USDT", "MANTA/USDT", "O/USDT", "RAVE/USDT", "UB/USDT", "VELVET/USDT", "WIF/USDT"], "left": {"BTW/USDT": 1782645662.3460834, "PUMP/USDT": 1782655279.7240782, "\u5e01\u5b89\u4eba\u751f/USDT": 1782660950.5243452, "SLX/USDT": 1782665162.590015}, "vals": {"ACT/USDT": 51.4, "UB/USDT": 10.69, "VELVET/USDT": 15.64, "LAB/USDT": 6.22, "RAVE/USDT": 21.67, "MANTA/USDT": 23.55, "O/USDT": 23.17, "WIF/USDT": 4.94}}