{"set": ["BEL/USDT", "BICO/USDT", "BTW/USDT", "CLO/USDT", "EPIC/USDT", "ESPORTS/USDT", "GALA/USDT"], "left": {"SIREN/USDT": 1781973660.7235167, "EIGEN/USDT": 1781974879.7151213, "AGT/USDT": 1781976062.0245337, "LAB/USDT": 1781976364.7510116, "BLESS/USDT": 1781976364.7510116}, "vals": {"BTW/USDT": 50.31, "BEL/USDT": 36.89, "ESPORTS/USDT": 11.16, "GALA/USDT": 6.33, "CLO/USDT": 27.67, "BICO/USDT": 52.56, "EPIC/USDT": 8.28}}