{"set": ["ADA/USDT", "BAS/USDT", "BASED/USDT", "BTW/USDT", "DYDX/USDT", "M/USDT", "NFP/USDT", "SKYAI/USDT", "TAIKO/USDT", "XLM/USDT"], "left": {"H/USDT": 1782878264.681469, "RAVE/USDT": 1782880563.4311125, "RE/USDT": 1782882087.2449737, "BEAT/USDT": 1782887166.1826334, "O/USDT": 1782897073.9220588}, "vals": {"BAS/USDT": 13.79, "BTW/USDT": 22.19, "BASED/USDT": 10.89, "NFP/USDT": 45.82, "M/USDT": 4.44, "TAIKO/USDT": 13.38, "XLM/USDT": 6.95, "ADA/USDT": 4.51, "SKYAI/USDT": 4.0, "DYDX/USDT": 10.38}}