{"set": ["ARB/USDT", "EVAA/USDT", "SKL/USDT", "TAG/USDT", "VELVET/USDT"], "left": {"VANRY/USDT": 1783656092.6123552, "LAB/USDT": 1783657892.4873512, "US/USDT": 1783662079.4856043, "EDGEX/USDT": 1783665679.5733185, "ENA/USDT": 1783674100.9691825, "PEPE/USDT": 1783674971.1968925}, "vals": {"TAG/USDT": 17.26, "SKL/USDT": 38.2, "VELVET/USDT": 28.47, "ARB/USDT": 8.37, "EVAA/USDT": 14.61}}