{"set": ["ASTEROID/USDT", "ENA/USDT", "FET/USDT", "FLOKI/USDT", "LAB/USDT", "MYX/USDT", "PENGU/USDT", "POL/USDT", "SEI/USDT", "SYN/USDT", "VELVET/USDT", "VIRTUAL/USDT"], "left": {"H/USDT": 1781811111.6969812, "FOLKS/USDT": 1781813494.8512738, "SKYAI/USDT": 1781818561.0220134, "AGT/USDT": 1781822466.085143, "BIO/USDT": 1781827299.6970115, "CLO/USDT": 1781827299.6970115, "XLM/USDT": 1781827299.6970115, "BTW/USDT": 1781827299.6970115}, "vals": {"FLOKI/USDT": 6.67, "ASTEROID/USDT": 108.75, "VELVET/USDT": 7.73, "SYN/USDT": 13.92, "MYX/USDT": 5.12, "POL/USDT": 3.55, "ENA/USDT": 5.47, "SEI/USDT": 5.52, "VIRTUAL/USDT": 4.77, "PENGU/USDT": 3.8, "FET/USDT": 3.73, "LAB/USDT": 11.39}}