{"set": ["BEAT/USDT", "BTW/USDT", "LAB/USDT", "SKYAI/USDT", "SLX/USDT"], "left": {"HEI/USDT": 1782432091.6756217, "XPL/USDT": 1782432091.6756217, "M/USDT": 1782432363.2367258, "FARTCOIN/USDT": 1782432673.1264422, "H/USDT": 1782433259.2305038, "RESOLV/USDT": 1782436260.641591, "BAS/USDT": 1782439860.2622604, "BEL/USDT": 1782447364.0422156, "IP/USDT": 1782447662.282406, "ESPORTS/USDT": 1782448274.1921105, "UB/USDT": 1782448274.1921105}, "vals": {"SLX/USDT": 4.05, "LAB/USDT": 3.53, "BTW/USDT": 3.3, "SKYAI/USDT": 7.98, "BEAT/USDT": 9.26}}