{"set": ["ADA/USDT", "ENA/USDT", "ERA/USDT", "ESPORTS/USDT", "NIGHT/USDT", "ONDO/USDT"], "left": {"AKE/USDT": 1784625686.5113473, "B/USDT": 1784636473.4049096, "US/USDT": 1784638902.7924066, "XRP/USDT": 1784643688.436981}, "vals": {"ERA/USDT": 61.33, "ESPORTS/USDT": 36.19, "NIGHT/USDT": 10.14, "ADA/USDT": 3.6, "ENA/USDT": 4.65, "ONDO/USDT": 14.44}}