{"set": ["GUA/USDT", "M/USDT", "MAGMA/USDT", "TAC/USDT", "TLM/USDT", "US/USDT"], "left": {"BASED/USDT": 1783040754.4473329, "SKYAI/USDT": 1783042550.1302118, "TAIKO/USDT": 1783045553.4454162, "ADA/USDT": 1783051553.579309, "NFP/USDT": 1783054882.8246603, "VELVET/USDT": 1783057559.6459973}, "vals": {"US/USDT": 3.25, "M/USDT": 6.88, "GUA/USDT": 7.97, "TLM/USDT": 17.9, "MAGMA/USDT": 3.4, "TAC/USDT": 3.26}}