{"set": ["BEAT/USDT", "BEL/USDT", "LAB/USDT", "RESOLV/USDT", "SKYAI/USDT", "SLX/USDT", "WLFI/USDT"], "left": {"EVAA/USDT": 1782385286.939095, "BLESS/USDT": 1782388917.2101676, "BAS/USDT": 1782403324.4644468, "XPL/USDT": 1782404195.4882438, "H/USDT": 1782406300.4531302}, "vals": {"SLX/USDT": 19.08, "LAB/USDT": 15.66, "RESOLV/USDT": 11.96, "WLFI/USDT": 3.08, "SKYAI/USDT": 10.86, "BEAT/USDT": 22.57, "BEL/USDT": 8.14}}