{"set": ["AKE/USDT", "BANK/USDT", "ESPORTS/USDT", "KAITO/USDT", "RAVE/USDT", "US/USDT"], "left": {"ENA/USDT": 1784217402.2606943, "FLOCK/USDT": 1784225197.1865735, "PUMP/USDT": 1784231202.1523812, "ONDO/USDT": 1784231202.1523812}, "vals": {"AKE/USDT": 33.25, "BANK/USDT": 20.36, "US/USDT": 18.22, "ESPORTS/USDT": 29.0, "RAVE/USDT": 9.67, "KAITO/USDT": 8.59}}