{"set": ["B/USDT", "ENA/USDT"], "left": {"T/USDT": 1784000475.9117653, "ZBT/USDT": 1784013089.8568041, "LAB/USDT": 1784019965.727319, "VELVET/USDT": 1784020563.9516664, "BILL/USDT": 1784020563.9516664}, "vals": {"B/USDT": 5.64, "ENA/USDT": 5.66}}