{"set": ["AIOT/USDT", "ALLO/USDT", "DEXE/USDT", "VELVET/USDT"], "left": {"US/USDT": 1783972934.413395, "BEAT/USDT": 1783974732.8572874, "JCT/USDT": 1783987300.7984977, "BILL/USDT": 1783987300.7984977}, "vals": {"AIOT/USDT": 24.36, "VELVET/USDT": 7.57, "ALLO/USDT": 9.89, "DEXE/USDT": 5.76}}