{"set": ["BEAT/USDT", "BSB/USDT", "BTW/USDT", "CLO/USDT", "HEI/USDT"], "left": {"VELVET/USDT": 1781861480.8552368, "SKYAI/USDT": 1781875296.5003781, "FOLKS/USDT": 1781877095.3719654}, "vals": {"BTW/USDT": 41.8, "CLO/USDT": 10.6, "BEAT/USDT": 18.37, "BSB/USDT": 7.88, "HEI/USDT": 43.45}}