{"set": ["TLM/USDT"], "left": {"VELVET/USDT": 1783231287.6714854, "M/USDT": 1783235156.7288575, "BAS/USDT": 1783236069.9352868, "VANRY/USDT": 1783244470.3432965, "LAB/USDT": 1783244756.1461775}, "vals": {"TLM/USDT": 14.77}}