{"set": ["BEAT/USDT", "BLESS/USDT", "BTW/USDT", "ESPORTS/USDT", "LAB/USDT", "SIREN/USDT", "UNI/USDT", "XLM/USDT", "\u9f99\u867e/USDT"], "left": {"JTO/USDT": 1781654485.207243, "ASTEROID/USDT": 1781654485.207243, "LUNC/USDT": 1781654750.7251735, "VELVET/USDT": 1781654750.7251735, "BSB/USDT": 1781655354.1214187, "EVAA/USDT": 1781655959.2465234, "H/USDT": 1781668262.6370485, "SKYAI/USDT": 1781669465.9265976, "SPACE/USDT": 1781669767.8997996, "SPX/USDT": 1781672489.5488448, "BR/USDT": 1781672489.5488448}, "vals": {"\u9f99\u867e/USDT": 3.56, "BLESS/USDT": 7.8, "SIREN/USDT": 3.0, "LAB/USDT": 5.18, "BTW/USDT": 30.13, "ESPORTS/USDT": 17.49, "BEAT/USDT": 11.74, "XLM/USDT": 3.63, "UNI/USDT": 8.3}}