{"set": ["AIGENSYN/USDT", "BTW/USDT", "H/USDT", "TAC/USDT", "XLM/USDT"], "left": {"BSB/USDT": 1782820889.3240445, "SLX/USDT": 1782838920.917782, "IN/USDT": 1782840398.3848712}, "vals": {"AIGENSYN/USDT": 3.65, "TAC/USDT": 6.01, "BTW/USDT": 8.12, "XLM/USDT": 4.65, "H/USDT": 16.75}}