{"set": ["ACT/USDT", "BAS/USDT", "ENA/USDT", "RAVE/USDT", "SLX/USDT", "UB/USDT"], "left": {"POWR/USDT": 1782693061.7186444, "MAGIC/USDT": 1782693061.7186444, "BTW/USDT": 1782694552.992421, "AGLD/USDT": 1782698160.6993742, "SKYAI/USDT": 1782700551.8194292, "BEAT/USDT": 1782701760.3329859, "MANTA/USDT": 1782703264.1026807, "VELVET/USDT": 1782703871.3559985, "O/USDT": 1782714362.6655598}, "vals": {"UB/USDT": 10.39, "ACT/USDT": 17.09, "BAS/USDT": 3.6, "RAVE/USDT": 43.38, "SLX/USDT": 14.26, "ENA/USDT": 3.22}}