{"set": ["ASTEROID/USDT", "BEAT/USDT", "BSB/USDT", "LAB/USDT", "SIREN/USDT", "SKYAI/USDT"], "left": {"ENA/USDT": 1781560892.3096526, "FARTCOIN/USDT": 1781562369.5543702, "ZRO/USDT": 1781568083.7734823, "JTO/USDT": 1781568083.7734823, "XRP/USDT": 1781568083.7734823, "CLO/USDT": 1781568083.7734823, "ESPORTS/USDT": 1781568083.7734823, "VELVET/USDT": 1781568354.5492907, "EVAA/USDT": 1781570763.2897978, "XLM/USDT": 1781571065.9299102, "H/USDT": 1781571065.9299102}, "vals": {"ASTEROID/USDT": 38.45, "SIREN/USDT": 3.14, "SKYAI/USDT": 5.43, "LAB/USDT": 3.13, "BEAT/USDT": 4.14, "BSB/USDT": 7.51}}