{"set": ["AGLD/USDT", "LAB/USDT", "MAGMA/USDT", "SLX/USDT", "VELVET/USDT"], "left": {"H/USDT": 1782514894.6638541, "JTO/USDT": 1782518468.9153395, "ESPORTS/USDT": 1782518468.9153395, "BEAT/USDT": 1782518468.9153395, "ADA/USDT": 1782518468.9153395, "G/USDT": 1782518764.362656, "UB/USDT": 1782519069.0075705, "SKYAI/USDT": 1782519069.0075705, "WIF/USDT": 1782519069.0075705, "FARTCOIN/USDT": 1782519069.0075705, "PUMPFUN/USDT": 1782519069.0075705, "BAS/USDT": 1782519366.7886963}, "vals": {"MAGMA/USDT": 4.12, "VELVET/USDT": 8.44, "LAB/USDT": 3.22, "AGLD/USDT": 9.11, "SLX/USDT": 10.31}}