{"set": ["AKE/USDT", "BANK/USDT", "LRC/USDT", "ONDO/USDT", "US/USDT"], "left": {"ESPORTS/USDT": 1784289361.5060365, "BILL/USDT": 1784291480.5933228, "ADA/USDT": 1784309800.0431507, "KAITO/USDT": 1784310101.07536}, "vals": {"AKE/USDT": 27.95, "BANK/USDT": 17.05, "US/USDT": 8.82, "LRC/USDT": 38.88, "ONDO/USDT": 3.71}}