{"set": ["ALLO/USDT", "BEL/USDT", "BTW/USDT", "CLO/USDT", "EIGEN/USDT", "ENA/USDT", "ID/USDT", "RESOLV/USDT"], "left": {"HMSTR/USDT": 1782124881.5059009, "DOGE/USDT": 1782137202.693339, "UB/USDT": 1782137510.7530808, "XRP/USDT": 1782137510.7530808, "ADA/USDT": 1782138403.9731681, "PEPE/USDT": 1782140211.7041087}, "vals": {"BTW/USDT": 52.41, "RESOLV/USDT": 4.04, "CLO/USDT": 26.96, "ENA/USDT": 11.95, "BEL/USDT": 24.4, "ID/USDT": 18.75, "EIGEN/USDT": 13.95, "ALLO/USDT": 14.66}}