{"set": ["ASTEROID/USDT", "BSB/USDT", "FARTCOIN/USDT", "H/USDT", "JTO/USDT", "LAB/USDT", "SKYAI/USDT", "SPACE/USDT", "UNI/USDT", "VELVET/USDT", "\u9f99\u867e/USDT"], "left": {"ZRO/USDT": 1781607718.8485653, "CHIP/USDT": 1781613111.0452197, "ENA/USDT": 1781615200.7178867, "OPG/USDT": 1781623605.6902158, "XLM/USDT": 1781624809.4719107}, "vals": {"ASTEROID/USDT": 20.0, "SPACE/USDT": 14.84, "\u9f99\u867e/USDT": 38.2, "VELVET/USDT": 4.23, "LAB/USDT": 41.52, "H/USDT": 3.26, "SKYAI/USDT": 22.17, "BSB/USDT": 46.16, "JTO/USDT": 10.05, "UNI/USDT": 6.58, "FARTCOIN/USDT": 3.9}}