{"set": ["ACT/USDT", "AGLD/USDT", "O/USDT", "RAVE/USDT", "RE/USDT", "TAC/USDT", "UB/USDT"], "left": {"WIF/USDT": 1782748298.6996446, "GWEI/USDT": 1782751299.420819, "ADA/USDT": 1782755498.7968976, "ENA/USDT": 1782758799.5168116, "BEAT/USDT": 1782769262.8179314}, "vals": {"TAC/USDT": 163.02, "UB/USDT": 40.62, "RAVE/USDT": 33.83, "ACT/USDT": 15.27, "O/USDT": 9.89, "RE/USDT": 28.72, "AGLD/USDT": 23.27}}