{"set": ["BTW/USDT", "ESPORTS/USDT", "H/USDT", "LAB/USDT", "SKYAI/USDT", "VELVET/USDT", "XPL/USDT"], "left": {"BEAT/USDT": 1781413867.731363, "SIREN/USDT": 1781419275.604243, "MEGA/USDT": 1781430421.0614576, "JCT/USDT": 1781430726.673498, "COAI/USDT": 1781430726.673498}, "vals": {"VELVET/USDT": 29.57, "ESPORTS/USDT": 7.61, "H/USDT": 66.33, "BTW/USDT": 3.45, "LAB/USDT": 8.49, "XPL/USDT": 3.54, "SKYAI/USDT": 3.52}}