{"set": ["ACE/USDT", "BANK/USDT", "BONK/USDT", "HANA/USDT", "KAITO/USDT", "ONDO/USDT", "PI/USDT", "PROM/USDT"], "left": {"HOME/USDT": 1784561775.2969363, "PEPE/USDT": 1784564500.1598353, "LAB/USDT": 1784568398.64854, "B/USDT": 1784570799.41474, "ENA/USDT": 1784574394.6410167}, "vals": {"BONK/USDT": 8.62, "HANA/USDT": 19.05, "BANK/USDT": 26.18, "ACE/USDT": 55.28, "PROM/USDT": 29.89, "KAITO/USDT": 3.19, "ONDO/USDT": 3.1, "PI/USDT": 7.02}}