{"set": ["BR/USDT", "BTW/USDT", "ESPORTS/USDT", "EVAA/USDT", "LAB/USDT", "SPX/USDT", "UNI/USDT", "XLM/USDT", "\u9f99\u867e/USDT"], "left": {"H/USDT": 1781668262.6370485, "SKYAI/USDT": 1781669465.9265976, "SIREN/USDT": 1781672760.9604423, "BEAT/USDT": 1781673664.3652246, "SPACE/USDT": 1781676091.3308692, "BLESS/USDT": 1781676970.9589026}, "vals": {"\u9f99\u867e/USDT": 8.33, "BR/USDT": 7.7, "LAB/USDT": 4.46, "SPX/USDT": 22.61, "BTW/USDT": 18.29, "ESPORTS/USDT": 20.08, "UNI/USDT": 12.59, "XLM/USDT": 3.47, "EVAA/USDT": 4.94}}