{"set": ["ADA/USDT", "AIGENSYN/USDT", "BAS/USDT", "BASED/USDT", "BTW/USDT", "DYDX/USDT", "NFP/USDT", "SKYAI/USDT", "TAIKO/USDT", "XLM/USDT"], "left": {"RAVE/USDT": 1782880563.4311125, "RE/USDT": 1782882087.2449737, "BEAT/USDT": 1782887166.1826334, "M/USDT": 1782900367.2833912, "O/USDT": 1782901298.2856789}, "vals": {"AIGENSYN/USDT": 4.04, "BAS/USDT": 15.56, "BASED/USDT": 14.78, "BTW/USDT": 28.86, "TAIKO/USDT": 65.86, "NFP/USDT": 59.31, "XLM/USDT": 3.42, "ADA/USDT": 4.02, "SKYAI/USDT": 4.62, "DYDX/USDT": 10.28}}