{"set": ["ACT/USDT", "ENA/USDT", "O/USDT", "RAVE/USDT", "RE/USDT", "TAC/USDT", "UB/USDT"], "left": {"WIF/USDT": 1782748298.6996446, "GWEI/USDT": 1782751299.420819, "BEAT/USDT": 1782752518.4309266, "ADA/USDT": 1782754594.4221063}, "vals": {"TAC/USDT": 161.19, "UB/USDT": 30.18, "RAVE/USDT": 32.89, "ACT/USDT": 18.27, "ENA/USDT": 4.28, "O/USDT": 8.48, "RE/USDT": 29.74}}