{"set": ["AGT/USDT", "ASTER/USDT", "CLO/USDT", "ENA/USDT", "ESPORTS/USDT", "SPX/USDT", "XLM/USDT", "XPL/USDT"], "left": {"SIREN/USDT": 1781706106.1390588, "BSB/USDT": 1781717796.7338169, "BLESS/USDT": 1781718711.243285, "BTW/USDT": 1781719603.0196798, "BR/USDT": 1781720501.8672824, "CFX/USDT": 1781722917.0172505}, "vals": {"AGT/USDT": 107.73, "ESPORTS/USDT": 33.78, "SPX/USDT": 16.9, "ASTER/USDT": 10.94, "XPL/USDT": 31.06, "CLO/USDT": 15.77, "ENA/USDT": 9.3, "XLM/USDT": 4.58}}