{"set": ["BAS/USDT", "BTW/USDT", "M/USDT", "RE/USDT", "TAIKO/USDT", "XLM/USDT"], "left": {"VELVET/USDT": 1782858063.506421, "TAC/USDT": 1782866152.8073266, "BEAT/USDT": 1782867058.0822861, "AIGENSYN/USDT": 1782870962.4996216, "H/USDT": 1782872756.9294753, "BASED/USDT": 1782873663.6213746}, "vals": {"BAS/USDT": 3.91, "BTW/USDT": 18.86, "TAIKO/USDT": 3.31, "M/USDT": 8.21, "XLM/USDT": 7.35, "RE/USDT": 5.14}}