{"set": ["ACT/USDT", "MANTA/USDT", "O/USDT", "RAVE/USDT", "SLX/USDT", "UB/USDT", "VELVET/USDT"], "left": {"\u5e01\u5b89\u4eba\u751f/USDT": 1782660950.5243452, "WIF/USDT": 1782673561.6373107, "LAB/USDT": 1782681061.5314083}, "vals": {"ACT/USDT": 48.22, "UB/USDT": 11.33, "VELVET/USDT": 16.58, "MANTA/USDT": 11.62, "RAVE/USDT": 23.0, "SLX/USDT": 9.47, "O/USDT": 17.8}}