{"set": ["ACT/USDT", "GWEI/USDT", "O/USDT", "RAVE/USDT", "TAC/USDT", "UB/USDT"], "left": {"BAS/USDT": 1782714672.0819025, "SLX/USDT": 1782719161.136761, "ENA/USDT": 1782731769.4895978}, "vals": {"UB/USDT": 20.65, "GWEI/USDT": 36.25, "TAC/USDT": 119.12, "ACT/USDT": 17.18, "RAVE/USDT": 24.59, "O/USDT": 16.28}}