{"set": ["BEL/USDT", "BLESS/USDT", "LAB/USDT", "O/USDT", "SLX/USDT"], "left": {"ESPORTS/USDT": 1782285955.3146243, "BTW/USDT": 1782288361.8589675, "BEAT/USDT": 1782288361.8589675, "G/USDT": 1782302490.2419248, "CLO/USDT": 1782305763.848005}, "vals": {"BLESS/USDT": 3.01, "LAB/USDT": 14.94, "SLX/USDT": 27.24, "O/USDT": 32.24, "BEL/USDT": 3.18}}