{"set": ["ADA/USDT", "BEAT/USDT", "BTW/USDT", "M/USDT", "SKYAI/USDT", "TAIKO/USDT", "XLM/USDT"], "left": {"TAC/USDT": 1782866152.8073266, "AIGENSYN/USDT": 1782870962.4996216, "H/USDT": 1782878264.681469, "BASED/USDT": 1782879071.5931277, "BAS/USDT": 1782879364.6226685, "RAVE/USDT": 1782880563.4311125, "RE/USDT": 1782880563.4311125}, "vals": {"BTW/USDT": 19.55, "TAIKO/USDT": 6.11, "M/USDT": 6.65, "XLM/USDT": 6.24, "ADA/USDT": 4.51, "SKYAI/USDT": 7.71, "BEAT/USDT": 14.3}}