{"set": ["BTW/USDT", "H/USDT", "IN/USDT"], "left": {"BSB/USDT": 1782820889.3240445, "AIGENSYN/USDT": 1782832277.196669, "XLM/USDT": 1782833481.4853766, "TAC/USDT": 1782833481.4853766}, "vals": {"IN/USDT": 99.0, "BTW/USDT": 3.45, "H/USDT": 14.14}}