{"set": ["RESOLV/USDT", "TNSR/USDT", "UB/USDT"], "left": {"SIREN/USDT": 1782054081.0560644, "LAB/USDT": 1782055871.3949046, "ENA/USDT": 1782058561.4018724, "EPIC/USDT": 1782063361.0904973, "BEL/USDT": 1782066356.4676614, "BEAT/USDT": 1782067560.7861907, "WLFI/USDT": 1782067560.7861907}, "vals": {"UB/USDT": 50.01, "TNSR/USDT": 41.58, "RESOLV/USDT": 23.12}}