{"set": ["CLO/USDT", "ESPORTS/USDT", "LAYER/USDT", "MMT/USDT", "RESOLV/USDT"], "left": {"H/USDT": 1782193564.0633771, "HMSTR/USDT": 1782194477.5189312, "ID/USDT": 1782203167.1947546, "BEL/USDT": 1782203478.1150124, "FOLKS/USDT": 1782204669.4069252}, "vals": {"RESOLV/USDT": 14.71, "MMT/USDT": 3.25, "ESPORTS/USDT": 13.72, "CLO/USDT": 14.17, "LAYER/USDT": 12.1}}