{"set": ["CLO/USDT", "EDGEX/USDT", "SKYAI/USDT", "TAG/USDT", "VANRY/USDT"], "left": {"LDO/USDT": 1783553159.1583135, "NES/USDT": 1783555311.7287774, "SLX/USDT": 1783555311.7287774, "APE/USDT": 1783556172.0513215, "KAITO/USDT": 1783556172.0513215, "RAVE/USDT": 1783556172.0513215, "FET/USDT": 1783556172.0513215, "ANSEM/USDT": 1783556172.0513215, "UAI/USDT": 1783556172.0513215, "OGN/USDT": 1783556172.0513215, "EVAA/USDT": 1783559488.4230435, "LAB/USDT": 1783564557.8091063, "POWER/USDT": 1783569079.9499648}, "vals": {"TAG/USDT": 5.05, "EDGEX/USDT": 3.42, "VANRY/USDT": 5.35, "SKYAI/USDT": 12.4, "CLO/USDT": 10.18}}