{"set": ["ADA/USDT", "BASED/USDT", "BTW/USDT", "LIT/USDT", "M/USDT", "NFP/USDT", "TAIKO/USDT", "XLM/USDT", "ZBT/USDT"], "left": {"DYDX/USDT": 1782928922.848585, "BAS/USDT": 1782931300.4252787, "AIGENSYN/USDT": 1782936117.144154, "SKYAI/USDT": 1782940285.1011455, "XRP/USDT": 1782945079.1081045, "O/USDT": 1782946884.3406026}, "vals": {"TAIKO/USDT": 416.69, "NFP/USDT": 407.28, "BASED/USDT": 26.83, "ZBT/USDT": 23.85, "M/USDT": 70.51, "BTW/USDT": 27.9, "ADA/USDT": 7.56, "XLM/USDT": 5.2, "LIT/USDT": 12.65}}