{"set": ["BIRB/USDT", "ENA/USDT", "M/USDT"], "left": {"ZBT/USDT": 1782954079.413939, "H/USDT": 1782961281.5942914, "BAS/USDT": 1782966955.2973764, "BASED/USDT": 1782969670.7670445, "LAB/USDT": 1782971751.6867611, "UB/USDT": 1782973557.1582727, "SLX/USDT": 1782973872.5278656}, "vals": {"BIRB/USDT": 73.92, "M/USDT": 3.74, "ENA/USDT": 6.58}}