{"set": ["EDGEX/USDT", "KAITO/USDT", "SKYAI/USDT", "TAG/USDT", "VANRY/USDT"], "left": {"CLO/USDT": 1783587968.868174, "POWER/USDT": 1783589763.6256015, "UNI/USDT": 1783592763.5796893, "ENA/USDT": 1783592763.5796893}, "vals": {"TAG/USDT": 66.81, "EDGEX/USDT": 3.64, "VANRY/USDT": 11.27, "SKYAI/USDT": 9.28, "KAITO/USDT": 4.32}}