{"set": ["B/USDT", "BANK/USDT", "HOME/USDT", "KAITO/USDT", "PI/USDT", "TLM/USDT"], "left": {"ESPORTS/USDT": 1784468768.4059088, "PEPE/USDT": 1784481659.0257938, "BONK/USDT": 1784484359.695248, "BILL/USDT": 1784486467.8048453}, "vals": {"BANK/USDT": 79.74, "HOME/USDT": 4.03, "B/USDT": 43.76, "KAITO/USDT": 17.88, "PI/USDT": 9.95, "TLM/USDT": 46.42}}