{"set": ["AMEX:LGPS", "NASDAQ:EHGO", "NASDAQ:MIMI", "NASDAQ:SKYQ", "NASDAQ:SOBR"], "left": {"NASDAQ:JZXN": 1784016107.2714097, "NASDAQ:YYGH": 1784016107.2714097, "NASDAQ:CHSN": 1784016107.2714097, "NASDAQ:ELAB": 1784016107.2714097, "NASDAQ:GMM": 1784016107.2714097, "NASDAQ:WOK": 1784016107.2714097, "NASDAQ:PMA": 1784016107.2714097, "NASDAQ:PLSM": 1784017121.8157642, "NASDAQ:AURE": 1784017121.8157642}, "vals": {"NASDAQ:SOBR": 22.79, "NASDAQ:MIMI": 44.65, "AMEX:LGPS": 45.63, "NASDAQ:EHGO": 29.88, "NASDAQ:SKYQ": 16.82}}