{"set": ["BEAT/USDT", "BTW/USDT", "CLO/USDT"], "left": {"LAB/USDT": 1781839260.977391, "BIO/USDT": 1781841958.741841, "BASED/USDT": 1781844062.1616166, "ESPORTS/USDT": 1781844956.9527075, "BSB/USDT": 1781854554.125682, "VELVET/USDT": 1781857272.440626, "FOLKS/USDT": 1781857566.268383}, "vals": {"BTW/USDT": 26.31, "CLO/USDT": 6.35, "BEAT/USDT": 3.35}}