{"set": ["AKE/USDT", "BANK/USDT", "KAITO/USDT", "RIF/USDT", "SNXX/USDT", "WLFI/USDT", "ZAMA/USDT"], "left": {"O/USDT": 1784806279.7565594, "ERA/USDT": 1784808101.9070883, "LAB/USDT": 1784812590.830063, "ESPORTS/USDT": 1784825495.000704, "RE/USDT": 1784826125.8993177}, "vals": {"AKE/USDT": 46.02, "BANK/USDT": 13.94, "ZAMA/USDT": 17.16, "RIF/USDT": 79.86, "WLFI/USDT": 7.34, "KAITO/USDT": 5.58, "SNXX/USDT": 6.85}}