{"set": ["ASTEROID/USDT", "BSB/USDT", "CLO/USDT", "ESPORTS/USDT", "EVAA/USDT", "JTO/USDT", "XLM/USDT", "XRP/USDT", "ZRO/USDT"], "left": {"TRADOOR/USDT": 1781535721.159713, "ADA/USDT": 1781542302.2382748, "SIREN/USDT": 1781545307.1217198, "WLFI/USDT": 1781545603.9212775, "CHIP/USDT": 1781550146.310581, "ENA/USDT": 1781551306.9101093, "PEPE/USDT": 1781551306.9101093}, "vals": {"ASTEROID/USDT": 71.48, "EVAA/USDT": 72.43, "ESPORTS/USDT": 6.22, "CLO/USDT": 3.51, "XRP/USDT": 7.61, "ZRO/USDT": 16.6, "XLM/USDT": 15.42, "JTO/USDT": 39.19, "BSB/USDT": 33.94}}