{"set": ["AKE/USDT", "BANK/USDT", "KAITO/USDT", "ONDO/USDT", "US/USDT"], "left": {"SKYAI/USDT": 1784269265.0068219, "TAC/USDT": 1784275556.5844533, "ESPORTS/USDT": 1784289361.5060365, "BILL/USDT": 1784290192.8224971}, "vals": {"AKE/USDT": 14.09, "BANK/USDT": 19.46, "US/USDT": 3.93, "KAITO/USDT": 5.47, "ONDO/USDT": 4.84}}