{"set": ["ALLO/USDT", "BEL/USDT", "BTW/USDT", "CLO/USDT", "EIGEN/USDT", "ENA/USDT", "ID/USDT", "PEPE/USDT", "RESOLV/USDT"], "left": {"HMSTR/USDT": 1782124881.5059009, "DOGE/USDT": 1782137202.693339, "UB/USDT": 1782137510.7530808, "XRP/USDT": 1782137510.7530808, "ADA/USDT": 1782138403.9731681}, "vals": {"PEPE/USDT": 3.01, "BTW/USDT": 52.02, "RESOLV/USDT": 4.38, "CLO/USDT": 28.7, "ENA/USDT": 11.65, "BEL/USDT": 24.95, "ID/USDT": 18.0, "EIGEN/USDT": 14.29, "ALLO/USDT": 14.83}}