{"set": ["BTW/USDT", "CLO/USDT", "FOLKS/USDT", "LAB/USDT", "VELVET/USDT", "XLM/USDT"], "left": {"HOME/USDT": 1781787725.655748, "\u9f99\u867e/USDT": 1781794001.5678475, "AGT/USDT": 1781802703.5421944, "BIO/USDT": 1781803300.866273, "H/USDT": 1781803907.6361732, "SKYAI/USDT": 1781803907.6361732}, "vals": {"VELVET/USDT": 50.64, "LAB/USDT": 25.55, "BTW/USDT": 3.71, "CLO/USDT": 12.41, "XLM/USDT": 4.75, "FOLKS/USDT": 7.48}}