{"set": ["COAI/USDT", "ESPORTS/USDT", "H/USDT", "LAB/USDT", "MEGA/USDT", "VELVET/USDT"], "left": {"BEAT/USDT": 1781413867.731363, "SIREN/USDT": 1781419275.604243, "JCT/USDT": 1781421883.298276, "SKYAI/USDT": 1781424169.7260804, "BTW/USDT": 1781424415.2144573}, "vals": {"ESPORTS/USDT": 10.23, "VELVET/USDT": 41.06, "COAI/USDT": 8.46, "MEGA/USDT": 3.79, "H/USDT": 59.31, "LAB/USDT": 7.75}}