{"set": ["AKE/USDT", "BEAT/USDT", "PUMP/USDT", "RAVE/USDT", "US/USDT"], "left": {"PEPE/USDT": 1784123508.6452532, "PI/USDT": 1784127397.6196728, "BSB/USDT": 1784133132.2227702, "VANRY/USDT": 1784139722.3428466}, "vals": {"AKE/USDT": 242.31, "PUMP/USDT": 11.17, "US/USDT": 31.43, "RAVE/USDT": 11.86, "BEAT/USDT": 7.54}}