{"set": ["BEL/USDT", "BICO/USDT", "BTW/USDT", "ESPORTS/USDT", "HEI/USDT", "SKYAI/USDT"], "left": {"ENA/USDT": 1781936761.9218526, "BSB/USDT": 1781937073.213171, "CLO/USDT": 1781938881.122302, "ASTEROID/USDT": 1781940674.0638392, "BEAT/USDT": 1781944562.8452747, "UB/USDT": 1781944562.8452747, "EIGEN/USDT": 1781946663.3058136}, "vals": {"BTW/USDT": 30.78, "ESPORTS/USDT": 4.8, "BEL/USDT": 36.35, "BICO/USDT": 21.81, "SKYAI/USDT": 4.74, "HEI/USDT": 5.53}}