{"JCT/USDT": 1781383728.2055504, "VELVET/USDT": 1781383728.2055504, "COAI/USDT": 1781383728.2055504, "RIF/USDT": 1781383728.2055504, "BEAT/USDT": 1781383728.2055504, "XPL/USDT": 1781383728.2055504, "H/USDT": 1781383728.2055504, "SKYAI/USDT": 1781383728.2055504, "ENA/USDT": 1781383728.2055504}