{"set": ["BEAT/USDT", "BILL/USDT", "JCT/USDT", "VELVET/USDT"], "left": {"MAGMA/USDT": 1783962140.1435876, "B/USDT": 1783963328.5499465, "US/USDT": 1783969334.055609}, "vals": {"JCT/USDT": 21.61, "BILL/USDT": 16.99, "VELVET/USDT": 23.9, "BEAT/USDT": 4.05}}