{"set": ["BEAT/USDT", "BEL/USDT", "RESOLV/USDT", "TNSR/USDT", "UB/USDT", "WLFI/USDT"], "left": {"SIREN/USDT": 1782054081.0560644, "LAB/USDT": 1782055871.3949046, "ENA/USDT": 1782058561.4018724, "EPIC/USDT": 1782063361.0904973}, "vals": {"UB/USDT": 52.44, "TNSR/USDT": 45.29, "RESOLV/USDT": 12.39, "WLFI/USDT": 5.06, "BEL/USDT": 7.21, "BEAT/USDT": 3.09}}