{"set": ["BEAT/USDT", "BILL/USDT", "JCT/USDT", "VELVET/USDT"], "left": {"MAGMA/USDT": 1783962140.1435876, "B/USDT": 1783963328.5499465, "US/USDT": 1783972934.413395}, "vals": {"JCT/USDT": 22.9, "BILL/USDT": 17.78, "VELVET/USDT": 25.94, "BEAT/USDT": 4.94}}