{"set": ["BTW/USDT", "CLO/USDT", "ESPORTS/USDT", "H/USDT", "LAB/USDT", "SKYAI/USDT"], "left": {"XPL/USDT": 1781434933.697731, "VELVET/USDT": 1781444792.1403408, "JCT/USDT": 1781446321.9346998, "TRADOOR/USDT": 1781454434.9439418}, "vals": {"ESPORTS/USDT": 19.37, "H/USDT": 32.67, "BTW/USDT": 8.29, "CLO/USDT": 29.31, "LAB/USDT": 5.52, "SKYAI/USDT": 3.45}}