{"set": ["ADA/USDT", "ARPA/USDT", "BAS/USDT", "PEPE/USDT", "ZKP/USDT"], "left": {"TAC/USDT": 1783066278.9986367, "US/USDT": 1783076497.9331872, "M/USDT": 1783077676.7961626, "MAGMA/USDT": 1783084303.3080373, "TLM/USDT": 1783086711.4939227, "GUA/USDT": 1783087322.911763, "DOGE/USDT": 1783087322.911763}, "vals": {"PEPE/USDT": 3.89, "ARPA/USDT": 29.68, "ZKP/USDT": 24.99, "BAS/USDT": 24.04, "ADA/USDT": 5.2}}