{"set": ["ADA/USDT", "BSB/USDT", "ENA/USDT", "LAB/USDT", "TRIA/USDT", "XRP/USDT"], "left": {"PI/USDT": 1784047000.387953, "PEPE/USDT": 1784062900.1785555, "DOGE/USDT": 1784062900.1785555, "KAITO/USDT": 1784062900.1785555}, "vals": {"TRIA/USDT": 11.85, "LAB/USDT": 10.61, "BSB/USDT": 25.58, "XRP/USDT": 4.04, "ADA/USDT": 3.68, "ENA/USDT": 7.39}}