{"set": ["ASTEROID/USDT", "BSB/USDT", "FARTCOIN/USDT", "SKYAI/USDT"], "left": {"ZRO/USDT": 1781568083.7734823, "XRP/USDT": 1781568083.7734823, "CLO/USDT": 1781568083.7734823, "ESPORTS/USDT": 1781568083.7734823, "VELVET/USDT": 1781568354.5492907, "EVAA/USDT": 1781570763.2897978, "XLM/USDT": 1781571065.9299102, "H/USDT": 1781571065.9299102, "BEAT/USDT": 1781580952.8928974, "SIREN/USDT": 1781581858.4760873, "LAB/USDT": 1781583061.0591125, "JTO/USDT": 1781583061.0591125}, "vals": {"ASTEROID/USDT": 28.91, "SKYAI/USDT": 4.5, "BSB/USDT": 12.75, "FARTCOIN/USDT": 3.45}}