{"set": ["NES/USDT"], "left": {"OPG/USDT": 1783468890.0904126, "BLUR/USDT": 1783469755.6902192, "TLM/USDT": 1783470958.6890893, "US/USDT": 1783472500.8082616, "EPIC/USDT": 1783473673.5877848, "LAB/USDT": 1783474873.5287735, "SKYAI/USDT": 1783476091.7598207, "TAC/USDT": 1783476955.12267, "CLO/USDT": 1783477884.91791, "EDGEX/USDT": 1783478151.9256375, "EVAA/USDT": 1783479953.034194}, "vals": {"NES/USDT": 4.97}}