{"set": ["ACT/USDT", "BAS/USDT", "BEAT/USDT", "O/USDT", "SKYAI/USDT"], "left": {"LAB/USDT": 1782682330.3504665, "MANTA/USDT": 1782691284.653991, "UB/USDT": 1782691284.653991, "VELVET/USDT": 1782691854.3490047, "POWR/USDT": 1782693061.7186444, "SLX/USDT": 1782693061.7186444, "RAVE/USDT": 1782693061.7186444, "MAGIC/USDT": 1782693061.7186444, "BTW/USDT": 1782694552.992421}, "vals": {"BAS/USDT": 4.63, "ACT/USDT": 8.91, "SKYAI/USDT": 7.88, "O/USDT": 7.42, "BEAT/USDT": 3.66}}