{"set": ["BTW/USDT", "CLO/USDT", "EIGEN/USDT", "ENA/USDT", "HMSTR/USDT", "ID/USDT", "UB/USDT"], "left": {"TNSR/USDT": 1782107467.06685, "BEAT/USDT": 1782109558.5650342, "ADA/USDT": 1782118283.6734467, "BEL/USDT": 1782123675.9632735, "RESOLV/USDT": 1782124589.992479}, "vals": {"UB/USDT": 14.91, "BTW/USDT": 42.28, "HMSTR/USDT": 3.36, "CLO/USDT": 29.82, "ENA/USDT": 10.27, "EIGEN/USDT": 12.02, "ID/USDT": 22.12}}