{"set": ["ADA/USDT", "B/USDT", "ERA/USDT", "ESPORTS/USDT", "NIGHT/USDT"], "left": {"ACE/USDT": 1784592657.724769, "PROM/USDT": 1784595064.241671, "HEMI/USDT": 1784595359.653175, "BANK/USDT": 1784601073.8639216, "AKE/USDT": 1784610684.0711584, "ENA/USDT": 1784613958.1786313}, "vals": {"ERA/USDT": 63.23, "ESPORTS/USDT": 3.72, "NIGHT/USDT": 6.08, "B/USDT": 3.07, "ADA/USDT": 3.95}}