{"set": ["ESPORTS/USDT", "H/USDT", "JCT/USDT", "JELLYJELLY/USDT", "SIREN/USDT"], "left": {"TRADOOR/USDT": 1781481361.106416, "CLO/USDT": 1781481673.613035, "BTW/USDT": 1781481673.613035, "LAB/USDT": 1781481673.613035, "XRP/USDT": 1781481673.613035, "SKYAI/USDT": 1781481673.613035, "ADA/USDT": 1781481673.613035, "EVAA/USDT": 1781482253.3253715, "COAI/USDT": 1781484059.012646, "OPG/USDT": 1781484960.8780973}, "vals": {"JCT/USDT": 4.71, "SIREN/USDT": 8.5, "ESPORTS/USDT": 7.63, "JELLYJELLY/USDT": 3.81, "H/USDT": 9.08}}