{"set": ["B/USDT", "BEAT/USDT", "CLO/USDT", "T/USDT", "VANRY/USDT"], "left": {"ARB/USDT": 1783843886.3491313, "XPIN/USDT": 1783846554.796885, "ENA/USDT": 1783850157.7283676, "SKYAI/USDT": 1783850492.040027}, "vals": {"T/USDT": 26.7, "B/USDT": 4.52, "CLO/USDT": 8.36, "VANRY/USDT": 14.19, "BEAT/USDT": 17.74}}