{"set": ["ASTEROID/USDT", "BSB/USDT", "FARTCOIN/USDT", "JTO/USDT", "LAB/USDT", "SKYAI/USDT", "SPACE/USDT", "UNI/USDT", "XLM/USDT"], "left": {"SIREN/USDT": 1781597485.4952133, "WLFI/USDT": 1781597485.4952133, "CHIP/USDT": 1781607403.9245772, "ZRO/USDT": 1781607718.8485653, "ENA/USDT": 1781608296.8504572, "VELVET/USDT": 1781609506.126335}, "vals": {"ASTEROID/USDT": 30.98, "SPACE/USDT": 24.62, "LAB/USDT": 23.55, "XLM/USDT": 4.94, "SKYAI/USDT": 14.89, "BSB/USDT": 37.76, "JTO/USDT": 16.33, "FARTCOIN/USDT": 6.38, "UNI/USDT": 5.45}}