{"set": ["ARB/USDT", "ENA/USDT", "EVAA/USDT", "SKL/USDT", "TAG/USDT"], "left": {"TAC/USDT": 1783645561.3696177, "VANRY/USDT": 1783656092.6123552, "LAB/USDT": 1783657892.4873512, "US/USDT": 1783662079.4856043, "EDGEX/USDT": 1783665679.5733185}, "vals": {"TAG/USDT": 11.85, "SKL/USDT": 39.9, "ENA/USDT": 3.4, "EVAA/USDT": 23.06, "ARB/USDT": 6.53}}