{"set": ["BEAT/USDT", "BTW/USDT", "CLO/USDT", "HEI/USDT"], "left": {"VELVET/USDT": 1781861480.8552368, "SKYAI/USDT": 1781875296.5003781, "FOLKS/USDT": 1781877095.3719654, "BSB/USDT": 1781879573.9431124}, "vals": {"BTW/USDT": 37.92, "CLO/USDT": 4.39, "BEAT/USDT": 16.09, "HEI/USDT": 24.18}}