{"set": ["KAITO/USDT", "NES/USDT", "SLX/USDT", "VANRY/USDT"], "left": {"LDO/USDT": 1783535191.2500618, "UNI/USDT": 1783544196.627076, "EVAA/USDT": 1783548965.1617222, "EDGEX/USDT": 1783549291.5444176}, "vals": {"VANRY/USDT": 9.9, "NES/USDT": 4.33, "KAITO/USDT": 8.84, "SLX/USDT": 8.76}}