{"set": ["BTW/USDT", "ESPORTS/USDT", "LAB/USDT", "VELVET/USDT"], "left": {"MEGA/USDT": 1781430421.0614576, "JCT/USDT": 1781430726.673498, "COAI/USDT": 1781430726.673498, "SKYAI/USDT": 1781434601.3338828, "XPL/USDT": 1781434933.697731, "H/USDT": 1781443305.373017}, "vals": {"VELVET/USDT": 4.22, "ESPORTS/USDT": 16.55, "BTW/USDT": 4.72, "LAB/USDT": 4.47}}