{"set": ["ADA/USDT", "ARPA/USDT", "DOGE/USDT", "MAGMA/USDT", "PEPE/USDT", "THE/USDT", "TLM/USDT", "XPL/USDT", "ZKP/USDT"], "left": {"US/USDT": 1783076497.9331872, "M/USDT": 1783077676.7961626, "GUA/USDT": 1783090924.7562869, "BAS/USDT": 1783093300.9886749, "ENA/USDT": 1783093900.4055955, "XRP/USDT": 1783094526.7540724, "PIPPIN/USDT": 1783096596.9146833}, "vals": {"PEPE/USDT": 4.79, "ARPA/USDT": 40.81, "ZKP/USDT": 27.03, "THE/USDT": 10.05, "MAGMA/USDT": 19.69, "TLM/USDT": 7.52, "XPL/USDT": 20.66, "ADA/USDT": 7.0, "DOGE/USDT": 3.26}}