{"set": ["BAS/USDT", "LAB/USDT", "M/USDT", "TLM/USDT", "VANRY/USDT"], "left": {"MAGMA/USDT": 1783214152.3033066, "HMSTR/USDT": 1783216271.6822398, "VELVET/USDT": 1783231287.6714854}, "vals": {"VANRY/USDT": 7.1, "LAB/USDT": 4.81, "BAS/USDT": 3.06, "M/USDT": 3.11, "TLM/USDT": 16.01}}