{"set": ["NASDAQ:HIHO", "NASDAQ:VIVK"], "left": {"NASDAQ:SKYQ": 1784707291.5043178, "NASDAQ:ADVB": 1784707291.5043178, "NASDAQ:ZYBT": 1784707291.5043178, "NASDAQ:BIYA": 1784707291.5043178, "NASDAQ:RDGT": 1784709963.4824364}, "vals": {"NASDAQ:VIVK": 175.14, "NASDAQ:HIHO": 48.45}}