{"set": ["ADA/USDT", "BASED/USDT", "BTW/USDT", "SKYAI/USDT", "TAIKO/USDT", "XLM/USDT"], "left": {"AIGENSYN/USDT": 1782870962.4996216, "H/USDT": 1782878264.681469, "BAS/USDT": 1782879364.6226685, "RAVE/USDT": 1782880563.4311125, "RE/USDT": 1782882087.2449737, "BEAT/USDT": 1782887166.1826334, "M/USDT": 1782889559.4533644}, "vals": {"BTW/USDT": 18.0, "BASED/USDT": 16.26, "TAIKO/USDT": 8.03, "XLM/USDT": 6.12, "ADA/USDT": 3.81, "SKYAI/USDT": 15.46}}