{"set": ["AKE/USDT", "LAB/USDT"], "left": {"ESPORTS/USDT": 1784354475.1167405, "BANK/USDT": 1784371856.4127266}, "vals": {"AKE/USDT": 29.78, "LAB/USDT": 3.51}}