{"set": ["ADA/USDT", "ARB/USDT", "CLO/USDT", "T/USDT", "XPIN/USDT"], "left": {"SKL/USDT": 1783765557.1738527, "TAG/USDT": 1783768558.0159066, "SKYAI/USDT": 1783782026.1493845, "BEAT/USDT": 1783782026.1493845, "ENA/USDT": 1783782678.6023226, "HMSTR/USDT": 1783783887.6966646}, "vals": {"XPIN/USDT": 3.53, "T/USDT": 33.49, "CLO/USDT": 21.19, "ADA/USDT": 3.0, "ARB/USDT": 4.63}}