{"set": ["BTW/USDT", "TAIKO/USDT"], "left": {"VELVET/USDT": 1782858063.506421, "BEAT/USDT": 1782864086.2911942, "M/USDT": 1782864086.2911942, "XLM/USDT": 1782864352.1316218, "BAS/USDT": 1782864352.1316218, "AIGENSYN/USDT": 1782864352.1316218, "H/USDT": 1782865257.8642578, "TAC/USDT": 1782866152.8073266}, "vals": {"BTW/USDT": 4.39, "TAIKO/USDT": 10.7}}