{"set": ["BEAT/USDT", "BTW/USDT", "CLO/USDT", "FOLKS/USDT"], "left": {"LAB/USDT": 1781839260.977391, "BIO/USDT": 1781841958.741841, "VELVET/USDT": 1781843471.1378145, "BASED/USDT": 1781844062.1616166, "ESPORTS/USDT": 1781844956.9527075, "BSB/USDT": 1781854554.125682}, "vals": {"BTW/USDT": 15.58, "CLO/USDT": 8.06, "BEAT/USDT": 4.09, "FOLKS/USDT": 5.04}}