{"set": ["M/USDT", "SLX/USDT", "UB/USDT", "VELVET/USDT", "WIF/USDT"], "left": {"G/USDT": 1782546058.3500926, "ESPORTS/USDT": 1782554482.4956775, "JTO/USDT": 1782558659.0702903}, "vals": {"UB/USDT": 5.86, "VELVET/USDT": 88.96, "SLX/USDT": 10.93, "M/USDT": 7.27, "WIF/USDT": 8.13}}