{"set": ["CHIP/USDT", "CLO/USDT", "ESPORTS/USDT", "EVAA/USDT", "JCT/USDT", "JELLYJELLY/USDT", "SIREN/USDT", "VELVET/USDT"], "left": {"TRADOOR/USDT": 1781481361.106416, "BTW/USDT": 1781481673.613035, "XRP/USDT": 1781481673.613035, "SKYAI/USDT": 1781481673.613035, "ADA/USDT": 1781481673.613035, "COAI/USDT": 1781484059.012646, "LAB/USDT": 1781486463.1124449, "OPG/USDT": 1781488257.9583573, "H/USDT": 1781490069.5972364, "BEAT/USDT": 1781490960.807529}, "vals": {"JCT/USDT": 7.66, "SIREN/USDT": 4.36, "VELVET/USDT": 4.15, "CHIP/USDT": 5.72, "ESPORTS/USDT": 4.95, "JELLYJELLY/USDT": 4.42, "CLO/USDT": 26.03, "EVAA/USDT": 4.17}}