{"set": ["KAITO/USDT", "SKYAI/USDT", "VANRY/USDT"], "left": {"POWER/USDT": 1783589763.6256015, "UNI/USDT": 1783592763.5796893, "ENA/USDT": 1783592763.5796893, "EDGEX/USDT": 1783603011.964125, "TAG/USDT": 1783611124.8635566}, "vals": {"VANRY/USDT": 7.01, "SKYAI/USDT": 4.5, "KAITO/USDT": 3.01}}