{"set": ["BEAT/USDT", "SKL/USDT", "VIRTUAL/USDT", "XPIN/USDT"], "left": {"EVAA/USDT": 1783735287.41563, "SKYAI/USDT": 1783746087.935097, "TAG/USDT": 1783746087.935097, "B/USDT": 1783752362.0489285}, "vals": {"XPIN/USDT": 12.27, "SKL/USDT": 8.04, "VIRTUAL/USDT": 4.83, "BEAT/USDT": 5.18}}