{"set": ["AGT/USDT", "BEL/USDT", "BICO/USDT", "BTW/USDT", "EIGEN/USDT", "ESPORTS/USDT", "GALA/USDT", "SKYAI/USDT"], "left": {"ENA/USDT": 1781936761.9218526, "BSB/USDT": 1781937073.213171, "ASTEROID/USDT": 1781940674.0638392, "BEAT/USDT": 1781944562.8452747, "UB/USDT": 1781944562.8452747, "HEI/USDT": 1781949681.8658605, "CLO/USDT": 1781949681.8658605}, "vals": {"AGT/USDT": 20.71, "BTW/USDT": 38.67, "ESPORTS/USDT": 6.6, "BEL/USDT": 33.63, "GALA/USDT": 3.52, "EIGEN/USDT": 5.65, "BICO/USDT": 13.94, "SKYAI/USDT": 5.04}}