{"set": ["BTW/USDT", "H/USDT", "XLM/USDT"], "left": {"SLX/USDT": 1782838920.917782, "IN/USDT": 1782840398.3848712, "TAC/USDT": 1782843094.4822547, "VELVET/USDT": 1782843094.4822547, "AIGENSYN/USDT": 1782844306.371508}, "vals": {"BTW/USDT": 8.28, "XLM/USDT": 6.05, "H/USDT": 19.11}}