{"set": ["ASTEROID/USDT", "BEAT/USDT", "BSB/USDT", "BTW/USDT", "CLO/USDT", "ESPORTS/USDT", "UB/USDT"], "left": {"SKYAI/USDT": 1781911872.545053, "BEL/USDT": 1781913684.1579404, "SYN/USDT": 1781913954.9455822, "BLESS/USDT": 1781913954.9455822, "BASED/USDT": 1781915763.145682, "LAB/USDT": 1781916662.773172, "BICO/USDT": 1781921462.5297523, "HEI/USDT": 1781924153.5218754}, "vals": {"ASTEROID/USDT": 4.77, "UB/USDT": 4.47, "BTW/USDT": 4.88, "ESPORTS/USDT": 7.38, "CLO/USDT": 3.06, "BEAT/USDT": 3.35, "BSB/USDT": 4.22}}