{"set": ["BEAT/USDT", "EPIC/USDT", "LAB/USDT", "SIREN/USDT", "UB/USDT"], "left": {"BTW/USDT": 1782012064.233977, "SLX/USDT": 1782012667.6009367, "EIGEN/USDT": 1782018075.8703148, "BEL/USDT": 1782018959.8330061, "ALICE/USDT": 1782018959.8330061, "ESPORTS/USDT": 1782023755.1606114}, "vals": {"UB/USDT": 18.84, "SIREN/USDT": 3.04, "LAB/USDT": 13.78, "EPIC/USDT": 13.24, "BEAT/USDT": 3.06}}