{"set": ["BIRB/USDT", "BREV/USDT", "ENA/USDT", "LIT/USDT", "M/USDT", "PEPE/USDT"], "left": {"BAS/USDT": 1782966955.2973764, "BASED/USDT": 1782969670.7670445, "UB/USDT": 1782978364.7368314, "LAB/USDT": 1782981670.6143816, "SLX/USDT": 1782986775.91599}, "vals": {"PEPE/USDT": 3.7, "BIRB/USDT": 69.63, "BREV/USDT": 37.68, "M/USDT": 7.44, "ENA/USDT": 8.9, "LIT/USDT": 4.01}}