{"set": ["CLO/USDT", "ESPORTS/USDT", "H/USDT", "HMSTR/USDT", "ID/USDT", "LAYER/USDT", "RESOLV/USDT"], "left": {"ALLO/USDT": 1782172893.931539, "EIGEN/USDT": 1782172893.931539, "BEL/USDT": 1782172893.931539, "ENA/USDT": 1782172893.931539, "VELVET/USDT": 1782173246.1022189, "UB/USDT": 1782173246.1022189, "RE/USDT": 1782173246.1022189, "TNSR/USDT": 1782173246.1022189, "LAB/USDT": 1782173246.1022189, "BTW/USDT": 1782173246.1022189, "SYN/USDT": 1782173246.1022189, "NAORIS/USDT": 1782173246.1022189, "BLESS/USDT": 1782181261.7121751}, "vals": {"HMSTR/USDT": 3.17, "RESOLV/USDT": 5.38, "ESPORTS/USDT": 15.17, "CLO/USDT": 21.13, "LAYER/USDT": 9.26, "ID/USDT": 6.66, "H/USDT": 3.51}}