{"set": ["BLUR/USDT", "EDGEX/USDT", "EVAA/USDT", "NES/USDT"], "left": {"M/USDT": 1783429313.8417206, "VANRY/USDT": 1783430493.8190887, "LIT/USDT": 1783434117.5776558, "TLM/USDT": 1783435315.3536253, "TAC/USDT": 1783437114.274098, "OPG/USDT": 1783443388.7794688, "WLFI/USDT": 1783443988.4897203}, "vals": {"EDGEX/USDT": 25.21, "BLUR/USDT": 4.95, "NES/USDT": 8.8, "EVAA/USDT": 169.54}}