{"set": ["ALLO/USDT", "BEL/USDT", "BTW/USDT", "CLO/USDT", "EIGEN/USDT", "ENA/USDT", "ID/USDT", "LAYER/USDT", "PEPE/USDT", "RESOLV/USDT"], "left": {"HMSTR/USDT": 1782124881.5059009, "DOGE/USDT": 1782137202.693339, "UB/USDT": 1782137510.7530808, "XRP/USDT": 1782137510.7530808, "ADA/USDT": 1782138403.9731681}, "vals": {"PEPE/USDT": 3.01, "BTW/USDT": 22.41, "RESOLV/USDT": 4.52, "CLO/USDT": 30.84, "LAYER/USDT": 18.26, "ENA/USDT": 10.42, "BEL/USDT": 33.21, "ID/USDT": 20.56, "EIGEN/USDT": 13.73, "ALLO/USDT": 16.29}}