{"set": ["ID/USDT"], "left": {"ESPORTS/USDT": 1782259286.5653002, "BEAT/USDT": 1782259286.5653002, "RESOLV/USDT": 1782259286.5653002, "BTW/USDT": 1782259286.5653002, "HEI/USDT": 1782260157.580966, "UB/USDT": 1782260157.580966, "DYDX/USDT": 1782260157.580966, "BASED/USDT": 1782260157.580966}, "vals": {"ID/USDT": 3.41}}