{"set": ["ASTEROID/USDT", "BSB/USDT", "ENA/USDT", "EVAA/USDT", "JTO/USDT", "PEPE/USDT", "XLM/USDT", "XRP/USDT", "ZRO/USDT"], "left": {"TRADOOR/USDT": 1781535721.159713, "ADA/USDT": 1781542302.2382748, "SIREN/USDT": 1781545307.1217198, "WLFI/USDT": 1781545603.9212775, "CHIP/USDT": 1781550146.310581, "ESPORTS/USDT": 1781550716.3323693, "CLO/USDT": 1781551007.5885403}, "vals": {"PEPE/USDT": 4.01, "ASTEROID/USDT": 69.13, "EVAA/USDT": 73.99, "XRP/USDT": 8.73, "ENA/USDT": 3.75, "ZRO/USDT": 16.81, "XLM/USDT": 17.18, "JTO/USDT": 39.11, "BSB/USDT": 33.79}}