{"set": ["BAS/USDT", "BIRB/USDT", "BREV/USDT", "ENA/USDT", "M/USDT", "PEPE/USDT"], "left": {"BASED/USDT": 1782969670.7670445, "LAB/USDT": 1782981670.6143816, "UB/USDT": 1782988568.046464, "SLX/USDT": 1782988872.3451953, "LIT/USDT": 1782989170.0508554, "ADA/USDT": 1782989170.0508554}, "vals": {"PEPE/USDT": 4.05, "BIRB/USDT": 67.87, "BAS/USDT": 4.21, "BREV/USDT": 38.1, "M/USDT": 12.74, "ENA/USDT": 8.11}}