{"set": ["NASDAQ:GMM"], "left": {"NASDAQ:BJDX": 1783929701.7555168, "NASDAQ:JLHL": 1783929701.7555168, "NASDAQ:SUNE": 1783929701.7555168, "NASDAQ:VRAX": 1783929701.7555168, "NASDAQ:RPGL": 1783929701.7555168, "NASDAQ:WOK": 1783931492.8795018, "NASDAQ:ELAB": 1783931492.8795018, "NASDAQ:YYGH": 1783931492.8795018, "NASDAQ:PMA": 1783931492.8795018, "NASDAQ:JZXN": 1783931492.8795018, "NASDAQ:CHSN": 1783931492.8795018, "AMEX:INUV": 1783931492.8795018, "NASDAQ:CRE": 1783931492.8795018}, "vals": {"NASDAQ:GMM": 207.5}}