{"set": ["EPIC/USDT", "LIT/USDT", "TLM/USDT", "UB/USDT"], "left": {"WLFI/USDT": 1783288892.1587539, "ENA/USDT": 1783293677.5100284, "CAP/USDT": 1783296101.7064824, "BTW/USDT": 1783296101.7064824, "NES/USDT": 1783296101.7064824, "LAB/USDT": 1783296671.0950449, "VANRY/USDT": 1783299686.580346, "VELVET/USDT": 1783299686.580346, "SKYAI/USDT": 1783299952.0989566, "MIRA/USDT": 1783300558.3173487}, "vals": {"UB/USDT": 3.6, "TLM/USDT": 3.44, "LIT/USDT": 4.72, "EPIC/USDT": 6.31}}