{"set": ["B/USDT", "SKL/USDT", "SKYAI/USDT", "VIRTUAL/USDT"], "left": {"SLX/USDT": 1783721489.1890903, "VELVET/USDT": 1783725365.3378487, "PEPE/USDT": 1783728101.8741095, "ARB/USDT": 1783728101.8741095, "ENA/USDT": 1783728101.8741095, "TRIA/USDT": 1783728352.145342, "TAC/USDT": 1783728352.145342, "FARTCOIN/USDT": 1783728352.145342, "US/USDT": 1783728352.145342, "ANSEM/USDT": 1783728352.145342, "MMT/USDT": 1783728352.145342, "EVAA/USDT": 1783735287.41563, "TAG/USDT": 1783736482.177601}, "vals": {"SKL/USDT": 3.71, "B/USDT": 4.06, "VIRTUAL/USDT": 3.26, "SKYAI/USDT": 3.98}}