{"set": ["BTW/USDT", "CLO/USDT", "EIGEN/USDT", "ENA/USDT", "HMSTR/USDT", "ID/USDT", "UB/USDT"], "left": {"TNSR/USDT": 1782107467.06685, "BEAT/USDT": 1782109558.5650342, "ADA/USDT": 1782118283.6734467, "RESOLV/USDT": 1782122187.704439, "BEL/USDT": 1782122497.5577788}, "vals": {"UB/USDT": 16.8, "BTW/USDT": 32.05, "HMSTR/USDT": 5.37, "CLO/USDT": 29.51, "ENA/USDT": 9.0, "EIGEN/USDT": 11.8, "ID/USDT": 25.85}}