{"set": ["LAB/USDT", "TLM/USDT", "VANRY/USDT"], "left": {"HMSTR/USDT": 1783216271.6822398, "VELVET/USDT": 1783231287.6714854, "M/USDT": 1783235156.7288575, "BAS/USDT": 1783236069.9352868}, "vals": {"VANRY/USDT": 5.06, "LAB/USDT": 7.32, "TLM/USDT": 14.65}}