{"set": ["ANSEM/USDT", "APE/USDT", "FET/USDT", "LAB/USDT", "OGN/USDT", "RAVE/USDT", "SKYAI/USDT", "TAG/USDT", "UAI/USDT", "VANRY/USDT"], "left": {"UNI/USDT": 1783544196.627076, "LDO/USDT": 1783553159.1583135, "KAITO/USDT": 1783555311.7287774, "NES/USDT": 1783555311.7287774, "EDGEX/USDT": 1783555311.7287774, "EVAA/USDT": 1783555311.7287774, "SLX/USDT": 1783555311.7287774}, "vals": {"TAG/USDT": 90.0, "VANRY/USDT": 9.26, "ANSEM/USDT": 10.08, "FET/USDT": 3.03, "LAB/USDT": 8.7, "OGN/USDT": 14.35, "SKYAI/USDT": 9.01, "RAVE/USDT": 7.3, "APE/USDT": 6.25, "UAI/USDT": 4.41}}