{"set": ["ALLO/USDT", "BEL/USDT", "BTW/USDT", "CLO/USDT", "EIGEN/USDT", "ENA/USDT", "ID/USDT", "LAYER/USDT", "RESOLV/USDT"], "left": {"HMSTR/USDT": 1782124881.5059009, "DOGE/USDT": 1782137202.693339, "UB/USDT": 1782137510.7530808, "XRP/USDT": 1782137510.7530808, "ADA/USDT": 1782138403.9731681, "PEPE/USDT": 1782142915.8657644}, "vals": {"BTW/USDT": 16.15, "RESOLV/USDT": 5.82, "CLO/USDT": 31.27, "LAYER/USDT": 14.91, "ENA/USDT": 9.12, "BEL/USDT": 32.77, "ID/USDT": 23.0, "EIGEN/USDT": 9.2, "ALLO/USDT": 19.82}}