{"set": ["BEAT/USDT", "BSB/USDT", "BTW/USDT", "HEI/USDT"], "left": {"VELVET/USDT": 1781861480.8552368, "SKYAI/USDT": 1781875296.5003781, "FOLKS/USDT": 1781877095.3719654, "CLO/USDT": 1781878897.4096012}, "vals": {"BTW/USDT": 39.7, "BEAT/USDT": 20.1, "BSB/USDT": 3.49, "HEI/USDT": 23.32}}