{"set": ["AKE/USDT", "BANK/USDT", "BILL/USDT", "ESPORTS/USDT", "ON/USDT", "RE/USDT", "RIF/USDT"], "left": {"SNXX/USDT": 1784832996.0208738, "INTC/USDT": 1784841393.8192284, "WLFI/USDT": 1784845876.5699863, "KAITO/USDT": 1784851293.2312274, "ZAMA/USDT": 1784851293.2312274, "IDOL/USDT": 1784851293.2312274, "BEAT/USDT": 1784851293.2312274, "B/USDT": 1784851567.6280499}, "vals": {"AKE/USDT": 11.65, "BANK/USDT": 6.0, "BILL/USDT": 18.58, "RIF/USDT": 7.16, "RE/USDT": 7.35, "ESPORTS/USDT": 26.38, "ON/USDT": 14.6}}