{"set": ["BTW/USDT", "ESPORTS/USDT", "SPX/USDT", "UNI/USDT"], "left": {"SIREN/USDT": 1781672760.9604423, "BEAT/USDT": 1781673664.3652246, "SPACE/USDT": 1781676091.3308692, "BLESS/USDT": 1781676970.9589026, "EVAA/USDT": 1781680868.9426517, "XLM/USDT": 1781682371.3704596, "LAB/USDT": 1781682667.3037412, "BR/USDT": 1781692290.6848204, "BSB/USDT": 1781693200.370225, "\u9f99\u867e/USDT": 1781693503.6220849}, "vals": {"SPX/USDT": 13.24, "ESPORTS/USDT": 43.09, "BTW/USDT": 10.67, "UNI/USDT": 9.28}}