{"set": ["BLUR/USDT", "EDGEX/USDT", "EVAA/USDT", "NES/USDT"], "left": {"LIT/USDT": 1783434117.5776558, "TLM/USDT": 1783435315.3536253, "TAC/USDT": 1783437114.274098, "OPG/USDT": 1783443388.7794688, "WLFI/USDT": 1783443988.4897203}, "vals": {"EDGEX/USDT": 22.75, "BLUR/USDT": 3.28, "NES/USDT": 9.4, "EVAA/USDT": 149.23}}