{"set": ["ASTEROID/USDT", "BIO/USDT", "BTW/USDT", "CLO/USDT", "LAB/USDT", "VELVET/USDT", "XLM/USDT"], "left": {"H/USDT": 1781811111.6969812, "FOLKS/USDT": 1781813494.8512738, "SKYAI/USDT": 1781818561.0220134, "AGT/USDT": 1781822466.085143}, "vals": {"ASTEROID/USDT": 98.05, "VELVET/USDT": 28.27, "LAB/USDT": 35.46, "BTW/USDT": 3.41, "CLO/USDT": 14.55, "XLM/USDT": 4.29, "BIO/USDT": 5.56}}