{"set": ["B/USDT", "SKYAI/USDT", "TAG/USDT", "VIRTUAL/USDT"], "left": {"SLX/USDT": 1783721489.1890903, "VELVET/USDT": 1783725365.3378487, "PEPE/USDT": 1783728101.8741095, "ARB/USDT": 1783728101.8741095, "ENA/USDT": 1783728101.8741095, "TRIA/USDT": 1783728352.145342, "TAC/USDT": 1783728352.145342, "FARTCOIN/USDT": 1783728352.145342, "US/USDT": 1783728352.145342, "ANSEM/USDT": 1783728352.145342, "MMT/USDT": 1783728352.145342, "SKL/USDT": 1783729549.3531241, "EVAA/USDT": 1783735287.41563}, "vals": {"TAG/USDT": 3.86, "B/USDT": 3.3, "VIRTUAL/USDT": 3.04, "SKYAI/USDT": 3.15}}