{"set": ["GUA/USDT", "M/USDT", "TAC/USDT", "TLM/USDT"], "left": {"BREV/USDT": 1783038066.7766657, "BIRB/USDT": 1783038354.533128, "BASED/USDT": 1783040754.4473329, "SKYAI/USDT": 1783042550.1302118, "TAIKO/USDT": 1783045553.4454162, "ADA/USDT": 1783051553.579309, "NFP/USDT": 1783054882.8246603, "VELVET/USDT": 1783057559.6459973, "US/USDT": 1783059362.9919212, "MAGMA/USDT": 1783059666.432575}, "vals": {"M/USDT": 9.3, "GUA/USDT": 8.64, "TLM/USDT": 20.2, "TAC/USDT": 4.7}}