{"set": ["MAGMA/USDT", "US/USDT", "VELVET/USDT"], "left": {"T/USDT": 1783912286.0091739, "LAB/USDT": 1783921560.2379856, "BEAT/USDT": 1783928482.9224663}, "vals": {"US/USDT": 6.67, "VELVET/USDT": 16.69, "MAGMA/USDT": 6.64}}