{"set": ["BLESS/USDT", "CLO/USDT", "ESPORTS/USDT", "ID/USDT", "LAYER/USDT"], "left": {"ALLO/USDT": 1782172893.931539, "EIGEN/USDT": 1782172893.931539, "BEL/USDT": 1782172893.931539, "ENA/USDT": 1782172893.931539, "VELVET/USDT": 1782173246.1022189, "UB/USDT": 1782173246.1022189, "RE/USDT": 1782173246.1022189, "TNSR/USDT": 1782173246.1022189, "LAB/USDT": 1782173246.1022189, "BTW/USDT": 1782173246.1022189, "SYN/USDT": 1782173246.1022189, "NAORIS/USDT": 1782173246.1022189, "RESOLV/USDT": 1782178556.04009, "HMSTR/USDT": 1782180358.9899545}, "vals": {"BLESS/USDT": 8.12, "ESPORTS/USDT": 4.0, "CLO/USDT": 11.22, "LAYER/USDT": 4.33, "ID/USDT": 6.96}}