{"set": ["BANK/USDT", "ESPORTS/USDT", "HOME/USDT", "PI/USDT"], "left": {"BONK/USDT": 1784495464.7845154, "PEPE/USDT": 1784496063.9469194, "TLM/USDT": 1784505693.7150998, "B/USDT": 1784506264.8048582, "PUMPFUN/USDT": 1784506264.8048582, "AKE/USDT": 1784512260.9563913, "KAITO/USDT": 1784514356.2553656}, "vals": {"BANK/USDT": 3.2, "ESPORTS/USDT": 10.78, "HOME/USDT": 7.23, "PI/USDT": 4.43}}