{"set": ["ADA/USDT", "BIRB/USDT", "BREV/USDT", "DOGE/USDT", "ENA/USDT", "GRAM/USDT", "LAB/USDT", "M/USDT", "PEPE/USDT", "TLM/USDT", "XRP/USDT"], "left": {"BAS/USDT": 1782990368.4244921, "TAC/USDT": 1782992775.2916791, "LIT/USDT": 1783003309.3451247, "BEAT/USDT": 1783004195.363327, "UB/USDT": 1783008400.485868, "SLX/USDT": 1783008400.485868}, "vals": {"PEPE/USDT": 4.82, "BIRB/USDT": 65.92, "BREV/USDT": 27.59, "M/USDT": 37.11, "TLM/USDT": 20.42, "LAB/USDT": 11.03, "XRP/USDT": 3.87, "ENA/USDT": 6.6, "DOGE/USDT": 3.23, "ADA/USDT": 4.81, "GRAM/USDT": 4.93}}