{"set": ["BAS/USDT", "BEAT/USDT", "BEL/USDT", "LAB/USDT", "RESOLV/USDT", "SKYAI/USDT", "SLX/USDT"], "left": {"BLESS/USDT": 1782388917.2101676, "XPL/USDT": 1782404195.4882438, "H/USDT": 1782406300.4531302, "WLFI/USDT": 1782406596.8579862}, "vals": {"BAS/USDT": 3.51, "SLX/USDT": 18.42, "LAB/USDT": 16.17, "RESOLV/USDT": 9.4, "SKYAI/USDT": 9.72, "BEAT/USDT": 21.33, "BEL/USDT": 7.6}}