{"NASDAQ:PPCB": 1781385665.5211003, "NASDAQ:RKDA": 1781385665.5211003, "NASDAQ:VRA": 1781385665.5211003, "NASDAQ:GLXG": 1781385665.5211003, "AMEX:TMDE": 1781385665.5211003, "NASDAQ:MTEN": 1781385665.5211003}