{"set": ["BAS/USDT", "BEAT/USDT", "H/USDT", "LAB/USDT", "SKYAI/USDT", "SLX/USDT", "UB/USDT"], "left": {"PUMP/USDT": 1782461769.381446, "G/USDT": 1782471687.5486228, "BTW/USDT": 1782474098.215162, "TNSR/USDT": 1782474098.215162}, "vals": {"UB/USDT": 11.33, "BAS/USDT": 3.37, "LAB/USDT": 3.75, "SLX/USDT": 5.53, "BEAT/USDT": 15.87, "SKYAI/USDT": 13.9, "H/USDT": 6.36}}