{"set": ["AIGENSYN/USDT", "BTW/USDT", "H/USDT", "RE/USDT", "XLM/USDT"], "left": {"VELVET/USDT": 1782858063.506421, "M/USDT": 1782864086.2911942, "BAS/USDT": 1782864352.1316218, "TAC/USDT": 1782866152.8073266, "BEAT/USDT": 1782867058.0822861, "TAIKO/USDT": 1782867955.2676673, "BASED/USDT": 1782870056.258342}, "vals": {"AIGENSYN/USDT": 3.29, "BTW/USDT": 13.8, "XLM/USDT": 3.78, "RE/USDT": 4.13, "H/USDT": 3.65}}