{"set": ["BAS/USDT", "FARTCOIN/USDT", "IP/USDT"], "left": {"BTW/USDT": 1782426669.73298, "SKYAI/USDT": 1782432091.6756217, "HEI/USDT": 1782432091.6756217, "LAB/USDT": 1782432091.6756217, "BEAT/USDT": 1782432091.6756217, "XPL/USDT": 1782432091.6756217, "SLX/USDT": 1782432091.6756217, "RESOLV/USDT": 1782432091.6756217, "BEL/USDT": 1782432091.6756217, "M/USDT": 1782432363.2367258}, "vals": {"BAS/USDT": 9.53, "FARTCOIN/USDT": 5.39, "IP/USDT": 16.0}}