{"set": ["BTW/USDT", "CLO/USDT", "EIGEN/USDT", "ENA/USDT", "ID/USDT", "UB/USDT"], "left": {"RESOLV/USDT": 1782106571.7805967, "TNSR/USDT": 1782107467.06685, "BEAT/USDT": 1782109558.5650342, "ADA/USDT": 1782114365.9663596, "BEL/USDT": 1782114365.9663596}, "vals": {"UB/USDT": 30.36, "BTW/USDT": 24.47, "CLO/USDT": 29.16, "ENA/USDT": 7.68, "EIGEN/USDT": 11.13, "ID/USDT": 24.1}}