{"set": ["BTW/USDT", "CLO/USDT", "ESPORTS/USDT", "H/USDT", "LAB/USDT"], "left": {"VELVET/USDT": 1781444792.1403408, "JCT/USDT": 1781446321.9346998, "MEGA/USDT": 1781457131.357136, "SKYAI/USDT": 1781457131.357136, "TRADOOR/USDT": 1781457426.0167322}, "vals": {"ESPORTS/USDT": 14.78, "H/USDT": 9.7, "BTW/USDT": 6.51, "CLO/USDT": 36.25, "LAB/USDT": 4.09}}