{"set": ["AIGENSYN/USDT", "BTW/USDT", "H/USDT", "XLM/USDT"], "left": {"SLX/USDT": 1782838920.917782, "IN/USDT": 1782840398.3848712, "TAC/USDT": 1782843094.4822547, "VELVET/USDT": 1782843094.4822547}, "vals": {"AIGENSYN/USDT": 3.03, "BTW/USDT": 8.44, "XLM/USDT": 6.46, "H/USDT": 16.92}}