{"set": ["LAB/USDT", "M/USDT", "SLX/USDT", "UB/USDT"], "left": {"WIF/USDT": 1782604885.0212393, "MYX/USDT": 1782605457.9097173, "S/USDT": 1782605457.9097173, "RE/USDT": 1782605457.9097173, "VELVET/USDT": 1782605457.9097173}, "vals": {"UB/USDT": 5.24, "LAB/USDT": 3.11, "SLX/USDT": 3.58, "M/USDT": 4.24}}