{"set": ["ASTEROID/USDT", "CHIP/USDT", "CLO/USDT", "ENA/USDT", "ESPORTS/USDT", "EVAA/USDT", "SIREN/USDT", "TRADOOR/USDT"], "left": {"BEAT/USDT": 1781503571.7424152, "SKYAI/USDT": 1781503867.7316256, "WLFI/USDT": 1781506271.419499, "JELLYJELLY/USDT": 1781507773.5114925, "JCT/USDT": 1781510501.4892855, "H/USDT": 1781521321.5204344, "XRP/USDT": 1781523400.6739635}, "vals": {"ASTEROID/USDT": 83.39, "SIREN/USDT": 13.42, "CHIP/USDT": 9.92, "ESPORTS/USDT": 9.53, "EVAA/USDT": 41.66, "CLO/USDT": 31.62, "TRADOOR/USDT": 20.83, "ENA/USDT": 3.81}}