{"set": ["ALICE/USDT", "EIGEN/USDT", "EPIC/USDT", "SLX/USDT"], "left": {"BICO/USDT": 1782000069.9734209, "GALA/USDT": 1782000069.9734209, "LAB/USDT": 1782000069.9734209, "CLO/USDT": 1782003954.350042, "BEL/USDT": 1782010882.8088453, "SIREN/USDT": 1782011464.8930094, "BTW/USDT": 1782012064.233977, "BEAT/USDT": 1782012064.233977, "ESPORTS/USDT": 1782012064.233977}, "vals": {"SLX/USDT": 5.2, "EPIC/USDT": 9.98, "EIGEN/USDT": 4.88, "ALICE/USDT": 12.71}}