{"set": ["BEAT/USDT", "RESOLV/USDT", "TNSR/USDT", "UB/USDT", "WLFI/USDT"], "left": {"ENA/USDT": 1782058561.4018724, "EPIC/USDT": 1782063361.0904973, "ESPORTS/USDT": 1782078074.2509224, "BEL/USDT": 1782079277.833041}, "vals": {"UB/USDT": 51.83, "TNSR/USDT": 45.68, "RESOLV/USDT": 3.61, "WLFI/USDT": 3.18, "BEAT/USDT": 4.24}}