{"set": ["ACE/USDT", "BANK/USDT", "BONK/USDT", "KAITO/USDT", "PI/USDT", "PROM/USDT"], "left": {"PEPE/USDT": 1784548567.946957, "AVAAI/USDT": 1784549465.5360234, "ENA/USDT": 1784554878.473591, "HOME/USDT": 1784556108.9179082}, "vals": {"BONK/USDT": 9.98, "BANK/USDT": 23.85, "ACE/USDT": 46.74, "PROM/USDT": 52.85, "KAITO/USDT": 3.12, "PI/USDT": 7.67}}