{"set": ["ASTEROID/USDT", "BSB/USDT", "ESPORTS/USDT", "EVAA/USDT", "FARTCOIN/USDT", "JTO/USDT", "SIREN/USDT", "XLM/USDT", "XRP/USDT", "ZRO/USDT"], "left": {"TRADOOR/USDT": 1781535721.159713, "ADA/USDT": 1781542302.2382748, "WLFI/USDT": 1781545603.9212775, "CHIP/USDT": 1781550146.310581, "ENA/USDT": 1781551306.9101093, "PEPE/USDT": 1781551306.9101093, "CLO/USDT": 1781555509.6523776}, "vals": {"ASTEROID/USDT": 72.99, "SIREN/USDT": 4.53, "EVAA/USDT": 65.12, "ESPORTS/USDT": 3.94, "XRP/USDT": 7.35, "ZRO/USDT": 17.43, "XLM/USDT": 15.89, "JTO/USDT": 36.32, "BSB/USDT": 33.87, "FARTCOIN/USDT": 5.91}}