{"set": ["ADA/USDT", "BAS/USDT", "BASED/USDT", "BTW/USDT", "DYDX/USDT", "O/USDT", "SKYAI/USDT", "TAIKO/USDT", "XLM/USDT"], "left": {"H/USDT": 1782878264.681469, "RAVE/USDT": 1782880563.4311125, "RE/USDT": 1782882087.2449737, "BEAT/USDT": 1782887166.1826334, "M/USDT": 1782890466.8994803}, "vals": {"BAS/USDT": 3.59, "BTW/USDT": 16.15, "BASED/USDT": 16.87, "TAIKO/USDT": 19.87, "XLM/USDT": 5.66, "ADA/USDT": 4.37, "O/USDT": 4.96, "SKYAI/USDT": 10.53, "DYDX/USDT": 4.42}}