{"set": ["ADA/USDT", "BEAT/USDT", "BTW/USDT", "M/USDT", "RAVE/USDT", "RE/USDT", "SKYAI/USDT", "TAIKO/USDT", "XLM/USDT"], "left": {"TAC/USDT": 1782866152.8073266, "AIGENSYN/USDT": 1782870962.4996216, "H/USDT": 1782878264.681469, "BASED/USDT": 1782879071.5931277, "BAS/USDT": 1782879364.6226685}, "vals": {"BTW/USDT": 20.55, "RAVE/USDT": 3.81, "TAIKO/USDT": 6.75, "M/USDT": 8.34, "XLM/USDT": 6.64, "ADA/USDT": 4.72, "SKYAI/USDT": 8.38, "BEAT/USDT": 13.21, "RE/USDT": 3.26}}