{"set": ["AKE/USDT", "BANK/USDT", "ENA/USDT", "LAB/USDT", "MIRA/USDT", "RE/USDT", "US/USDT"], "left": {"ONDO/USDT": 1784740923.4816012, "ADA/USDT": 1784742701.6604655, "ERA/USDT": 1784744496.099978, "BONK/USDT": 1784745117.2059247}, "vals": {"AKE/USDT": 5.44, "BANK/USDT": 15.12, "US/USDT": 9.72, "LAB/USDT": 12.11, "RE/USDT": 21.15, "ENA/USDT": 5.03, "MIRA/USDT": 18.51}}