{"set": ["BLUR/USDT", "NES/USDT", "OPG/USDT", "TAC/USDT", "TLM/USDT", "WLFI/USDT"], "left": {"LAB/USDT": 1783405900.8362122, "EPIC/USDT": 1783410365.9587643, "VANRY/USDT": 1783419967.3909187, "M/USDT": 1783425715.0640087}, "vals": {"BLUR/USDT": 15.22, "OPG/USDT": 13.77, "TAC/USDT": 55.51, "NES/USDT": 10.19, "WLFI/USDT": 4.51, "TLM/USDT": 3.94}}