{"set": ["LAB/USDT", "TNSR/USDT", "UB/USDT"], "left": {"ESPORTS/USDT": 1782081082.4611847, "RESOLV/USDT": 1782084972.3252332, "WLFI/USDT": 1782084972.3252332, "BEL/USDT": 1782086498.4360116, "BEAT/USDT": 1782086498.4360116, "STO/USDT": 1782087057.9893005, "NAORIS/USDT": 1782087057.9893005}, "vals": {"UB/USDT": 3.99, "LAB/USDT": 4.66, "TNSR/USDT": 7.58}}