{"set": ["MAGMA/USDT", "T/USDT", "US/USDT", "VELVET/USDT"], "left": {"PEPE/USDT": 1783890961.1996794, "CLO/USDT": 1783900898.0197139, "BEAT/USDT": 1783900898.0197139, "VANRY/USDT": 1783900898.0197139, "PIPPIN/USDT": 1783901479.7070339, "ANSEM/USDT": 1783901479.7070339, "DODO/USDT": 1783901479.7070339, "EVAA/USDT": 1783904780.384812, "B/USDT": 1783905680.3467035, "LAB/USDT": 1783906558.062096}, "vals": {"T/USDT": 3.59, "US/USDT": 4.01, "VELVET/USDT": 4.02, "MAGMA/USDT": 3.67}}