{"set": ["EDGEX/USDT", "EPIC/USDT", "EVAA/USDT", "LAB/USDT", "NES/USDT", "SKYAI/USDT"], "left": {"OPG/USDT": 1783468890.0904126, "BLUR/USDT": 1783469755.6902192, "TLM/USDT": 1783470958.6890893, "US/USDT": 1783472500.8082616}, "vals": {"LAB/USDT": 10.48, "EDGEX/USDT": 3.47, "NES/USDT": 3.47, "SKYAI/USDT": 3.66, "EPIC/USDT": 3.64, "EVAA/USDT": 8.31}}