{"set": ["LAB/USDT", "US/USDT"], "left": {"BANK/USDT": 1784698861.5060885, "AKE/USDT": 1784703953.7373786}, "vals": {"US/USDT": 5.6, "LAB/USDT": 14.71}}