{"set": ["CLO/USDT", "ESPORTS/USDT", "H/USDT", "ID/USDT", "LAYER/USDT", "RESOLV/USDT"], "left": {"ALLO/USDT": 1782172893.931539, "EIGEN/USDT": 1782172893.931539, "BEL/USDT": 1782172893.931539, "ENA/USDT": 1782172893.931539, "VELVET/USDT": 1782173246.1022189, "UB/USDT": 1782173246.1022189, "RE/USDT": 1782173246.1022189, "TNSR/USDT": 1782173246.1022189, "LAB/USDT": 1782173246.1022189, "BTW/USDT": 1782173246.1022189, "SYN/USDT": 1782173246.1022189, "NAORIS/USDT": 1782173246.1022189, "HMSTR/USDT": 1782180358.9899545, "BLESS/USDT": 1782181261.7121751}, "vals": {"RESOLV/USDT": 8.55, "ESPORTS/USDT": 13.56, "CLO/USDT": 23.55, "LAYER/USDT": 5.73, "ID/USDT": 7.2, "H/USDT": 9.03}}