{"set": ["BEAT/USDT", "BTW/USDT", "ESPORTS/USDT", "H/USDT", "LAB/USDT", "SKYAI/USDT", "UNI/USDT", "XLM/USDT", "\u9f99\u867e/USDT"], "left": {"SPX/USDT": 1781654485.207243, "JTO/USDT": 1781654485.207243, "SPACE/USDT": 1781654485.207243, "ASTEROID/USDT": 1781654485.207243, "LUNC/USDT": 1781654750.7251735, "BLESS/USDT": 1781654750.7251735, "VELVET/USDT": 1781654750.7251735, "BSB/USDT": 1781655354.1214187, "EVAA/USDT": 1781655959.2465234, "BR/USDT": 1781660456.923042}, "vals": {"\u9f99\u867e/USDT": 5.32, "LAB/USDT": 3.35, "BTW/USDT": 8.29, "ESPORTS/USDT": 13.63, "H/USDT": 3.79, "BEAT/USDT": 9.37, "SKYAI/USDT": 3.28, "XLM/USDT": 4.13, "UNI/USDT": 6.54}}