{"set": ["AKE/USDT", "BANK/USDT", "LAB/USDT", "US/USDT"], "left": {"LA/USDT": 1784678493.154449, "ENA/USDT": 1784678493.154449, "ERA/USDT": 1784678493.154449, "ONDO/USDT": 1784678493.154449, "GRAM/USDT": 1784678493.154449, "ONE/USDT": 1784678493.154449, "FWDISTOCK/USDT": 1784679653.758968, "ESPORTS/USDT": 1784679653.758968, "NIGHT/USDT": 1784679653.758968, "B/USDT": 1784679653.758968, "PUMPFUN/USDT": 1784679653.758968}, "vals": {"AKE/USDT": 3.67, "BANK/USDT": 4.39, "US/USDT": 6.11, "LAB/USDT": 37.82}}