{"set": ["ESPORTS/USDT", "SLX/USDT", "VELVET/USDT"], "left": {"LAB/USDT": 1782524459.6813502, "AGLD/USDT": 1782536758.01099, "MAGMA/USDT": 1782536758.01099, "JTO/USDT": 1782544258.4403758}, "vals": {"VELVET/USDT": 37.91, "ESPORTS/USDT": 7.47, "SLX/USDT": 11.38}}