{"set": ["LAB/USDT"], "left": {"US/USDT": 1783972934.413395, "BEAT/USDT": 1783974732.8572874, "JCT/USDT": 1783987300.7984977, "BILL/USDT": 1783987300.7984977, "T/USDT": 1783989094.4526398, "ALLO/USDT": 1783989679.3426087, "VELVET/USDT": 1783989679.3426087, "DEXE/USDT": 1783989679.3426087, "ANSEM/USDT": 1783989679.3426087, "AIOT/USDT": 1783989679.3426087}, "vals": {"LAB/USDT": 3.42}}