{"set": ["ALLO/USDT", "BEL/USDT", "BTW/USDT", "CLO/USDT", "ENA/USDT", "ID/USDT", "LAB/USDT", "LAYER/USDT"], "left": {"DOGE/USDT": 1782137202.693339, "UB/USDT": 1782137510.7530808, "XRP/USDT": 1782137510.7530808, "ADA/USDT": 1782138403.9731681, "PEPE/USDT": 1782142915.8657644, "EIGEN/USDT": 1782147720.151777, "RESOLV/USDT": 1782148301.422766, "HMSTR/USDT": 1782150701.943051, "RE/USDT": 1782153397.2343817}, "vals": {"BTW/USDT": 11.86, "LAB/USDT": 4.06, "CLO/USDT": 30.51, "LAYER/USDT": 12.8, "BEL/USDT": 19.55, "ENA/USDT": 5.98, "ID/USDT": 24.75, "ALLO/USDT": 12.83}}