{"set": ["BAS/USDT", "LAB/USDT", "TLM/USDT", "VANRY/USDT"], "left": {"MAGMA/USDT": 1783214152.3033066, "HMSTR/USDT": 1783216271.6822398, "VELVET/USDT": 1783231287.6714854, "M/USDT": 1783233676.3336384}, "vals": {"VANRY/USDT": 8.49, "LAB/USDT": 3.66, "BAS/USDT": 3.55, "TLM/USDT": 9.12}}