{"set": ["CLO/USDT", "ESPORTS/USDT", "FOLKS/USDT", "LAYER/USDT", "MMT/USDT", "RESOLV/USDT"], "left": {"H/USDT": 1782193564.0633771, "HMSTR/USDT": 1782194477.5189312, "ID/USDT": 1782203167.1947546, "BEL/USDT": 1782203478.1150124}, "vals": {"RESOLV/USDT": 11.21, "MMT/USDT": 4.82, "ESPORTS/USDT": 13.01, "CLO/USDT": 13.93, "LAYER/USDT": 10.73, "FOLKS/USDT": 3.53}}