{"set": ["BASED/USDT", "KAITO/USDT", "SKYAI/USDT", "VANRY/USDT"], "left": {"UNI/USDT": 1783592763.5796893, "EDGEX/USDT": 1783603011.964125, "ENA/USDT": 1783611999.8889506, "TAG/USDT": 1783612592.7053077}, "vals": {"VANRY/USDT": 6.44, "SKYAI/USDT": 6.34, "BASED/USDT": 20.2, "KAITO/USDT": 4.06}}