{"set": ["ASTEROID/USDT", "CHIP/USDT", "CLO/USDT", "ENA/USDT", "ESPORTS/USDT", "EVAA/USDT", "SIREN/USDT", "TRADOOR/USDT", "XRP/USDT"], "left": {"BEAT/USDT": 1781503571.7424152, "SKYAI/USDT": 1781503867.7316256, "WLFI/USDT": 1781506271.419499, "JELLYJELLY/USDT": 1781507773.5114925, "JCT/USDT": 1781510501.4892855, "H/USDT": 1781521321.5204344}, "vals": {"ASTEROID/USDT": 89.43, "SIREN/USDT": 13.3, "CHIP/USDT": 10.73, "ESPORTS/USDT": 9.35, "EVAA/USDT": 42.8, "CLO/USDT": 31.62, "TRADOOR/USDT": 23.21, "ENA/USDT": 4.23, "XRP/USDT": 3.14}}