{"set": ["BAS/USDT", "BEAT/USDT", "ESPORTS/USDT", "LAB/USDT", "RESOLV/USDT", "SLX/USDT"], "left": {"CLO/USDT": 1782349281.2013028, "SAHARA/USDT": 1782350757.2498891, "ID/USDT": 1782356478.811467, "BTW/USDT": 1782358562.166448, "H/USDT": 1782368471.936562, "SKYAI/USDT": 1782369362.731439, "EVAA/USDT": 1782370879.8975444}, "vals": {"BAS/USDT": 11.57, "LAB/USDT": 5.93, "SLX/USDT": 11.17, "ESPORTS/USDT": 16.1, "RESOLV/USDT": 10.59, "BEAT/USDT": 5.01}}