{"set": ["BIO/USDT", "CLO/USDT", "FOLKS/USDT", "H/USDT", "LAB/USDT", "SKYAI/USDT", "XLM/USDT", "\u9f99\u867e/USDT"], "left": {"SIREN/USDT": 1781781403.490746, "HOME/USDT": 1781787725.655748, "AGT/USDT": 1781787725.655748, "BTW/USDT": 1781792674.8736277}, "vals": {"\u9f99\u867e/USDT": 7.02, "LAB/USDT": 22.2, "CLO/USDT": 19.52, "H/USDT": 12.09, "XLM/USDT": 10.06, "SKYAI/USDT": 3.7, "FOLKS/USDT": 20.19, "BIO/USDT": 3.31}}