{"set": ["AKE/USDT", "ERA/USDT", "ESPORTS/USDT", "US/USDT"], "left": {"BANK/USDT": 1784620901.218681, "B/USDT": 1784621474.4346163, "NIGHT/USDT": 1784624165.223877, "ENA/USDT": 1784624502.970529, "ADA/USDT": 1784624502.970529}, "vals": {"ERA/USDT": 50.55, "AKE/USDT": 4.41, "ESPORTS/USDT": 7.88, "US/USDT": 10.41}}