{"set": ["ADA/USDT", "BASED/USDT", "BTW/USDT", "M/USDT", "NFP/USDT", "O/USDT", "TAIKO/USDT", "XLM/USDT"], "left": {"SKYAI/USDT": 1782916004.951649, "DYDX/USDT": 1782928922.848585, "BAS/USDT": 1782931300.4252787, "ZBT/USDT": 1782932516.9075289, "AIGENSYN/USDT": 1782933994.0568147}, "vals": {"TAIKO/USDT": 58.73, "NFP/USDT": 573.66, "BASED/USDT": 18.67, "M/USDT": 61.55, "BTW/USDT": 24.77, "ADA/USDT": 6.66, "XLM/USDT": 5.57, "O/USDT": 8.1}}