{"set": ["ASTER/USDT", "ESPORTS/USDT", "SIREN/USDT", "SPX/USDT", "XLM/USDT", "XPL/USDT"], "left": {"EVAA/USDT": 1781680868.9426517, "LAB/USDT": 1781682667.3037412, "BR/USDT": 1781692290.6848204, "\u9f99\u867e/USDT": 1781693503.6220849, "UNI/USDT": 1781694395.6005182, "BTW/USDT": 1781698600.7979114, "ENA/USDT": 1781698902.5876386, "BSB/USDT": 1781700102.1609983}, "vals": {"SIREN/USDT": 8.96, "ESPORTS/USDT": 45.09, "SPX/USDT": 11.16, "ASTER/USDT": 11.37, "XPL/USDT": 14.81, "XLM/USDT": 3.14}}