{"set": ["B/USDT", "ESPORTS/USDT", "KAITO/USDT"], "left": {"LAB/USDT": 1784419277.0800655, "AVAAI/USDT": 1784419277.0800655, "BILL/USDT": 1784420159.8236463, "FARTCOIN/USDT": 1784420159.8236463, "AKE/USDT": 1784422881.7681973, "BANK/USDT": 1784425860.4068003, "US/USDT": 1784428858.6133661}, "vals": {"ESPORTS/USDT": 53.31, "B/USDT": 3.18, "KAITO/USDT": 3.65}}