{"set": ["ALICE/USDT", "BEL/USDT", "BTW/USDT", "EIGEN/USDT", "EPIC/USDT", "ESPORTS/USDT", "SLX/USDT"], "left": {"BICO/USDT": 1782000069.9734209, "GALA/USDT": 1782000069.9734209, "LAB/USDT": 1782000069.9734209, "CLO/USDT": 1782003954.350042, "BEAT/USDT": 1782009071.6088505}, "vals": {"BTW/USDT": 13.01, "ESPORTS/USDT": 5.23, "BEL/USDT": 4.34, "SLX/USDT": 4.82, "EPIC/USDT": 7.89, "EIGEN/USDT": 4.25, "ALICE/USDT": 15.04}}