{"set": ["BANK/USDT", "BILL/USDT", "ESPORTS/USDT"], "left": {"ONDO/USDT": 1784318797.1005747, "ADA/USDT": 1784332881.7501092, "US/USDT": 1784332881.7501092, "XEC/USDT": 1784333454.8118052, "AKE/USDT": 1784335257.1391053, "LRC/USDT": 1784337665.1118386}, "vals": {"BANK/USDT": 3.2, "BILL/USDT": 5.18, "ESPORTS/USDT": 9.96}}