{"set": ["BSB/USDT", "ESPORTS/USDT", "SIREN/USDT", "SPX/USDT", "XLM/USDT"], "left": {"BLESS/USDT": 1781676970.9589026, "EVAA/USDT": 1781680868.9426517, "LAB/USDT": 1781682667.3037412, "BR/USDT": 1781692290.6848204, "\u9f99\u867e/USDT": 1781693503.6220849, "UNI/USDT": 1781694395.6005182, "BTW/USDT": 1781697715.1830873}, "vals": {"SIREN/USDT": 13.85, "ESPORTS/USDT": 50.1, "SPX/USDT": 10.96, "BSB/USDT": 4.76, "XLM/USDT": 3.04}}