{"set": ["ESPORTS/USDT", "SLX/USDT", "VELVET/USDT"], "left": {"LAB/USDT": 1782524459.6813502, "AGLD/USDT": 1782536758.01099, "MAGMA/USDT": 1782536758.01099, "JTO/USDT": 1782544258.4403758, "G/USDT": 1782546058.3500926}, "vals": {"VELVET/USDT": 24.66, "ESPORTS/USDT": 5.86, "SLX/USDT": 8.47}}