{"set": ["BTW/USDT", "CLO/USDT", "FOLKS/USDT", "LAB/USDT", "SKYAI/USDT", "VELVET/USDT", "XLM/USDT"], "left": {"HOME/USDT": 1781787725.655748, "\u9f99\u867e/USDT": 1781794001.5678475, "AGT/USDT": 1781802703.5421944, "BIO/USDT": 1781803300.866273, "H/USDT": 1781803907.6361732}, "vals": {"VELVET/USDT": 57.4, "LAB/USDT": 29.37, "BTW/USDT": 3.01, "CLO/USDT": 12.5, "XLM/USDT": 3.41, "FOLKS/USDT": 7.15, "SKYAI/USDT": 3.3}}