{"set": ["BAS/USDT", "BTW/USDT", "LAB/USDT", "O/USDT", "SAHARA/USDT", "SLX/USDT"], "left": {"G/USDT": 1782302490.2419248, "BLESS/USDT": 1782306969.3825095, "CLO/USDT": 1782310571.6127245, "BEL/USDT": 1782312703.391626}, "vals": {"BAS/USDT": 34.24, "BTW/USDT": 4.18, "SAHARA/USDT": 3.27, "LAB/USDT": 23.93, "SLX/USDT": 17.78, "O/USDT": 21.76}}