{"set": ["ARB/USDT", "B/USDT", "T/USDT", "XPIN/USDT"], "left": {"CLO/USDT": 1783814490.6812153, "TAG/USDT": 1783819280.2722335, "SXT/USDT": 1783820756.6568308, "SKL/USDT": 1783821077.7561285, "VIRTUAL/USDT": 1783830955.5822108}, "vals": {"XPIN/USDT": 3.97, "T/USDT": 11.14, "B/USDT": 11.86, "ARB/USDT": 5.48}}