{"set": ["BEL/USDT", "LAB/USDT", "TNSR/USDT", "UB/USDT"], "left": {"ESPORTS/USDT": 1782081082.4611847, "RESOLV/USDT": 1782084972.3252332, "WLFI/USDT": 1782084972.3252332, "BEAT/USDT": 1782084972.3252332}, "vals": {"UB/USDT": 52.7, "TNSR/USDT": 48.31, "LAB/USDT": 13.66, "BEL/USDT": 17.43}}