{"set": ["ARB/USDT", "EDGEX/USDT", "ENA/USDT", "EVAA/USDT", "SKL/USDT", "TAG/USDT"], "left": {"TAC/USDT": 1783645561.3696177, "VANRY/USDT": 1783656092.6123552, "LAB/USDT": 1783657892.4873512, "US/USDT": 1783662079.4856043}, "vals": {"TAG/USDT": 10.03, "SKL/USDT": 41.36, "EDGEX/USDT": 6.46, "ENA/USDT": 3.42, "EVAA/USDT": 20.08, "ARB/USDT": 5.27}}