{"set": ["BEAT/USDT", "G/USDT", "H/USDT", "LAB/USDT", "SKYAI/USDT", "SLX/USDT", "UB/USDT"], "left": {"BTW/USDT": 1782451870.6836007, "PUMP/USDT": 1782461769.381446, "TNSR/USDT": 1782470169.4527218, "BAS/USDT": 1782470770.154478}, "vals": {"G/USDT": 5.14, "UB/USDT": 10.54, "LAB/USDT": 3.14, "SLX/USDT": 7.09, "BEAT/USDT": 16.42, "SKYAI/USDT": 12.14, "H/USDT": 3.54}}