{"set": ["LAB/USDT", "O/USDT", "RAVE/USDT", "UB/USDT", "WIF/USDT"], "left": {"BAS/USDT": 1782632469.004419, "BTW/USDT": 1782639072.1415567, "SLX/USDT": 1782639721.6716003, "BEAT/USDT": 1782640559.905485, "VELVET/USDT": 1782643860.3154302}, "vals": {"UB/USDT": 13.49, "LAB/USDT": 4.77, "RAVE/USDT": 14.94, "O/USDT": 24.9, "WIF/USDT": 4.7}}