{"set": ["ESPORTS/USDT"], "left": {"US/USDT": 1784405760.0420237, "LAB/USDT": 1784419277.0800655, "BANK/USDT": 1784419277.0800655, "AVAAI/USDT": 1784419277.0800655, "B/USDT": 1784419277.0800655, "AKE/USDT": 1784419277.0800655}, "vals": {"ESPORTS/USDT": 6.72}}