{"set": ["BTW/USDT", "CAP/USDT", "LAB/USDT", "LIT/USDT", "NES/USDT", "TLM/USDT", "UB/USDT", "VANRY/USDT"], "left": {"M/USDT": 1783269086.9972239, "MIRA/USDT": 1783278677.6371796, "WLFI/USDT": 1783288892.1587539, "VELVET/USDT": 1783289478.9227061}, "vals": {"VANRY/USDT": 24.0, "UB/USDT": 14.46, "CAP/USDT": 9.12, "LAB/USDT": 8.1, "BTW/USDT": 17.56, "NES/USDT": 21.85, "TLM/USDT": 41.38, "LIT/USDT": 10.4}}