{"set": ["ARB/USDT", "ENA/USDT", "PEPE/USDT", "SKL/USDT", "TAG/USDT"], "left": {"EVAA/USDT": 1783689119.642727, "SLX/USDT": 1783699326.616672, "NES/USDT": 1783699326.616672, "LAB/USDT": 1783700519.6662383, "SKYAI/USDT": 1783701121.283817, "VELVET/USDT": 1783701121.283817}, "vals": {"PEPE/USDT": 8.18, "TAG/USDT": 7.52, "SKL/USDT": 29.44, "ENA/USDT": 3.43, "ARB/USDT": 3.45}}