{"set": ["BAS/USDT", "BEAT/USDT", "G/USDT", "H/USDT", "SKYAI/USDT", "SLX/USDT", "UB/USDT"], "left": {"BTW/USDT": 1782451870.6836007, "LAB/USDT": 1782456664.1921847, "PUMP/USDT": 1782461769.381446, "TNSR/USDT": 1782470169.4527218}, "vals": {"G/USDT": 7.76, "UB/USDT": 12.18, "BAS/USDT": 3.09, "SLX/USDT": 7.53, "BEAT/USDT": 15.92, "SKYAI/USDT": 10.65, "H/USDT": 3.15}}