{"set": ["BEAT/USDT", "BEL/USDT", "CLO/USDT", "LAB/USDT"], "left": {"BLESS/USDT": 1782266762.454853, "ID/USDT": 1782270078.2248478, "H/USDT": 1782278166.2508242, "BTW/USDT": 1782283259.7482293, "ESPORTS/USDT": 1782285955.3146243}, "vals": {"LAB/USDT": 10.31, "CLO/USDT": 3.37, "BEAT/USDT": 13.42, "BEL/USDT": 8.2}}