{"set": ["BTW/USDT", "CLO/USDT", "EIGEN/USDT", "ENA/USDT", "HMSTR/USDT", "ID/USDT", "UB/USDT"], "left": {"TNSR/USDT": 1782107467.06685, "BEAT/USDT": 1782109558.5650342, "BEL/USDT": 1782114365.9663596, "ADA/USDT": 1782118283.6734467, "RESOLV/USDT": 1782120681.0440397}, "vals": {"UB/USDT": 17.13, "BTW/USDT": 22.95, "HMSTR/USDT": 5.64, "CLO/USDT": 28.74, "ENA/USDT": 10.0, "EIGEN/USDT": 10.02, "ID/USDT": 22.61}}