{"set": ["GUA/USDT", "MAGMA/USDT", "TLM/USDT", "US/USDT"], "left": {"O/USDT": 1783033568.7476747, "GRAM/USDT": 1783036900.9390414, "ENA/USDT": 1783036900.9390414, "PEPE/USDT": 1783036900.9390414, "XRP/USDT": 1783036900.9390414, "UB/USDT": 1783036900.9390414, "SLX/USDT": 1783036900.9390414, "BEAT/USDT": 1783036900.9390414, "PIPPIN/USDT": 1783037159.1393886, "RAVE/USDT": 1783037159.1393886, "RIF/USDT": 1783037159.1393886, "LAB/USDT": 1783037159.1393886, "FARTCOIN/USDT": 1783037159.1393886, "BREV/USDT": 1783038066.7766657, "BIRB/USDT": 1783038354.533128, "BASED/USDT": 1783040754.4473329, "SKYAI/USDT": 1783042550.1302118, "TAIKO/USDT": 1783045553.4454162, "TAC/USDT": 1783047063.9617968, "ADA/USDT": 1783051553.579309, "M/USDT": 1783053356.9166648, "VELVET/USDT": 1783054882.8246603, "NFP/USDT": 1783054882.8246603}, "vals": {"US/USDT": 4.37, "GUA/USDT": 12.44, "TLM/USDT": 10.25, "MAGMA/USDT": 11.53}}