{"set": ["BAS/USDT", "BEAT/USDT", "ESPORTS/USDT", "H/USDT", "LAB/USDT", "MAGMA/USDT", "SKYAI/USDT", "SLX/USDT", "UB/USDT", "VELVET/USDT"], "left": {"G/USDT": 1782471687.5486228, "BTW/USDT": 1782479795.881762, "PUMP/USDT": 1782482520.7389536, "TNSR/USDT": 1782483095.3601108, "HEI/USDT": 1782483095.3601108}, "vals": {"UB/USDT": 6.8, "BAS/USDT": 5.07, "MAGMA/USDT": 70.96, "VELVET/USDT": 21.87, "LAB/USDT": 5.06, "SLX/USDT": 3.38, "ESPORTS/USDT": 19.34, "BEAT/USDT": 17.16, "SKYAI/USDT": 19.62, "H/USDT": 9.27}}