{"set": ["COAI/USDT", "ESPORTS/USDT", "H/USDT", "JCT/USDT", "LAB/USDT", "SKYAI/USDT", "VELVET/USDT"], "left": {"BEAT/USDT": 1781413867.731363, "SIREN/USDT": 1781419275.604243, "XPL/USDT": 1781427743.429257, "BTW/USDT": 1781428626.7536156, "MEGA/USDT": 1781428930.5932288}, "vals": {"JCT/USDT": 3.84, "VELVET/USDT": 34.1, "ESPORTS/USDT": 9.29, "COAI/USDT": 7.96, "H/USDT": 68.75, "LAB/USDT": 7.09, "SKYAI/USDT": 3.3}}