{"set": ["M/USDT", "SLX/USDT", "UB/USDT", "VELVET/USDT", "WIF/USDT"], "left": {"AGLD/USDT": 1782536758.01099, "MAGMA/USDT": 1782536758.01099, "G/USDT": 1782546058.3500926, "ESPORTS/USDT": 1782554482.4956775, "JTO/USDT": 1782557160.4941335}, "vals": {"UB/USDT": 4.64, "VELVET/USDT": 78.24, "SLX/USDT": 7.02, "M/USDT": 3.68, "WIF/USDT": 7.88}}