{"set": ["NASDAQ:KUST", "NASDAQ:SOBR"], "left": {"NASDAQ:NXTC": 1784188899.4012623, "NASDAQ:SHPH": 1784188899.4012623, "NASDAQ:LEDS": 1784188899.4012623, "NASDAQ:BJDX": 1784188899.4012623, "NASDAQ:YYGH": 1784188899.4012623, "NASDAQ:LHAI": 1784188899.4012623, "NASDAQ:VMAR": 1784188899.4012623, "NASDAQ:ERNA": 1784190089.7224698, "NASDAQ:JTAI": 1784195490.7020001}, "vals": {"NASDAQ:KUST": 47.52, "NASDAQ:SOBR": 43.59}}