{"set": ["CLO/USDT", "ENA/USDT", "H/USDT", "SIREN/USDT", "SKYAI/USDT", "XLM/USDT"], "left": {"BLESS/USDT": 1781732498.5417356, "CFX/USDT": 1781738757.260513, "BSB/USDT": 1781740871.493052, "SPX/USDT": 1781740871.493052, "AGT/USDT": 1781740871.493052, "XPL/USDT": 1781740871.493052, "ASTER/USDT": 1781740871.493052, "BEAT/USDT": 1781744158.7403486, "ESPORTS/USDT": 1781749869.9408722}, "vals": {"SIREN/USDT": 9.31, "CLO/USDT": 8.29, "ENA/USDT": 3.05, "H/USDT": 4.66, "SKYAI/USDT": 6.15, "XLM/USDT": 6.0}}