{"set": ["BILL/USDT", "JCT/USDT", "VELVET/USDT"], "left": {"MAGMA/USDT": 1783962140.1435876, "B/USDT": 1783963328.5499465, "US/USDT": 1783972934.413395, "BEAT/USDT": 1783974732.8572874}, "vals": {"JCT/USDT": 21.0, "BILL/USDT": 17.72, "VELVET/USDT": 23.25}}