{"set": ["BAS/USDT", "BTW/USDT", "M/USDT", "RE/USDT", "TAIKO/USDT", "XLM/USDT"], "left": {"VELVET/USDT": 1782858063.506421, "TAC/USDT": 1782866152.8073266, "BEAT/USDT": 1782867058.0822861, "AIGENSYN/USDT": 1782870962.4996216, "H/USDT": 1782872756.9294753, "BASED/USDT": 1782873663.6213746}, "vals": {"BAS/USDT": 4.64, "BTW/USDT": 22.33, "TAIKO/USDT": 3.69, "M/USDT": 10.01, "XLM/USDT": 9.41, "RE/USDT": 4.04}}