{"set": ["BAS/USDT", "BEAT/USDT", "SKYAI/USDT", "SLX/USDT", "UB/USDT"], "left": {"BTW/USDT": 1782451870.6836007, "PUMP/USDT": 1782461769.381446, "TNSR/USDT": 1782470169.4527218, "G/USDT": 1782471687.5486228, "H/USDT": 1782471687.5486228, "LAB/USDT": 1782471687.5486228}, "vals": {"UB/USDT": 9.55, "BAS/USDT": 3.26, "SLX/USDT": 7.44, "BEAT/USDT": 16.84, "SKYAI/USDT": 11.55}}