{"set": ["BEAT/USDT", "BICO/USDT", "BSB/USDT", "ESPORTS/USDT", "UB/USDT"], "left": {"H/USDT": 1781901395.442788, "SKYAI/USDT": 1781911872.545053, "HEI/USDT": 1781913684.1579404, "CLO/USDT": 1781913684.1579404, "BEL/USDT": 1781913684.1579404, "SYN/USDT": 1781913954.9455822, "BLESS/USDT": 1781913954.9455822, "BASED/USDT": 1781915763.145682, "BTW/USDT": 1781916662.773172, "LAB/USDT": 1781916662.773172, "ASTEROID/USDT": 1781917552.0850322}, "vals": {"UB/USDT": 4.12, "ESPORTS/USDT": 3.67, "BEAT/USDT": 4.43, "BSB/USDT": 9.6, "BICO/USDT": 12.49}}