{"set": ["ALICE/USDT", "BTW/USDT", "EIGEN/USDT", "EPIC/USDT", "ESPORTS/USDT", "SLX/USDT"], "left": {"BICO/USDT": 1782000069.9734209, "GALA/USDT": 1782000069.9734209, "LAB/USDT": 1782000069.9734209, "BEL/USDT": 1782003355.8145847, "CLO/USDT": 1782003954.350042, "BEAT/USDT": 1782007593.0055304}, "vals": {"BTW/USDT": 4.16, "ESPORTS/USDT": 6.82, "SLX/USDT": 7.3, "EPIC/USDT": 7.16, "EIGEN/USDT": 5.52, "ALICE/USDT": 16.32}}