{"set": ["AKE/USDT", "VELVET/USDT"], "left": {"BEAT/USDT": 1784160096.0925872, "PUMP/USDT": 1784160096.0925872, "US/USDT": 1784160096.0925872, "ROAM/USDT": 1784160352.5193465, "ONDO/USDT": 1784160352.5193465, "LAB/USDT": 1784160957.2544622, "VANRY/USDT": 1784169354.2040591, "PI/USDT": 1784169683.306033, "RAVE/USDT": 1784169960.1603506}, "vals": {"AKE/USDT": 7.56, "VELVET/USDT": 3.05}}