{"set": ["BTW/USDT", "NES/USDT", "TLM/USDT", "UB/USDT", "VANRY/USDT", "WLFI/USDT"], "left": {"HMSTR/USDT": 1783266363.6915896, "M/USDT": 1783269086.9972239, "LAB/USDT": 1783271476.8999543}, "vals": {"VANRY/USDT": 20.43, "UB/USDT": 14.96, "BTW/USDT": 18.89, "NES/USDT": 29.0, "WLFI/USDT": 3.17, "TLM/USDT": 27.81}}