{"set": ["ADA/USDT", "ARPA/USDT", "BAS/USDT", "GUA/USDT", "PEPE/USDT", "ZKP/USDT"], "left": {"TAC/USDT": 1783066278.9986367, "MAGMA/USDT": 1783074080.1558797, "US/USDT": 1783076497.9331872, "M/USDT": 1783077676.7961626, "TLM/USDT": 1783082505.8637428}, "vals": {"PEPE/USDT": 4.58, "ARPA/USDT": 44.62, "ZKP/USDT": 25.94, "BAS/USDT": 15.18, "GUA/USDT": 8.98, "ADA/USDT": 4.34}}