{"set": ["ASTER/USDT", "ENA/USDT", "ESPORTS/USDT", "SIREN/USDT", "SPX/USDT", "XLM/USDT", "XPL/USDT"], "left": {"EVAA/USDT": 1781680868.9426517, "LAB/USDT": 1781682667.3037412, "BR/USDT": 1781692290.6848204, "\u9f99\u867e/USDT": 1781693503.6220849, "UNI/USDT": 1781694395.6005182, "BTW/USDT": 1781698600.7979114, "BSB/USDT": 1781700102.1609983}, "vals": {"SIREN/USDT": 6.35, "ESPORTS/USDT": 41.05, "SPX/USDT": 12.83, "ASTER/USDT": 10.97, "XPL/USDT": 19.82, "ENA/USDT": 3.41, "XLM/USDT": 4.33}}