{"set": ["AKE/USDT", "BANK/USDT", "ESPORTS/USDT"], "left": {"ONDO/USDT": 1784318797.1005747, "ADA/USDT": 1784332881.7501092, "US/USDT": 1784332881.7501092, "XEC/USDT": 1784333454.8118052, "LRC/USDT": 1784337665.1118386, "BILL/USDT": 1784338265.196659}, "vals": {"AKE/USDT": 3.14, "BANK/USDT": 10.49, "ESPORTS/USDT": 5.61}}