{"set": ["ESPORTS/USDT", "H/USDT", "HOME/USDT", "LAB/USDT", "SKYAI/USDT", "XLM/USDT"], "left": {"ENA/USDT": 1781750162.3179739, "BIO/USDT": 1781754965.8192444, "BEAT/USDT": 1781759162.5846694, "SIREN/USDT": 1781760061.2154665, "CLO/USDT": 1781764558.3636882}, "vals": {"ESPORTS/USDT": 3.3, "HOME/USDT": 14.5, "LAB/USDT": 10.41, "H/USDT": 13.08, "SKYAI/USDT": 9.57, "XLM/USDT": 3.11}}