{"set": ["BTW/USDT", "CAP/USDT", "LAB/USDT", "LIT/USDT", "NES/USDT", "TLM/USDT", "UB/USDT", "VANRY/USDT"], "left": {"MIRA/USDT": 1783278677.6371796, "WLFI/USDT": 1783288892.1587539, "VELVET/USDT": 1783289478.9227061, "ENA/USDT": 1783293677.5100284}, "vals": {"VANRY/USDT": 22.99, "UB/USDT": 16.94, "CAP/USDT": 7.8, "LAB/USDT": 6.35, "NES/USDT": 15.45, "BTW/USDT": 16.05, "TLM/USDT": 41.34, "LIT/USDT": 12.31}}