{"set": ["ASTEROID/USDT", "BASED/USDT", "BICO/USDT", "BTW/USDT"], "left": {"BSB/USDT": 1781897190.9785345, "H/USDT": 1781901395.442788, "SKYAI/USDT": 1781911872.545053, "HEI/USDT": 1781913684.1579404, "CLO/USDT": 1781913684.1579404, "BEL/USDT": 1781913684.1579404, "SYN/USDT": 1781913954.9455822, "BLESS/USDT": 1781913954.9455822, "BEAT/USDT": 1781915472.8935802}, "vals": {"ASTEROID/USDT": 5.89, "BTW/USDT": 11.47, "BASED/USDT": 4.77, "BICO/USDT": 22.95}}