{"set": ["BTW/USDT", "CLO/USDT", "EIGEN/USDT", "ENA/USDT", "ID/USDT", "UB/USDT"], "left": {"RESOLV/USDT": 1782106571.7805967, "TNSR/USDT": 1782107467.06685, "BEAT/USDT": 1782109558.5650342, "BEL/USDT": 1782114365.9663596, "ADA/USDT": 1782115586.67651}, "vals": {"UB/USDT": 27.55, "BTW/USDT": 26.53, "CLO/USDT": 30.41, "ENA/USDT": 7.51, "EIGEN/USDT": 10.5, "ID/USDT": 24.23}}