{"set": ["ARB/USDT", "EVAA/USDT", "PEPE/USDT", "SKL/USDT", "TAG/USDT", "VELVET/USDT"], "left": {"LAB/USDT": 1783657892.4873512, "US/USDT": 1783662079.4856043, "EDGEX/USDT": 1783665679.5733185, "ENA/USDT": 1783678568.5049138}, "vals": {"PEPE/USDT": 3.46, "TAG/USDT": 20.41, "SKL/USDT": 38.93, "VELVET/USDT": 44.29, "ARB/USDT": 7.03, "EVAA/USDT": 11.84}}