{"set": ["ESPORTS/USDT", "EVAA/USDT"], "left": {"TRADOOR/USDT": 1781481361.106416, "CLO/USDT": 1781481673.613035, "BTW/USDT": 1781481673.613035, "LAB/USDT": 1781481673.613035, "XRP/USDT": 1781481673.613035, "SKYAI/USDT": 1781481673.613035, "ADA/USDT": 1781481673.613035, "JELLYJELLY/USDT": 1781481673.613035, "H/USDT": 1781481673.613035, "OPG/USDT": 1781481960.80605}, "vals": {"ESPORTS/USDT": 7.33, "EVAA/USDT": 3.44}}