{"set": ["BAS/USDT", "BEAT/USDT", "BEL/USDT", "LAB/USDT", "RESOLV/USDT", "SKYAI/USDT", "SLX/USDT"], "left": {"BLESS/USDT": 1782388917.2101676, "XPL/USDT": 1782404195.4882438, "H/USDT": 1782406300.4531302, "WLFI/USDT": 1782406596.8579862, "IP/USDT": 1782408532.3050883}, "vals": {"BAS/USDT": 3.21, "SLX/USDT": 19.09, "LAB/USDT": 14.5, "RESOLV/USDT": 8.88, "SKYAI/USDT": 10.25, "BEAT/USDT": 22.56, "BEL/USDT": 9.62}}