{"set": ["BTW/USDT", "LAB/USDT", "UB/USDT"], "left": {"WIF/USDT": 1782604885.0212393, "S/USDT": 1782605457.9097173, "RE/USDT": 1782605457.9097173, "VELVET/USDT": 1782605457.9097173, "SLX/USDT": 1782606666.9862638, "M/USDT": 1782607259.478217, "MYX/USDT": 1782612657.5769546, "PIEVERSE/USDT": 1782620755.9253287, "BEAT/USDT": 1782622262.459284, "RAVE/USDT": 1782622551.597929}, "vals": {"UB/USDT": 9.49, "LAB/USDT": 5.23, "BTW/USDT": 11.8}}