{"set": ["LAB/USDT", "NES/USDT", "TLM/USDT"], "left": {"VELVET/USDT": 1783231287.6714854, "M/USDT": 1783235156.7288575, "BAS/USDT": 1783236069.9352868, "VANRY/USDT": 1783246269.6802592}, "vals": {"LAB/USDT": 4.29, "NES/USDT": 9.02, "TLM/USDT": 13.86}}