{"set": ["NASDAQ:BJDX", "NASDAQ:PMA"], "left": {"AMEX:BATL": 1783670502.6223402, "NASDAQ:LUCY": 1783670502.6223402, "NASDAQ:SKYQ": 1783670502.6223402, "AMEX:VTAK": 1783670502.6223402, "NASDAQ:VRAX": 1783671685.053704, "NASDAQ:IOTR": 1783671685.053704, "NASDAQ:JLHL": 1783671685.053704, "NASDAQ:SUNE": 1783671685.053704, "NASDAQ:RPGL": 1783671685.053704}, "vals": {"NASDAQ:PMA": 39.2, "NASDAQ:BJDX": 11.94}}