{"set": ["BEAT/USDT", "BEL/USDT", "CLO/USDT", "LAB/USDT"], "left": {"RESOLV/USDT": 1782263161.442205, "HEI/USDT": 1782263758.6866052, "SYN/USDT": 1782263758.6866052, "DYDX/USDT": 1782263758.6866052, "BASED/USDT": 1782263758.6866052, "FARTCOIN/USDT": 1782263758.6866052, "BLESS/USDT": 1782266762.454853, "ID/USDT": 1782270078.2248478, "ESPORTS/USDT": 1782276664.413571, "H/USDT": 1782278166.2508242, "BTW/USDT": 1782283259.7482293}, "vals": {"LAB/USDT": 15.24, "CLO/USDT": 19.28, "BEAT/USDT": 7.22, "BEL/USDT": 14.59}}