{"set": ["EPIC/USDT", "LAB/USDT", "UB/USDT"], "left": {"BTW/USDT": 1782012064.233977, "SLX/USDT": 1782012667.6009367, "EIGEN/USDT": 1782018075.8703148, "BEL/USDT": 1782018959.8330061, "ALICE/USDT": 1782018959.8330061, "ESPORTS/USDT": 1782023755.1606114, "BEAT/USDT": 1782026755.5463672, "SIREN/USDT": 1782026755.5463672}, "vals": {"UB/USDT": 19.27, "LAB/USDT": 13.26, "EPIC/USDT": 13.03}}