{"set": ["BTW/USDT", "LAB/USDT", "NES/USDT", "TLM/USDT", "UB/USDT", "VANRY/USDT"], "left": {"HMSTR/USDT": 1783266363.6915896, "M/USDT": 1783269086.9972239, "WLFI/USDT": 1783272688.174437}, "vals": {"VANRY/USDT": 22.41, "UB/USDT": 16.02, "LAB/USDT": 3.12, "BTW/USDT": 19.61, "NES/USDT": 27.77, "TLM/USDT": 31.68}}