{"set": ["BTW/USDT", "LAB/USDT", "NES/USDT", "TLM/USDT", "VANRY/USDT"], "left": {"BAS/USDT": 1783236069.9352868, "M/USDT": 1783247485.2696817, "HMSTR/USDT": 1783247756.0110407, "WLFI/USDT": 1783255563.6762834}, "vals": {"VANRY/USDT": 32.92, "LAB/USDT": 3.49, "BTW/USDT": 25.72, "NES/USDT": 13.38, "TLM/USDT": 6.48}}