{"set": ["BAS/USDT", "ENA/USDT", "LAB/USDT", "UB/USDT"], "left": {"SKYAI/USDT": 1782940285.1011455, "XRP/USDT": 1782945079.1081045, "O/USDT": 1782946884.3406026, "BTW/USDT": 1782950494.8114948, "XLM/USDT": 1782950494.8114948, "LIT/USDT": 1782950494.8114948, "ADA/USDT": 1782950494.8114948, "NOM/USDT": 1782950763.2187502, "AIGENSYN/USDT": 1782950763.2187502, "BASED/USDT": 1782950763.2187502, "VELVET/USDT": 1782950763.2187502, "TAIKO/USDT": 1782950763.2187502, "TLM/USDT": 1782950763.2187502, "M/USDT": 1782950763.2187502, "SYN/USDT": 1782950763.2187502, "NFP/USDT": 1782951057.6888318, "TAC/USDT": 1782952270.1143963, "ZBT/USDT": 1782954079.413939, "H/USDT": 1782959758.8426268, "SLX/USDT": 1782960668.7264152}, "vals": {"UB/USDT": 6.56, "BAS/USDT": 5.56, "LAB/USDT": 6.21, "ENA/USDT": 6.95}}