{"set": ["BSB/USDT", "PUMP/USDT"], "left": {"XRP/USDT": 1784073695.6998954, "KAITO/USDT": 1784073695.6998954, "PEPE/USDT": 1784073695.6998954, "ADA/USDT": 1784073695.6998954, "DOGE/USDT": 1784073695.6998954, "ENA/USDT": 1784073695.6998954, "LAB/USDT": 1784077559.998516, "TRIA/USDT": 1784077882.459651, "PUMPFUN/USDT": 1784078750.6071393, "VELVET/USDT": 1784078750.6071393, "DODO/USDT": 1784078750.6071393}, "vals": {"PUMP/USDT": 8.39, "BSB/USDT": 3.01}}