{"set": ["EDGEX/USDT", "EPIC/USDT", "EVAA/USDT", "LAB/USDT", "US/USDT"], "left": {"OPG/USDT": 1783468890.0904126, "NES/USDT": 1783468890.0904126, "BLUR/USDT": 1783469755.6902192, "TLM/USDT": 1783470958.6890893}, "vals": {"LAB/USDT": 9.48, "US/USDT": 3.12, "EDGEX/USDT": 3.63, "EPIC/USDT": 3.58, "EVAA/USDT": 7.75}}