{"set": ["B/USDT", "JCT/USDT", "US/USDT", "VELVET/USDT"], "left": {"LAB/USDT": 1783921560.2379856, "MAGMA/USDT": 1783938083.0415742, "BEAT/USDT": 1783939288.251734}, "vals": {"JCT/USDT": 18.25, "US/USDT": 3.85, "VELVET/USDT": 27.72, "B/USDT": 15.6}}