{"set": ["ACT/USDT", "BAS/USDT", "O/USDT", "RAVE/USDT", "SLX/USDT", "VELVET/USDT"], "left": {"LAB/USDT": 1782682330.3504665, "MANTA/USDT": 1782691284.653991, "UB/USDT": 1782691284.653991, "POWR/USDT": 1782693061.7186444, "MAGIC/USDT": 1782693061.7186444, "BTW/USDT": 1782694552.992421, "AGLD/USDT": 1782698160.6993742, "SKYAI/USDT": 1782700551.8194292, "BEAT/USDT": 1782701760.3329859}, "vals": {"BAS/USDT": 3.82, "VELVET/USDT": 9.65, "ACT/USDT": 8.27, "RAVE/USDT": 14.98, "SLX/USDT": 5.92, "O/USDT": 3.39}}