{"set": ["BEAT/USDT", "LAB/USDT", "O/USDT", "RAVE/USDT", "UB/USDT", "VELVET/USDT", "WIF/USDT"], "left": {"PIEVERSE/USDT": 1782620755.9253287, "BAS/USDT": 1782632469.004419, "BTW/USDT": 1782639072.1415567, "SLX/USDT": 1782639721.6716003}, "vals": {"UB/USDT": 12.56, "VELVET/USDT": 3.53, "LAB/USDT": 6.79, "RAVE/USDT": 13.18, "O/USDT": 41.95, "BEAT/USDT": 3.5, "WIF/USDT": 3.73}}