{"set": ["AIGENSYN/USDT", "BTW/USDT"], "left": {"RE/USDT": 1782780949.2516375, "ESPORTS/USDT": 1782781854.0830033, "GWEI/USDT": 1782784258.0603638, "ACT/USDT": 1782786351.228581, "SYN/USDT": 1782789055.986647, "KAS/USDT": 1782789055.986647, "XLM/USDT": 1782789055.986647, "BAS/USDT": 1782792959.6378183, "BEAT/USDT": 1782793259.0445502, "O/USDT": 1782797758.5825481, "VELVET/USDT": 1782799858.5735085}, "vals": {"AIGENSYN/USDT": 25.01, "BTW/USDT": 24.91}}