{"set": ["DODO/USDT", "PUMPFUN/USDT", "VELVET/USDT"], "left": {"LAB/USDT": 1784071897.2416604, "TRIA/USDT": 1784073695.6998954, "XRP/USDT": 1784073695.6998954, "KAITO/USDT": 1784073695.6998954, "BSB/USDT": 1784073695.6998954, "PEPE/USDT": 1784073695.6998954, "ADA/USDT": 1784073695.6998954, "DOGE/USDT": 1784073695.6998954, "ENA/USDT": 1784073695.6998954}, "vals": {"PUMPFUN/USDT": 3.49, "DODO/USDT": 24.32, "VELVET/USDT": 11.4}}