{"set": ["CLO/USDT", "EDGEX/USDT", "POWER/USDT", "SKYAI/USDT", "TAG/USDT"], "left": {"LDO/USDT": 1783553159.1583135, "NES/USDT": 1783555311.7287774, "SLX/USDT": 1783555311.7287774, "APE/USDT": 1783556172.0513215, "KAITO/USDT": 1783556172.0513215, "RAVE/USDT": 1783556172.0513215, "FET/USDT": 1783556172.0513215, "ANSEM/USDT": 1783556172.0513215, "UAI/USDT": 1783556172.0513215, "OGN/USDT": 1783556172.0513215, "EVAA/USDT": 1783559488.4230435, "LAB/USDT": 1783564557.8091063, "VANRY/USDT": 1783567561.5095675}, "vals": {"TAG/USDT": 3.87, "EDGEX/USDT": 4.5, "POWER/USDT": 3.96, "CLO/USDT": 13.31, "SKYAI/USDT": 28.69}}