{"set": ["BAS/USDT", "BASED/USDT", "BTW/USDT", "H/USDT", "M/USDT", "RE/USDT", "XLM/USDT"], "left": {"VELVET/USDT": 1782858063.506421, "TAC/USDT": 1782866152.8073266, "BEAT/USDT": 1782867058.0822861, "TAIKO/USDT": 1782867955.2676673, "AIGENSYN/USDT": 1782870962.4996216}, "vals": {"BAS/USDT": 4.43, "BTW/USDT": 16.11, "BASED/USDT": 3.69, "M/USDT": 3.24, "XLM/USDT": 5.08, "RE/USDT": 3.63, "H/USDT": 3.04}}