{"set": ["ADA/USDT", "ARPA/USDT", "DOGE/USDT", "PEPE/USDT", "THE/USDT", "TLM/USDT", "XPL/USDT", "ZKP/USDT"], "left": {"US/USDT": 1783076497.9331872, "M/USDT": 1783077676.7961626, "GUA/USDT": 1783090924.7562869, "ENA/USDT": 1783092107.0772421, "XRP/USDT": 1783092994.5928607, "MAGMA/USDT": 1783092994.5928607, "BAS/USDT": 1783093300.9886749}, "vals": {"PEPE/USDT": 4.3, "ARPA/USDT": 31.9, "ZKP/USDT": 26.8, "THE/USDT": 22.26, "TLM/USDT": 3.98, "XPL/USDT": 18.2, "ADA/USDT": 6.2, "DOGE/USDT": 3.01}}