{"set": ["BIO/USDT", "CLO/USDT", "FOLKS/USDT", "H/USDT", "LAB/USDT", "SKYAI/USDT", "XLM/USDT", "\u9f99\u867e/USDT"], "left": {"SIREN/USDT": 1781781403.490746, "HOME/USDT": 1781787725.655748, "AGT/USDT": 1781787725.655748, "BTW/USDT": 1781792674.8736277}, "vals": {"\u9f99\u867e/USDT": 7.34, "LAB/USDT": 21.96, "CLO/USDT": 18.91, "H/USDT": 13.17, "XLM/USDT": 10.85, "SKYAI/USDT": 3.03, "FOLKS/USDT": 18.45, "BIO/USDT": 4.49}}