{"set": ["FARTCOIN/USDT", "LAB/USDT", "PUMPFUN/USDT", "SKYAI/USDT", "SLX/USDT", "UB/USDT", "VELVET/USDT", "WIF/USDT"], "left": {"H/USDT": 1782514894.6638541, "BAS/USDT": 1782516682.3019545, "JTO/USDT": 1782518468.9153395, "ESPORTS/USDT": 1782518468.9153395, "AGLD/USDT": 1782518468.9153395, "BEAT/USDT": 1782518468.9153395, "ADA/USDT": 1782518468.9153395, "MAGMA/USDT": 1782518468.9153395, "G/USDT": 1782518764.362656}, "vals": {"PUMPFUN/USDT": 6.28, "UB/USDT": 6.29, "SLX/USDT": 7.34, "VELVET/USDT": 10.13, "WIF/USDT": 5.33, "FARTCOIN/USDT": 3.02, "SKYAI/USDT": 6.37, "LAB/USDT": 5.44}}