{"set": ["BAS/USDT", "BEAT/USDT", "BTW/USDT", "ESPORTS/USDT", "EVAA/USDT"], "left": {"ENA/USDT": 1782346254.9399734, "O/USDT": 1782346254.9399734, "FET/USDT": 1782346254.9399734, "UB/USDT": 1782346254.9399734, "JUP/USDT": 1782346254.9399734, "SEI/USDT": 1782346254.9399734, "SLX/USDT": 1782346254.9399734, "ONDO/USDT": 1782346254.9399734, "CLO/USDT": 1782349281.2013028, "SAHARA/USDT": 1782350757.2498891, "LAB/USDT": 1782352566.9077063, "ID/USDT": 1782356478.811467}, "vals": {"BAS/USDT": 3.25, "BTW/USDT": 3.17, "ESPORTS/USDT": 7.06, "BEAT/USDT": 3.47, "EVAA/USDT": 4.26}}