{"set": ["ACE/USDT", "AVAAI/USDT", "BANK/USDT", "PI/USDT", "TLM/USDT"], "left": {"B/USDT": 1784506264.8048582, "PUMPFUN/USDT": 1784506264.8048582, "AKE/USDT": 1784512260.9563913, "PEPE/USDT": 1784517062.9586895, "HOME/USDT": 1784518978.3080316, "KAITO/USDT": 1784522459.8047664, "ESPORTS/USDT": 1784523357.0800269}, "vals": {"BANK/USDT": 12.56, "AVAAI/USDT": 11.96, "TLM/USDT": 4.3, "ACE/USDT": 7.95, "PI/USDT": 4.0}}