{"set": ["CRO/USDT", "LAB/USDT", "SKYAI/USDT"], "left": {"ONDO/USDT": 1784233594.4158194, "PUMP/USDT": 1784240758.4403362, "KAITO/USDT": 1784246480.3950748, "FLOCK/USDT": 1784246480.3950748, "ESPORTS/USDT": 1784246480.3950748, "BANK/USDT": 1784246480.3950748, "US/USDT": 1784246480.3950748, "RAVE/USDT": 1784246757.5521512, "AKE/USDT": 1784247964.9534473}, "vals": {"CRO/USDT": 5.2, "SKYAI/USDT": 8.79, "LAB/USDT": 3.03}}