{"set": ["BTW/USDT", "NES/USDT", "TLM/USDT", "VANRY/USDT", "WLFI/USDT"], "left": {"HMSTR/USDT": 1783247756.0110407, "M/USDT": 1783258287.1343338, "LAB/USDT": 1783263074.9545124}, "vals": {"VANRY/USDT": 18.75, "BTW/USDT": 13.37, "NES/USDT": 17.57, "WLFI/USDT": 3.72, "TLM/USDT": 19.47}}