{"set": ["EDGEX/USDT", "EVAA/USDT", "KAITO/USDT", "LDO/USDT", "SLX/USDT"], "left": {"TLM/USDT": 1783501304.8034737, "VANRY/USDT": 1783510888.179123, "VELVET/USDT": 1783520793.9343097, "CLO/USDT": 1783521996.1460087, "NES/USDT": 1783521996.1460087}, "vals": {"EDGEX/USDT": 13.64, "KAITO/USDT": 3.47, "EVAA/USDT": 13.72, "LDO/USDT": 6.68, "SLX/USDT": 9.32}}