{"set": ["NES/USDT", "VANRY/USDT"], "left": {"HMSTR/USDT": 1783314962.4727664, "EPIC/USDT": 1783317960.707354, "LAB/USDT": 1783319753.3504353, "VELVET/USDT": 1783326359.0054882, "LIT/USDT": 1783329680.3628118, "UB/USDT": 1783329958.4682093}, "vals": {"VANRY/USDT": 7.07, "NES/USDT": 8.09}}