{"set": ["BR/USDT", "BTW/USDT", "ESPORTS/USDT", "EVAA/USDT", "LAB/USDT", "SPX/USDT", "UNI/USDT", "XLM/USDT", "\u9f99\u867e/USDT"], "left": {"H/USDT": 1781668262.6370485, "SKYAI/USDT": 1781669465.9265976, "SIREN/USDT": 1781672760.9604423, "BEAT/USDT": 1781673664.3652246, "SPACE/USDT": 1781676091.3308692, "BLESS/USDT": 1781676970.9589026}, "vals": {"\u9f99\u867e/USDT": 5.8, "BR/USDT": 7.84, "LAB/USDT": 3.56, "SPX/USDT": 24.3, "BTW/USDT": 18.66, "ESPORTS/USDT": 19.58, "XLM/USDT": 3.65, "UNI/USDT": 8.61, "EVAA/USDT": 8.94}}