{"set": ["LAB/USDT", "US/USDT"], "left": {"BANK/USDT": 1784698861.5060885, "AKE/USDT": 1784701258.2685804}, "vals": {"US/USDT": 4.42, "LAB/USDT": 16.12}}