{"set": ["ASTEROID/USDT", "BSB/USDT", "JTO/USDT", "LAB/USDT", "SKYAI/USDT", "SPACE/USDT", "UNI/USDT", "XLM/USDT", "\u9f99\u867e/USDT"], "left": {"ZRO/USDT": 1781607718.8485653, "CHIP/USDT": 1781613111.0452197, "ENA/USDT": 1781615200.7178867, "VELVET/USDT": 1781619706.3217, "OPG/USDT": 1781619706.3217, "FARTCOIN/USDT": 1781619706.3217}, "vals": {"ASTEROID/USDT": 26.01, "SPACE/USDT": 11.6, "\u9f99\u867e/USDT": 37.49, "LAB/USDT": 37.05, "SKYAI/USDT": 22.2, "XLM/USDT": 3.19, "BSB/USDT": 47.02, "JTO/USDT": 9.49, "UNI/USDT": 3.8}}