{"set": ["ASTEROID/USDT", "BEAT/USDT", "BEL/USDT", "CLO/USDT", "EIGEN/USDT", "ESPORTS/USDT"], "left": {"SKYAI/USDT": 1781911872.545053, "SYN/USDT": 1781913954.9455822, "BLESS/USDT": 1781913954.9455822, "BASED/USDT": 1781915763.145682, "LAB/USDT": 1781916662.773172, "BICO/USDT": 1781921462.5297523, "HEI/USDT": 1781924153.5218754, "BTW/USDT": 1781925665.8882604, "BSB/USDT": 1781927464.3872497, "UB/USDT": 1781927757.9285665}, "vals": {"ASTEROID/USDT": 4.84, "ESPORTS/USDT": 4.66, "BEL/USDT": 4.65, "CLO/USDT": 6.98, "BEAT/USDT": 9.0, "EIGEN/USDT": 8.8}}