{"set": ["BIRB/USDT", "ENA/USDT", "M/USDT", "UB/USDT"], "left": {"TAC/USDT": 1782952270.1143963, "ZBT/USDT": 1782954079.413939, "H/USDT": 1782961281.5942914, "BAS/USDT": 1782966955.2973764, "BASED/USDT": 1782969670.7670445, "SLX/USDT": 1782970555.8773727, "LAB/USDT": 1782971751.6867611}, "vals": {"UB/USDT": 3.61, "BIRB/USDT": 64.84, "M/USDT": 4.6, "ENA/USDT": 6.51}}