{"set": ["BEAT/USDT", "RESOLV/USDT", "TNSR/USDT", "UB/USDT"], "left": {"SIREN/USDT": 1782054081.0560644, "LAB/USDT": 1782055871.3949046, "ENA/USDT": 1782058561.4018724, "EPIC/USDT": 1782063361.0904973, "BEL/USDT": 1782066356.4676614}, "vals": {"UB/USDT": 49.4, "TNSR/USDT": 43.21, "RESOLV/USDT": 25.95, "BEAT/USDT": 4.85}}