{"set": ["ESPORTS/USDT", "KAITO/USDT", "US/USDT"], "left": {"LAB/USDT": 1784419277.0800655, "AVAAI/USDT": 1784419277.0800655, "B/USDT": 1784420159.8236463, "BILL/USDT": 1784420159.8236463, "FARTCOIN/USDT": 1784420159.8236463, "AKE/USDT": 1784422881.7681973, "BANK/USDT": 1784425860.4068003}, "vals": {"ESPORTS/USDT": 46.92, "US/USDT": 5.89, "KAITO/USDT": 3.31}}