{"set": ["BTW/USDT", "LAB/USDT", "RAVE/USDT", "UB/USDT"], "left": {"WIF/USDT": 1782604885.0212393, "S/USDT": 1782605457.9097173, "RE/USDT": 1782605457.9097173, "VELVET/USDT": 1782605457.9097173, "SLX/USDT": 1782606666.9862638, "M/USDT": 1782607259.478217, "MYX/USDT": 1782612657.5769546, "BEAT/USDT": 1782619562.7708654, "PIEVERSE/USDT": 1782620755.9253287}, "vals": {"UB/USDT": 9.86, "LAB/USDT": 5.15, "BTW/USDT": 11.92, "RAVE/USDT": 4.81}}