{"set": ["1000BONK/USDT", "ANSEM/USDT", "BAS/USDT", "BASED/USDT", "FLOKI/USDT", "MAGMA/USDT", "NEX/USDT", "NOM/USDT", "PEPE/USDT", "TLM/USDT", "VELVET/USDT"], "left": {"XLM/USDT": 1783116088.1500266, "THE/USDT": 1783123297.2848868, "ZKP/USDT": 1783123297.2848868, "ENA/USDT": 1783123297.2848868, "GUA/USDT": 1783123297.2848868, "ADA/USDT": 1783123297.2848868, "UB/USDT": 1783123297.2848868, "ARPA/USDT": 1783123297.2848868, "DOGE/USDT": 1783123297.2848868, "XRP/USDT": 1783123297.2848868, "XPL/USDT": 1783123297.2848868, "HMSTR/USDT": 1783123297.2848868, "PIPPIN/USDT": 1783123297.2848868}, "vals": {"PEPE/USDT": 8.62, "NEX/USDT": 6.91, "FLOKI/USDT": 5.27, "1000BONK/USDT": 10.44, "BAS/USDT": 24.13, "MAGMA/USDT": 42.04, "NOM/USDT": 5.78, "BASED/USDT": 11.33, "ANSEM/USDT": 64.93, "TLM/USDT": 46.96, "VELVET/USDT": 11.76}}