{"set": ["BLUR/USDT", "NES/USDT", "OPG/USDT", "TAC/USDT", "WLFI/USDT"], "left": {"LAB/USDT": 1783405900.8362122, "EPIC/USDT": 1783410365.9587643, "VANRY/USDT": 1783419967.3909187, "TLM/USDT": 1783425715.0640087, "M/USDT": 1783425715.0640087}, "vals": {"BLUR/USDT": 14.8, "OPG/USDT": 13.6, "TAC/USDT": 56.86, "NES/USDT": 8.64, "WLFI/USDT": 4.49}}