{"set": ["ERA/USDT", "ESPORTS/USDT", "RE/USDT", "RIF/USDT"], "left": {"SNXX/USDT": 1784832996.0208738, "INTC/USDT": 1784841393.8192284, "WLFI/USDT": 1784845876.5699863, "KAITO/USDT": 1784851293.2312274, "ZAMA/USDT": 1784851293.2312274, "IDOL/USDT": 1784851293.2312274, "BEAT/USDT": 1784851293.2312274, "B/USDT": 1784851567.6280499, "AKE/USDT": 1784852753.7318985, "ON/USDT": 1784852753.7318985, "BILL/USDT": 1784852753.7318985, "LAB/USDT": 1784853353.9355602, "BANK/USDT": 1784853655.606163}, "vals": {"ESPORTS/USDT": 3.11, "RIF/USDT": 4.58, "ERA/USDT": 3.43, "RE/USDT": 3.04}}