{"set": ["AKE/USDT", "CRO/USDT", "SKYAI/USDT"], "left": {"ONDO/USDT": 1784233594.4158194, "PUMP/USDT": 1784240758.4403362, "KAITO/USDT": 1784246480.3950748, "FLOCK/USDT": 1784246480.3950748, "ESPORTS/USDT": 1784246480.3950748, "BANK/USDT": 1784246480.3950748, "US/USDT": 1784246480.3950748, "RAVE/USDT": 1784246757.5521512}, "vals": {"AKE/USDT": 3.84, "CRO/USDT": 4.92, "SKYAI/USDT": 7.44}}