{"set": ["BAS/USDT", "GUA/USDT", "M/USDT", "TAC/USDT", "TLM/USDT", "US/USDT"], "left": {"TAIKO/USDT": 1783045553.4454162, "ADA/USDT": 1783051553.579309, "NFP/USDT": 1783054882.8246603, "VELVET/USDT": 1783057559.6459973, "MAGMA/USDT": 1783065367.9293916}, "vals": {"US/USDT": 4.37, "BAS/USDT": 6.99, "M/USDT": 6.82, "GUA/USDT": 10.43, "TLM/USDT": 10.75, "TAC/USDT": 3.76}}