{"set": ["CLO/USDT", "ESPORTS/USDT", "FOLKS/USDT", "LAYER/USDT", "MMT/USDT", "RESOLV/USDT"], "left": {"BLESS/USDT": 1782181261.7121751, "H/USDT": 1782193564.0633771, "HMSTR/USDT": 1782194477.5189312, "BEL/USDT": 1782201065.6975532, "ID/USDT": 1782202577.1475716}, "vals": {"RESOLV/USDT": 15.12, "MMT/USDT": 3.51, "ESPORTS/USDT": 15.56, "CLO/USDT": 14.31, "LAYER/USDT": 9.44, "FOLKS/USDT": 7.62}}