{"set": ["BANK/USDT", "KAITO/USDT", "SKYAI/USDT", "TAC/USDT", "US/USDT"], "left": {"AKE/USDT": 1784247964.9534473, "LAB/USDT": 1784248559.4605422, "RAVE/USDT": 1784250962.934766, "ESPORTS/USDT": 1784257872.7741404, "CRO/USDT": 1784260880.8118584}, "vals": {"BANK/USDT": 3.02, "US/USDT": 4.11, "SKYAI/USDT": 10.71, "TAC/USDT": 13.47, "KAITO/USDT": 11.56}}