{"set": ["BEAT/USDT", "ESPORTS/USDT", "HOME/USDT", "RE/USDT", "US/USDT"], "left": {"KAITO/USDT": 1784851293.2312274, "IDOL/USDT": 1784851293.2312274, "AKE/USDT": 1784852753.7318985, "ON/USDT": 1784852753.7318985, "BILL/USDT": 1784852753.7318985, "LAB/USDT": 1784855763.4696994, "ZAMA/USDT": 1784856957.7212021, "RIF/USDT": 1784857260.3041213, "BANK/USDT": 1784858155.9180408, "ERA/USDT": 1784870459.8763897, "B/USDT": 1784872885.4714868}, "vals": {"HOME/USDT": 8.8, "ESPORTS/USDT": 5.17, "US/USDT": 8.11, "RE/USDT": 16.88, "BEAT/USDT": 6.31}}