{"set": ["ASTEROID/USDT", "BEAT/USDT", "BEL/USDT", "BSB/USDT", "CLO/USDT", "EIGEN/USDT", "ESPORTS/USDT", "UB/USDT"], "left": {"SKYAI/USDT": 1781911872.545053, "SYN/USDT": 1781913954.9455822, "BLESS/USDT": 1781913954.9455822, "BASED/USDT": 1781915763.145682, "LAB/USDT": 1781916662.773172, "BICO/USDT": 1781921462.5297523, "HEI/USDT": 1781924153.5218754, "BTW/USDT": 1781925665.8882604}, "vals": {"ASTEROID/USDT": 5.4, "UB/USDT": 4.6, "ESPORTS/USDT": 5.1, "BEL/USDT": 3.17, "CLO/USDT": 7.02, "BEAT/USDT": 7.66, "BSB/USDT": 3.21, "EIGEN/USDT": 11.18}}