{"set": ["BEL/USDT", "RESOLV/USDT", "TNSR/USDT", "UB/USDT"], "left": {"SIREN/USDT": 1782054081.0560644, "LAB/USDT": 1782055871.3949046, "ENA/USDT": 1782058561.4018724, "EPIC/USDT": 1782063361.0904973, "BEAT/USDT": 1782067560.7861907, "WLFI/USDT": 1782067560.7861907}, "vals": {"UB/USDT": 52.32, "TNSR/USDT": 39.24, "RESOLV/USDT": 20.78, "BEL/USDT": 4.67}}