{"set": ["B/USDT", "BILL/USDT", "ENA/USDT", "VELVET/USDT"], "left": {"T/USDT": 1784000475.9117653, "ZBT/USDT": 1784013089.8568041, "LAB/USDT": 1784019965.727319}, "vals": {"BILL/USDT": 3.31, "VELVET/USDT": 3.51, "B/USDT": 5.92, "ENA/USDT": 5.69}}