{"set": ["ADA/USDT", "AKE/USDT", "ESPORTS/USDT", "LRC/USDT", "US/USDT"], "left": {"KAITO/USDT": 1784310101.07536, "ONDO/USDT": 1784318797.1005747, "BANK/USDT": 1784326567.6400495}, "vals": {"AKE/USDT": 50.59, "US/USDT": 12.53, "ESPORTS/USDT": 16.62, "LRC/USDT": 32.61, "ADA/USDT": 3.36}}