{"set": ["BIRB/USDT", "ENA/USDT"], "left": {"H/USDT": 1782961281.5942914, "BAS/USDT": 1782966955.2973764, "BASED/USDT": 1782969670.7670445, "LAB/USDT": 1782971751.6867611, "M/USDT": 1782975066.4561415, "SLX/USDT": 1782976260.830532, "UB/USDT": 1782976562.6260116}, "vals": {"BIRB/USDT": 57.02, "ENA/USDT": 6.85}}