{"set": ["ADA/USDT", "BEAT/USDT", "BTW/USDT", "M/USDT", "RE/USDT", "SKYAI/USDT", "TAIKO/USDT", "XLM/USDT"], "left": {"TAC/USDT": 1782866152.8073266, "AIGENSYN/USDT": 1782870962.4996216, "H/USDT": 1782878264.681469, "BAS/USDT": 1782879364.6226685, "RAVE/USDT": 1782880563.4311125, "BASED/USDT": 1782881765.7437463}, "vals": {"BTW/USDT": 20.87, "TAIKO/USDT": 9.17, "M/USDT": 7.38, "XLM/USDT": 5.77, "ADA/USDT": 4.58, "SKYAI/USDT": 4.4, "BEAT/USDT": 22.63, "RE/USDT": 3.13}}