{"set": ["ASTEROID/USDT", "BSB/USDT", "FARTCOIN/USDT", "LAB/USDT", "SKYAI/USDT", "SPACE/USDT", "UNI/USDT", "VELVET/USDT", "XLM/USDT"], "left": {"BEAT/USDT": 1781580952.8928974, "SIREN/USDT": 1781597485.4952133, "WLFI/USDT": 1781597485.4952133, "ENA/USDT": 1781601085.3185346, "JTO/USDT": 1781601676.212502}, "vals": {"ASTEROID/USDT": 37.41, "SPACE/USDT": 19.79, "VELVET/USDT": 18.0, "LAB/USDT": 12.19, "SKYAI/USDT": 15.08, "XLM/USDT": 4.46, "BSB/USDT": 36.41, "FARTCOIN/USDT": 5.91, "UNI/USDT": 3.27}}