{"set": ["CHIP/USDT", "CLO/USDT", "ESPORTS/USDT", "EVAA/USDT", "H/USDT", "JCT/USDT", "JELLYJELLY/USDT", "SIREN/USDT"], "left": {"TRADOOR/USDT": 1781481361.106416, "BTW/USDT": 1781481673.613035, "XRP/USDT": 1781481673.613035, "SKYAI/USDT": 1781481673.613035, "ADA/USDT": 1781481673.613035, "COAI/USDT": 1781484059.012646, "LAB/USDT": 1781486463.1124449, "OPG/USDT": 1781488257.9583573, "BEAT/USDT": 1781490960.807529, "VELVET/USDT": 1781493062.1771092}, "vals": {"JCT/USDT": 5.11, "SIREN/USDT": 8.31, "CHIP/USDT": 7.17, "ESPORTS/USDT": 7.18, "JELLYJELLY/USDT": 6.99, "H/USDT": 11.66, "CLO/USDT": 25.47, "EVAA/USDT": 7.48}}