{"set": ["BAS/USDT", "BEAT/USDT", "LAB/USDT", "MAGMA/USDT", "SKYAI/USDT", "UB/USDT", "VELVET/USDT"], "left": {"G/USDT": 1782471687.5486228, "SLX/USDT": 1782476197.4772115, "BTW/USDT": 1782479795.881762, "PUMP/USDT": 1782482520.7389536, "H/USDT": 1782482794.5617955, "TNSR/USDT": 1782483095.3601108, "HEI/USDT": 1782483095.3601108}, "vals": {"UB/USDT": 6.74, "BAS/USDT": 4.29, "MAGMA/USDT": 69.17, "LAB/USDT": 3.57, "VELVET/USDT": 17.4, "BEAT/USDT": 13.64, "SKYAI/USDT": 15.69}}