{"set": ["ASTEROID/USDT", "BSB/USDT", "FARTCOIN/USDT", "JTO/USDT", "LAB/USDT", "SKYAI/USDT", "SPACE/USDT", "UNI/USDT", "XLM/USDT"], "left": {"SIREN/USDT": 1781597485.4952133, "WLFI/USDT": 1781597485.4952133, "ZRO/USDT": 1781607718.8485653, "CHIP/USDT": 1781613111.0452197, "ENA/USDT": 1781615200.7178867, "VELVET/USDT": 1781617300.1079235, "OPG/USDT": 1781618200.6147325}, "vals": {"ASTEROID/USDT": 23.11, "SPACE/USDT": 14.05, "LAB/USDT": 35.03, "SKYAI/USDT": 14.42, "XLM/USDT": 4.96, "BSB/USDT": 44.97, "JTO/USDT": 16.75, "UNI/USDT": 6.15, "FARTCOIN/USDT": 4.38}}