{"set": ["BAS/USDT", "BEAT/USDT", "IP/USDT"], "left": {"SKYAI/USDT": 1782432091.6756217, "HEI/USDT": 1782432091.6756217, "LAB/USDT": 1782432091.6756217, "XPL/USDT": 1782432091.6756217, "SLX/USDT": 1782432091.6756217, "RESOLV/USDT": 1782432091.6756217, "BEL/USDT": 1782432091.6756217, "M/USDT": 1782432363.2367258, "FARTCOIN/USDT": 1782432673.1264422, "BTW/USDT": 1782433259.2305038, "H/USDT": 1782433259.2305038, "UB/USDT": 1782435361.4525566}, "vals": {"BAS/USDT": 4.01, "BEAT/USDT": 3.07, "IP/USDT": 8.49}}