{"set": ["BEAT/USDT", "ERA/USDT", "ESPORTS/USDT", "RE/USDT"], "left": {"KAITO/USDT": 1784851293.2312274, "IDOL/USDT": 1784851293.2312274, "AKE/USDT": 1784852753.7318985, "ON/USDT": 1784852753.7318985, "BILL/USDT": 1784852753.7318985, "LAB/USDT": 1784855763.4696994, "ZAMA/USDT": 1784856957.7212021, "RIF/USDT": 1784857260.3041213, "BANK/USDT": 1784858155.9180408, "B/USDT": 1784869280.8663437}, "vals": {"ESPORTS/USDT": 4.44, "ERA/USDT": 3.32, "RE/USDT": 17.02, "BEAT/USDT": 5.63}}