{"set": ["AKE/USDT", "BANK/USDT", "KAITO/USDT", "RE/USDT", "RIF/USDT", "SNXX/USDT", "WLFI/USDT", "ZAMA/USDT"], "left": {"O/USDT": 1784806279.7565594, "ERA/USDT": 1784808101.9070883, "LAB/USDT": 1784812590.830063, "ESPORTS/USDT": 1784825495.000704}, "vals": {"AKE/USDT": 46.29, "BANK/USDT": 12.22, "ZAMA/USDT": 16.98, "RIF/USDT": 77.17, "WLFI/USDT": 7.31, "RE/USDT": 10.57, "KAITO/USDT": 5.68, "SNXX/USDT": 6.96}}