{"set": ["ACT/USDT", "BAS/USDT", "RAVE/USDT", "SLX/USDT", "VELVET/USDT"], "left": {"LAB/USDT": 1782682330.3504665, "MANTA/USDT": 1782691284.653991, "UB/USDT": 1782691284.653991, "POWR/USDT": 1782693061.7186444, "MAGIC/USDT": 1782693061.7186444, "BTW/USDT": 1782694552.992421, "AGLD/USDT": 1782698160.6993742, "O/USDT": 1782698759.4098055, "SKYAI/USDT": 1782700551.8194292, "BEAT/USDT": 1782701760.3329859}, "vals": {"BAS/USDT": 3.65, "VELVET/USDT": 8.22, "ACT/USDT": 5.82, "RAVE/USDT": 9.64, "SLX/USDT": 5.71}}