{"set": ["ADA/USDT", "BIRB/USDT", "BREV/USDT", "ENA/USDT", "LIT/USDT", "M/USDT", "PEPE/USDT", "SLX/USDT"], "left": {"BASED/USDT": 1782969670.7670445, "LAB/USDT": 1782981670.6143816, "UB/USDT": 1782988568.046464, "BAS/USDT": 1782988568.046464}, "vals": {"PEPE/USDT": 4.09, "BIRB/USDT": 62.68, "BREV/USDT": 36.55, "M/USDT": 15.57, "SLX/USDT": 3.53, "ADA/USDT": 3.45, "ENA/USDT": 9.12, "LIT/USDT": 4.35}}