{"set": ["ACT/USDT", "AGLD/USDT", "BAS/USDT", "O/USDT", "RAVE/USDT", "RE/USDT", "TAC/USDT", "UB/USDT"], "left": {"ADA/USDT": 1782755498.7968976, "ENA/USDT": 1782758799.5168116, "WLFI/USDT": 1782773166.404553, "BEAT/USDT": 1782776765.6729114}, "vals": {"TAC/USDT": 171.69, "UB/USDT": 44.07, "RAVE/USDT": 21.6, "BAS/USDT": 29.1, "ACT/USDT": 12.55, "O/USDT": 9.12, "RE/USDT": 29.86, "AGLD/USDT": 22.16}}