{"set": ["EPIC/USDT", "HMSTR/USDT", "LIT/USDT", "UB/USDT"], "left": {"ENA/USDT": 1783293677.5100284, "CAP/USDT": 1783296101.7064824, "BTW/USDT": 1783296101.7064824, "NES/USDT": 1783296101.7064824, "LAB/USDT": 1783296671.0950449, "VELVET/USDT": 1783299686.580346, "SKYAI/USDT": 1783299952.0989566, "MIRA/USDT": 1783300558.3173487, "TLM/USDT": 1783304157.2154553, "VANRY/USDT": 1783304157.2154553}, "vals": {"UB/USDT": 3.11, "HMSTR/USDT": 4.38, "LIT/USDT": 9.63, "EPIC/USDT": 15.04}}