{"set": ["BTW/USDT", "H/USDT", "XLM/USDT"], "left": {"SLX/USDT": 1782838920.917782, "IN/USDT": 1782840398.3848712, "AIGENSYN/USDT": 1782842522.9683788, "TAC/USDT": 1782843094.4822547, "VELVET/USDT": 1782843094.4822547}, "vals": {"BTW/USDT": 6.81, "XLM/USDT": 4.97, "H/USDT": 15.12}}