{"set": ["ASTER/USDT", "BSB/USDT", "ESPORTS/USDT", "SIREN/USDT", "SPX/USDT", "XLM/USDT"], "left": {"BLESS/USDT": 1781676970.9589026, "EVAA/USDT": 1781680868.9426517, "LAB/USDT": 1781682667.3037412, "BR/USDT": 1781692290.6848204, "\u9f99\u867e/USDT": 1781693503.6220849, "UNI/USDT": 1781694395.6005182, "BTW/USDT": 1781697715.1830873}, "vals": {"SIREN/USDT": 15.25, "ESPORTS/USDT": 52.36, "SPX/USDT": 11.14, "ASTER/USDT": 6.29, "BSB/USDT": 5.24, "XLM/USDT": 3.09}}