{"set": ["BAS/USDT", "BASED/USDT", "BTW/USDT", "H/USDT", "RE/USDT", "XLM/USDT"], "left": {"VELVET/USDT": 1782858063.506421, "TAC/USDT": 1782866152.8073266, "BEAT/USDT": 1782867058.0822861, "TAIKO/USDT": 1782867955.2676673, "AIGENSYN/USDT": 1782870962.4996216, "M/USDT": 1782871279.518773}, "vals": {"BAS/USDT": 3.87, "BTW/USDT": 14.92, "BASED/USDT": 3.12, "XLM/USDT": 5.9, "RE/USDT": 3.47, "H/USDT": 3.56}}