{"set": ["LAB/USDT", "UB/USDT"], "left": {"WIF/USDT": 1782604885.0212393, "MYX/USDT": 1782605457.9097173, "S/USDT": 1782605457.9097173, "RE/USDT": 1782605457.9097173, "VELVET/USDT": 1782605457.9097173, "SLX/USDT": 1782606666.9862638, "M/USDT": 1782607259.478217, "BEAT/USDT": 1782607856.3847551}, "vals": {"UB/USDT": 6.63, "LAB/USDT": 3.77}}