{"set": ["BTW/USDT", "LAB/USDT", "NES/USDT", "TLM/USDT", "VANRY/USDT"], "left": {"HMSTR/USDT": 1783247756.0110407, "WLFI/USDT": 1783255563.6762834, "M/USDT": 1783258287.1343338}, "vals": {"VANRY/USDT": 27.11, "LAB/USDT": 3.02, "BTW/USDT": 25.09, "NES/USDT": 12.66, "TLM/USDT": 11.39}}