{"set": ["ANSEM/USDT", "DODO/USDT", "PIPPIN/USDT"], "left": {"PEPE/USDT": 1783890961.1996794, "CLO/USDT": 1783900898.0197139, "VELVET/USDT": 1783900898.0197139, "BEAT/USDT": 1783900898.0197139, "VANRY/USDT": 1783900898.0197139, "T/USDT": 1783900898.0197139}, "vals": {"DODO/USDT": 38.71, "PIPPIN/USDT": 3.08, "ANSEM/USDT": 13.76}}