{"set": ["B/USDT", "ESPORTS/USDT", "HOME/USDT", "KAITO/USDT"], "left": {"AKE/USDT": 1784422881.7681973, "US/USDT": 1784428858.6133661, "NES/USDT": 1784432757.9521945, "BANK/USDT": 1784442953.8829155}, "vals": {"ESPORTS/USDT": 55.52, "HOME/USDT": 10.42, "B/USDT": 8.76, "KAITO/USDT": 11.14}}