{"set": ["AKE/USDT", "BANK/USDT", "BEAT/USDT", "KAITO/USDT", "RIF/USDT", "WLFI/USDT", "ZAMA/USDT"], "left": {"LAB/USDT": 1784812590.830063, "ESPORTS/USDT": 1784825495.000704, "RE/USDT": 1784829717.967426, "SNXX/USDT": 1784832996.0208738}, "vals": {"AKE/USDT": 37.99, "ZAMA/USDT": 14.79, "BANK/USDT": 13.26, "RIF/USDT": 55.41, "WLFI/USDT": 8.0, "KAITO/USDT": 4.59, "BEAT/USDT": 15.27}}