{"set": ["AKE/USDT", "BEAT/USDT", "PUMP/USDT", "RAVE/USDT", "US/USDT"], "left": {"KAITO/USDT": 1784117169.435723, "PEPE/USDT": 1784123508.6452532, "PI/USDT": 1784127397.6196728, "BSB/USDT": 1784133132.2227702, "VANRY/USDT": 1784134933.2475104}, "vals": {"AKE/USDT": 253.32, "PUMP/USDT": 10.91, "US/USDT": 33.35, "RAVE/USDT": 12.73, "BEAT/USDT": 5.0}}