{"set": ["ESPORTS/USDT", "KAITO/USDT", "US/USDT"], "left": {"LAB/USDT": 1784419277.0800655, "AVAAI/USDT": 1784419277.0800655, "BILL/USDT": 1784420159.8236463, "FARTCOIN/USDT": 1784420159.8236463, "AKE/USDT": 1784422881.7681973, "BANK/USDT": 1784425860.4068003, "B/USDT": 1784427658.4457927}, "vals": {"ESPORTS/USDT": 43.23, "US/USDT": 4.3, "KAITO/USDT": 3.29}}