{"set": ["ADA/USDT", "BASED/USDT", "BEAT/USDT", "BTW/USDT", "SKYAI/USDT", "TAIKO/USDT", "XLM/USDT"], "left": {"TAC/USDT": 1782866152.8073266, "AIGENSYN/USDT": 1782870962.4996216, "H/USDT": 1782878264.681469, "BAS/USDT": 1782879364.6226685, "RAVE/USDT": 1782880563.4311125, "RE/USDT": 1782882087.2449737, "M/USDT": 1782883566.6978858}, "vals": {"BTW/USDT": 20.15, "BASED/USDT": 3.99, "TAIKO/USDT": 8.79, "XLM/USDT": 5.07, "ADA/USDT": 4.85, "BEAT/USDT": 19.15, "SKYAI/USDT": 7.83}}