{"set": ["ADA/USDT", "BIRB/USDT", "BREV/USDT", "ENA/USDT", "LIT/USDT", "M/USDT", "PEPE/USDT", "TLM/USDT", "XRP/USDT"], "left": {"LAB/USDT": 1782981670.6143816, "SLX/USDT": 1782988872.3451953, "BAS/USDT": 1782990368.4244921, "TAC/USDT": 1782992775.2916791, "UB/USDT": 1782993076.3630064, "DOGE/USDT": 1782995768.142158}, "vals": {"PEPE/USDT": 4.78, "BIRB/USDT": 59.84, "BREV/USDT": 30.25, "M/USDT": 22.67, "TLM/USDT": 3.12, "XRP/USDT": 3.9, "ADA/USDT": 4.55, "ENA/USDT": 8.84, "LIT/USDT": 5.51}}