{"set": ["BEAT/USDT", "BEL/USDT", "BICO/USDT", "BTW/USDT", "EIGEN/USDT", "ESPORTS/USDT", "SKYAI/USDT", "UB/USDT"], "left": {"HEI/USDT": 1781924153.5218754, "ENA/USDT": 1781936761.9218526, "BSB/USDT": 1781937073.213171, "CLO/USDT": 1781938881.122302, "ASTEROID/USDT": 1781940674.0638392}, "vals": {"UB/USDT": 3.03, "BTW/USDT": 22.42, "ESPORTS/USDT": 5.31, "BEL/USDT": 34.95, "BEAT/USDT": 3.19, "EIGEN/USDT": 9.56, "BICO/USDT": 13.79, "SKYAI/USDT": 3.47}}