{"set": ["BEAT/USDT", "ERA/USDT", "RE/USDT"], "left": {"KAITO/USDT": 1784851293.2312274, "IDOL/USDT": 1784851293.2312274, "AKE/USDT": 1784852753.7318985, "ON/USDT": 1784852753.7318985, "BILL/USDT": 1784852753.7318985, "LAB/USDT": 1784855763.4696994, "ZAMA/USDT": 1784856957.7212021, "RIF/USDT": 1784857260.3041213, "BANK/USDT": 1784858155.9180408, "ESPORTS/USDT": 1784866862.5697324, "B/USDT": 1784868359.268528}, "vals": {"ERA/USDT": 3.64, "RE/USDT": 14.7, "BEAT/USDT": 3.83}}