{"set": ["LAB/USDT", "M/USDT", "UB/USDT"], "left": {"WIF/USDT": 1782604885.0212393, "MYX/USDT": 1782605457.9097173, "S/USDT": 1782605457.9097173, "RE/USDT": 1782605457.9097173, "VELVET/USDT": 1782605457.9097173, "SLX/USDT": 1782606666.9862638}, "vals": {"UB/USDT": 5.73, "LAB/USDT": 3.79, "M/USDT": 4.39}}