{"set": ["BLUR/USDT", "OPG/USDT", "TAC/USDT", "VANRY/USDT", "WLFI/USDT"], "left": {"EPIC/USDT": 1783410365.9587643, "M/USDT": 1783425715.0640087, "TLM/USDT": 1783426292.6427538, "NES/USDT": 1783428691.6485453}, "vals": {"VANRY/USDT": 4.51, "BLUR/USDT": 14.7, "OPG/USDT": 11.42, "TAC/USDT": 57.42, "WLFI/USDT": 4.99}}