{"set": ["LIT/USDT", "NES/USDT", "VANRY/USDT", "VELVET/USDT"], "left": {"HMSTR/USDT": 1783314962.4727664, "EPIC/USDT": 1783317960.707354, "LAB/USDT": 1783319753.3504353, "UB/USDT": 1783326082.359311}, "vals": {"VANRY/USDT": 5.91, "NES/USDT": 6.03, "VELVET/USDT": 3.36, "LIT/USDT": 4.72}}