{"set": ["ALLO/USDT", "BEL/USDT", "BTW/USDT", "CLO/USDT", "EIGEN/USDT", "ENA/USDT", "ID/USDT"], "left": {"HMSTR/USDT": 1782124881.5059009, "DOGE/USDT": 1782137202.693339, "UB/USDT": 1782137510.7530808, "XRP/USDT": 1782137510.7530808, "ADA/USDT": 1782138403.9731681, "PEPE/USDT": 1782140211.7041087, "RESOLV/USDT": 1782140524.179309}, "vals": {"BTW/USDT": 51.07, "CLO/USDT": 29.56, "ENA/USDT": 13.04, "BEL/USDT": 25.87, "ID/USDT": 19.59, "EIGEN/USDT": 13.84, "ALLO/USDT": 15.31}}