{"set": ["BTW/USDT", "CLO/USDT", "ESPORTS/USDT", "H/USDT", "LAB/USDT", "TRADOOR/USDT"], "left": {"XPL/USDT": 1781434933.697731, "VELVET/USDT": 1781444792.1403408, "JCT/USDT": 1781446321.9346998, "SKYAI/USDT": 1781449029.0988195}, "vals": {"ESPORTS/USDT": 15.43, "H/USDT": 34.43, "BTW/USDT": 7.46, "CLO/USDT": 27.84, "TRADOOR/USDT": 4.49, "LAB/USDT": 5.76}}