{"set": ["B/USDT", "CLO/USDT", "T/USDT", "VANRY/USDT", "XPIN/USDT"], "left": {"TAG/USDT": 1783819280.2722335, "SXT/USDT": 1783820756.6568308, "SKL/USDT": 1783821077.7561285, "VIRTUAL/USDT": 1783830955.5822108, "ARB/USDT": 1783837280.0201983}, "vals": {"XPIN/USDT": 3.21, "T/USDT": 10.9, "B/USDT": 16.04, "CLO/USDT": 3.5, "VANRY/USDT": 21.47}}