{"set": ["ALICE/USDT", "EIGEN/USDT", "EPIC/USDT", "ESPORTS/USDT", "SLX/USDT"], "left": {"BICO/USDT": 1782000069.9734209, "GALA/USDT": 1782000069.9734209, "LAB/USDT": 1782000069.9734209, "BEL/USDT": 1782003355.8145847, "BTW/USDT": 1782003672.5144403, "CLO/USDT": 1782003954.350042, "BEAT/USDT": 1782007593.0055304}, "vals": {"ESPORTS/USDT": 5.32, "SLX/USDT": 10.76, "EPIC/USDT": 7.4, "EIGEN/USDT": 4.13, "ALICE/USDT": 18.03}}