{"set": ["ACT/USDT", "MANTA/USDT", "O/USDT", "RAVE/USDT", "SLX/USDT", "UB/USDT", "VELVET/USDT"], "left": {"PUMP/USDT": 1782655279.7240782, "\u5e01\u5b89\u4eba\u751f/USDT": 1782660950.5243452, "WIF/USDT": 1782673561.6373107, "LAB/USDT": 1782676260.8808432}, "vals": {"ACT/USDT": 59.03, "UB/USDT": 10.04, "VELVET/USDT": 17.61, "MANTA/USDT": 15.29, "RAVE/USDT": 27.77, "SLX/USDT": 8.16, "O/USDT": 15.96}}