{"set": ["ADA/USDT", "BASED/USDT", "BEAT/USDT", "BTW/USDT", "M/USDT", "SKYAI/USDT", "TAIKO/USDT", "XLM/USDT"], "left": {"TAC/USDT": 1782866152.8073266, "AIGENSYN/USDT": 1782870962.4996216, "H/USDT": 1782878264.681469, "BAS/USDT": 1782879364.6226685, "RAVE/USDT": 1782880563.4311125, "RE/USDT": 1782880563.4311125}, "vals": {"BTW/USDT": 21.48, "BASED/USDT": 3.01, "TAIKO/USDT": 10.19, "M/USDT": 6.43, "XLM/USDT": 6.8, "ADA/USDT": 5.27, "SKYAI/USDT": 5.08, "BEAT/USDT": 22.85}}