{"set": ["EDGEX/USDT", "KAITO/USDT", "LDO/USDT", "SLX/USDT", "VANRY/USDT"], "left": {"VELVET/USDT": 1783520793.9343097, "CLO/USDT": 1783526794.2447305, "EVAA/USDT": 1783528919.239938, "NES/USDT": 1783531936.2284806}, "vals": {"EDGEX/USDT": 10.78, "VANRY/USDT": 27.18, "KAITO/USDT": 8.78, "LDO/USDT": 7.06, "SLX/USDT": 8.01}}