{"set": ["EDGEX/USDT", "EVAA/USDT"], "left": {"WLFI/USDT": 1783443988.4897203, "BLUR/USDT": 1783453597.7406595, "OPG/USDT": 1783459280.9508522, "NES/USDT": 1783465337.442915}, "vals": {"EDGEX/USDT": 27.76, "EVAA/USDT": 132.88}}