{"set": ["ADA/USDT", "B/USDT", "ERA/USDT", "ESPORTS/USDT", "NIGHT/USDT"], "left": {"PROM/USDT": 1784595064.241671, "HEMI/USDT": 1784595359.653175, "BANK/USDT": 1784601073.8639216, "AKE/USDT": 1784610684.0711584, "ENA/USDT": 1784616068.0156753}, "vals": {"ERA/USDT": 60.86, "ESPORTS/USDT": 5.01, "NIGHT/USDT": 3.84, "B/USDT": 3.31, "ADA/USDT": 3.89}}