{"set": ["ACT/USDT", "AGLD/USDT", "O/USDT", "RAVE/USDT", "RE/USDT", "TAC/USDT", "UB/USDT"], "left": {"GWEI/USDT": 1782751299.420819, "ADA/USDT": 1782755498.7968976, "ENA/USDT": 1782758799.5168116, "BEAT/USDT": 1782770160.1902428}, "vals": {"TAC/USDT": 168.34, "UB/USDT": 43.39, "RAVE/USDT": 35.42, "ACT/USDT": 15.36, "O/USDT": 10.18, "RE/USDT": 27.75, "AGLD/USDT": 23.27}}