{"set": ["BAS/USDT", "GUA/USDT", "M/USDT", "MAGMA/USDT", "TLM/USDT", "US/USDT"], "left": {"TAIKO/USDT": 1783045553.4454162, "ADA/USDT": 1783051553.579309, "NFP/USDT": 1783054882.8246603, "VELVET/USDT": 1783057559.6459973, "TAC/USDT": 1783066278.9986367}, "vals": {"US/USDT": 6.08, "BAS/USDT": 11.73, "M/USDT": 8.3, "GUA/USDT": 12.77, "TLM/USDT": 11.19, "MAGMA/USDT": 6.82}}