{"set": ["B/USDT", "BEAT/USDT", "ERA/USDT", "ESPORTS/USDT", "RE/USDT"], "left": {"KAITO/USDT": 1784851293.2312274, "IDOL/USDT": 1784851293.2312274, "AKE/USDT": 1784852753.7318985, "ON/USDT": 1784852753.7318985, "BILL/USDT": 1784852753.7318985, "LAB/USDT": 1784855763.4696994, "ZAMA/USDT": 1784856957.7212021, "RIF/USDT": 1784857260.3041213, "BANK/USDT": 1784858155.9180408}, "vals": {"ESPORTS/USDT": 3.04, "ERA/USDT": 3.11, "RE/USDT": 14.01, "B/USDT": 3.53, "BEAT/USDT": 5.19}}