{"set": ["BEAT/USDT", "BEL/USDT", "CLO/USDT", "LAB/USDT", "SLX/USDT"], "left": {"BLESS/USDT": 1782266762.454853, "ID/USDT": 1782270078.2248478, "H/USDT": 1782278166.2508242, "BTW/USDT": 1782283259.7482293, "ESPORTS/USDT": 1782285955.3146243}, "vals": {"LAB/USDT": 9.92, "CLO/USDT": 4.35, "BEAT/USDT": 13.17, "SLX/USDT": 23.33, "BEL/USDT": 8.42}}