{"set": ["ACE/USDT", "BANK/USDT", "ESPORTS/USDT", "KAITO/USDT", "PI/USDT"], "left": {"TLM/USDT": 1784505693.7150998, "B/USDT": 1784506264.8048582, "PUMPFUN/USDT": 1784506264.8048582, "AKE/USDT": 1784512260.9563913, "PEPE/USDT": 1784517062.9586895, "HOME/USDT": 1784517660.050387}, "vals": {"BANK/USDT": 7.32, "ESPORTS/USDT": 11.15, "KAITO/USDT": 5.17, "PI/USDT": 6.37, "ACE/USDT": 11.51}}