{"set": ["BEAT/USDT", "SKL/USDT", "SKYAI/USDT", "XPIN/USDT"], "left": {"EVAA/USDT": 1783735287.41563, "TAG/USDT": 1783746087.935097, "B/USDT": 1783752362.0489285, "VIRTUAL/USDT": 1783752957.3707373}, "vals": {"XPIN/USDT": 6.94, "SKL/USDT": 7.63, "SKYAI/USDT": 9.71, "BEAT/USDT": 5.77}}