{"set": ["AKE/USDT", "AVAAI/USDT", "B/USDT", "BANK/USDT"], "left": {"LAB/USDT": 1784401283.1758833, "US/USDT": 1784403962.634349, "ESPORTS/USDT": 1784404556.3307226}, "vals": {"AKE/USDT": 42.74, "BANK/USDT": 58.08, "AVAAI/USDT": 10.74, "B/USDT": 42.07}}