{"set": ["ADA/USDT", "ARB/USDT", "CLO/USDT", "T/USDT"], "left": {"SKYAI/USDT": 1783782026.1493845, "BEAT/USDT": 1783782026.1493845, "ENA/USDT": 1783782678.6023226, "HMSTR/USDT": 1783783887.6966646, "XPIN/USDT": 1783791690.6547346}, "vals": {"T/USDT": 29.45, "CLO/USDT": 25.75, "ADA/USDT": 3.06, "ARB/USDT": 5.0}}