{"set": ["NASDAQ:BOLD", "NASDAQ:GITS", "NASDAQ:HSCS", "NASDAQ:RDGT"], "left": {"NASDAQ:CRMT": 1782288090.9327595, "NASDAQ:CDT": 1782288090.9327595, "NASDAQ:SKYQ": 1782288090.9327595, "NASDAQ:EHGO": 1782288090.9327595, "NASDAQ:NXTS": 1782288090.9327595, "NASDAQ:SAGT": 1782288090.9327595, "NASDAQ:ORIS": 1782288361.8614545, "NASDAQ:ICCM": 1782290463.5736613}, "vals": {"NASDAQ:HSCS": 53.67, "NASDAQ:GITS": 21.52, "NASDAQ:BOLD": 71.43, "NASDAQ:RDGT": 62.04}}