{"set": ["LIT/USDT", "NES/USDT", "UB/USDT", "VANRY/USDT"], "left": {"HMSTR/USDT": 1783314962.4727664, "EPIC/USDT": 1783317960.707354, "LAB/USDT": 1783319753.3504353, "VELVET/USDT": 1783326359.0054882}, "vals": {"UB/USDT": 3.27, "VANRY/USDT": 5.44, "NES/USDT": 9.3, "LIT/USDT": 4.96}}