{"set": ["ARB/USDT", "CLO/USDT", "T/USDT"], "left": {"SKYAI/USDT": 1783782026.1493845, "BEAT/USDT": 1783782026.1493845, "HMSTR/USDT": 1783783887.6966646, "XPIN/USDT": 1783798881.144609, "ENA/USDT": 1783801277.7370703, "ADA/USDT": 1783801277.7370703}, "vals": {"T/USDT": 29.86, "CLO/USDT": 27.78, "ARB/USDT": 5.3}}