{"set": ["ENA/USDT", "EPIC/USDT", "RESOLV/USDT", "TNSR/USDT", "UB/USDT"], "left": {"ESPORTS/USDT": 1782039356.6699903, "SIREN/USDT": 1782054081.0560644, "LAB/USDT": 1782055871.3949046, "BEAT/USDT": 1782056157.0963333}, "vals": {"UB/USDT": 36.14, "TNSR/USDT": 44.31, "RESOLV/USDT": 5.41, "ENA/USDT": 3.03, "EPIC/USDT": 11.37}}