{"set": ["CLO/USDT", "FOLKS/USDT", "H/USDT", "HOME/USDT", "LAB/USDT", "SKYAI/USDT", "XLM/USDT"], "left": {"ESPORTS/USDT": 1781770868.3157644, "SIREN/USDT": 1781781403.490746, "BIO/USDT": 1781784395.5034444, "BTW/USDT": 1781784395.5034444, "AGT/USDT": 1781786499.600312}, "vals": {"HOME/USDT": 3.61, "LAB/USDT": 19.7, "CLO/USDT": 18.77, "H/USDT": 11.21, "XLM/USDT": 8.86, "SKYAI/USDT": 10.75, "FOLKS/USDT": 13.05}}