{"set": ["ADA/USDT", "BAS/USDT", "GUA/USDT", "M/USDT", "TLM/USDT", "US/USDT"], "left": {"NFP/USDT": 1783054882.8246603, "VELVET/USDT": 1783057559.6459973, "TAC/USDT": 1783066278.9986367, "MAGMA/USDT": 1783074080.1558797}, "vals": {"US/USDT": 4.94, "BAS/USDT": 17.42, "M/USDT": 12.84, "GUA/USDT": 8.25, "TLM/USDT": 10.88, "ADA/USDT": 3.41}}