{"set": ["ACE/USDT", "BANK/USDT", "BONK/USDT", "PI/USDT"], "left": {"ESPORTS/USDT": 1784523357.0800269, "TLM/USDT": 1784527554.2372587, "AVAAI/USDT": 1784528750.8587875, "HOME/USDT": 1784536559.0636837, "KAITO/USDT": 1784538966.6874323}, "vals": {"BONK/USDT": 9.48, "BANK/USDT": 10.37, "ACE/USDT": 63.7, "PI/USDT": 6.26}}