{"set": ["ACE/USDT", "BANK/USDT"], "left": {"AKE/USDT": 1784512260.9563913, "PEPE/USDT": 1784517062.9586895, "HOME/USDT": 1784518978.3080316, "KAITO/USDT": 1784522459.8047664, "ESPORTS/USDT": 1784523357.0800269, "PI/USDT": 1784526958.05087, "TLM/USDT": 1784527554.2372587, "AVAAI/USDT": 1784528750.8587875}, "vals": {"BANK/USDT": 7.62, "ACE/USDT": 31.91}}