{"set": ["ASTEROID/USDT", "BR/USDT", "BSB/USDT", "FARTCOIN/USDT", "JTO/USDT", "LAB/USDT", "SKYAI/USDT", "SPACE/USDT", "UNI/USDT", "VELVET/USDT", "\u9f99\u867e/USDT"], "left": {"CHIP/USDT": 1781613111.0452197, "ENA/USDT": 1781615200.7178867, "XLM/USDT": 1781625741.3454776, "H/USDT": 1781631289.981659, "OPG/USDT": 1781631289.981659}, "vals": {"ASTEROID/USDT": 25.39, "SPACE/USDT": 10.14, "\u9f99\u867e/USDT": 39.06, "VELVET/USDT": 20.17, "BR/USDT": 67.61, "LAB/USDT": 32.22, "SKYAI/USDT": 22.15, "BSB/USDT": 63.27, "JTO/USDT": 9.38, "UNI/USDT": 9.7, "FARTCOIN/USDT": 4.97}}