{"set": ["BEAT/USDT", "CLO/USDT", "T/USDT", "VANRY/USDT", "VELVET/USDT"], "left": {"B/USDT": 1783857087.3878386, "TAG/USDT": 1783872962.5459473, "PEPE/USDT": 1783872962.5459473}, "vals": {"T/USDT": 10.19, "VELVET/USDT": 32.09, "VANRY/USDT": 13.25, "CLO/USDT": 5.55, "BEAT/USDT": 18.21}}