{"set": ["BEL/USDT", "BICO/USDT", "BTW/USDT", "CLO/USDT", "EIGEN/USDT", "ESPORTS/USDT"], "left": {"BEAT/USDT": 1781944562.8452747, "UB/USDT": 1781944562.8452747, "HEI/USDT": 1781949681.8658605, "SKYAI/USDT": 1781951164.1377556, "AGT/USDT": 1781953861.097182, "GALA/USDT": 1781956887.6106508}, "vals": {"BTW/USDT": 47.64, "ESPORTS/USDT": 8.54, "BEL/USDT": 58.23, "CLO/USDT": 18.64, "BICO/USDT": 14.45, "EIGEN/USDT": 4.12}}