{"set": ["BEAT/USDT", "G/USDT", "H/USDT", "SKYAI/USDT", "SLX/USDT", "TNSR/USDT", "UB/USDT"], "left": {"BEL/USDT": 1782447364.0422156, "IP/USDT": 1782447662.282406, "ESPORTS/USDT": 1782448274.1921105, "BTW/USDT": 1782451870.6836007, "LAB/USDT": 1782456664.1921847, "PUMP/USDT": 1782461769.381446, "BAS/USDT": 1782465964.3724594}, "vals": {"G/USDT": 11.63, "UB/USDT": 5.44, "SLX/USDT": 11.09, "BEAT/USDT": 14.94, "SKYAI/USDT": 14.0, "H/USDT": 11.11, "TNSR/USDT": 3.51}}