{"set": ["ADA/USDT", "ERA/USDT", "ESPORTS/USDT", "NIGHT/USDT"], "left": {"PROM/USDT": 1784595064.241671, "HEMI/USDT": 1784595359.653175, "BANK/USDT": 1784601073.8639216, "AKE/USDT": 1784610684.0711584, "ENA/USDT": 1784613958.1786313, "B/USDT": 1784614571.0742867}, "vals": {"ERA/USDT": 62.92, "ESPORTS/USDT": 5.65, "NIGHT/USDT": 5.86, "ADA/USDT": 3.6}}