{"set": ["AKE/USDT", "ESPORTS/USDT", "XEC/USDT"], "left": {"ONDO/USDT": 1784318797.1005747, "LRC/USDT": 1784332881.7501092, "ADA/USDT": 1784332881.7501092, "US/USDT": 1784332881.7501092, "BANK/USDT": 1784333158.4425342}, "vals": {"XEC/USDT": 8.34, "AKE/USDT": 13.4, "ESPORTS/USDT": 48.94}}