{"set": ["AKE/USDT", "BSB/USDT", "PUMP/USDT", "US/USDT", "VANRY/USDT"], "left": {"KAITO/USDT": 1784117169.435723, "PEPE/USDT": 1784123508.6452532, "PI/USDT": 1784127397.6196728, "BEAT/USDT": 1784128325.9299512}, "vals": {"AKE/USDT": 283.56, "PUMP/USDT": 8.0, "US/USDT": 28.67, "BSB/USDT": 3.65, "VANRY/USDT": 6.81}}