{"set": ["BEL/USDT", "BICO/USDT", "BTW/USDT", "CLO/USDT", "EPIC/USDT", "ESPORTS/USDT", "GALA/USDT", "LAB/USDT"], "left": {"SIREN/USDT": 1781973660.7235167, "AGT/USDT": 1781977705.1725569, "EIGEN/USDT": 1781981786.5062947, "BLESS/USDT": 1781982081.5463178, "SLX/USDT": 1781982081.5463178}, "vals": {"BTW/USDT": 89.55, "BEL/USDT": 42.89, "ESPORTS/USDT": 8.44, "LAB/USDT": 3.54, "GALA/USDT": 6.29, "CLO/USDT": 27.41, "BICO/USDT": 79.1, "EPIC/USDT": 8.13}}