{"set": ["BEAT/USDT", "CLO/USDT", "HMSTR/USDT", "SKYAI/USDT"], "left": {"SKL/USDT": 1783765557.1738527, "TAG/USDT": 1783768558.0159066, "XPIN/USDT": 1783776956.3977575}, "vals": {"HMSTR/USDT": 3.55, "CLO/USDT": 25.7, "BEAT/USDT": 11.27, "SKYAI/USDT": 6.19}}