{"set": ["B/USDT", "BEAT/USDT", "ESPORTS/USDT", "HOME/USDT", "RE/USDT", "US/USDT"], "left": {"KAITO/USDT": 1784851293.2312274, "IDOL/USDT": 1784851293.2312274, "AKE/USDT": 1784852753.7318985, "ON/USDT": 1784852753.7318985, "BILL/USDT": 1784852753.7318985, "LAB/USDT": 1784855763.4696994, "ZAMA/USDT": 1784856957.7212021, "RIF/USDT": 1784857260.3041213, "BANK/USDT": 1784858155.9180408, "ERA/USDT": 1784870459.8763897}, "vals": {"HOME/USDT": 8.97, "ESPORTS/USDT": 7.1, "US/USDT": 9.47, "RE/USDT": 14.15, "B/USDT": 3.36, "BEAT/USDT": 5.9}}