{"set": ["ADA/USDT", "ARPA/USDT", "BAS/USDT", "DOGE/USDT", "MAGMA/USDT", "PEPE/USDT", "THE/USDT", "XPL/USDT", "XRP/USDT", "ZKP/USDT"], "left": {"US/USDT": 1783076497.9331872, "M/USDT": 1783077676.7961626, "TLM/USDT": 1783086711.4939227, "GUA/USDT": 1783090924.7562869, "ENA/USDT": 1783092107.0772421}, "vals": {"PEPE/USDT": 5.73, "ARPA/USDT": 33.4, "ZKP/USDT": 25.68, "BAS/USDT": 9.23, "MAGMA/USDT": 3.24, "THE/USDT": 15.92, "XPL/USDT": 16.95, "ADA/USDT": 6.32, "XRP/USDT": 3.1, "DOGE/USDT": 3.34}}