{"set": ["ALLO/USDT", "BEL/USDT", "BTW/USDT", "CLO/USDT", "ENA/USDT", "ID/USDT", "LAYER/USDT"], "left": {"DOGE/USDT": 1782137202.693339, "UB/USDT": 1782137510.7530808, "XRP/USDT": 1782137510.7530808, "ADA/USDT": 1782138403.9731681, "PEPE/USDT": 1782142915.8657644, "EIGEN/USDT": 1782147720.151777, "RESOLV/USDT": 1782148301.422766, "HMSTR/USDT": 1782150701.943051, "RE/USDT": 1782153397.2343817, "LAB/USDT": 1782155208.7199838}, "vals": {"BTW/USDT": 10.11, "CLO/USDT": 29.11, "LAYER/USDT": 13.09, "BEL/USDT": 19.85, "ENA/USDT": 6.0, "ID/USDT": 23.45, "ALLO/USDT": 13.25}}