{"set": ["ARB/USDT", "CLO/USDT", "HMSTR/USDT", "T/USDT"], "left": {"SKL/USDT": 1783765557.1738527, "TAG/USDT": 1783768558.0159066, "XPIN/USDT": 1783776956.3977575, "SKYAI/USDT": 1783782026.1493845, "BEAT/USDT": 1783782026.1493845, "ENA/USDT": 1783782678.6023226, "ADA/USDT": 1783782962.2731946}, "vals": {"T/USDT": 33.23, "HMSTR/USDT": 4.12, "CLO/USDT": 21.86, "ARB/USDT": 4.92}}