{"set": ["ASTEROID/USDT", "BSB/USDT", "FARTCOIN/USDT", "JTO/USDT", "LAB/USDT", "SKYAI/USDT", "SPACE/USDT", "UNI/USDT", "XLM/USDT"], "left": {"SIREN/USDT": 1781597485.4952133, "WLFI/USDT": 1781597485.4952133, "CHIP/USDT": 1781607403.9245772, "ZRO/USDT": 1781607718.8485653, "ENA/USDT": 1781608296.8504572, "VELVET/USDT": 1781612496.749754}, "vals": {"ASTEROID/USDT": 29.12, "SPACE/USDT": 19.85, "LAB/USDT": 40.13, "XLM/USDT": 9.29, "SKYAI/USDT": 17.44, "BSB/USDT": 35.15, "JTO/USDT": 15.58, "FARTCOIN/USDT": 5.65, "UNI/USDT": 5.91}}