{"NASDAQ:PPCB": 1781386167.7390487, "NASDAQ:RKDA": 1781386167.7390487, "NASDAQ:VRA": 1781386167.7390487, "NASDAQ:GLXG": 1781386167.7390487, "AMEX:TMDE": 1781386167.7390487, "NASDAQ:MTEN": 1781386167.7390487}