{"set": ["ARB/USDT", "ENA/USDT", "EVAA/USDT", "SKL/USDT", "TAG/USDT"], "left": {"VANRY/USDT": 1783656092.6123552, "LAB/USDT": 1783657892.4873512, "US/USDT": 1783662079.4856043, "EDGEX/USDT": 1783665679.5733185}, "vals": {"TAG/USDT": 13.6, "SKL/USDT": 41.61, "ENA/USDT": 3.0, "EVAA/USDT": 13.67, "ARB/USDT": 6.38}}