{"set": ["ASTEROID/USDT", "BEAT/USDT", "BICO/USDT", "ESPORTS/USDT", "UB/USDT"], "left": {"H/USDT": 1781901395.442788, "SKYAI/USDT": 1781911872.545053, "HEI/USDT": 1781913684.1579404, "CLO/USDT": 1781913684.1579404, "BEL/USDT": 1781913684.1579404, "SYN/USDT": 1781913954.9455822, "BLESS/USDT": 1781913954.9455822, "BASED/USDT": 1781915763.145682, "BTW/USDT": 1781916662.773172, "LAB/USDT": 1781916662.773172, "BSB/USDT": 1781920874.2407308}, "vals": {"ASTEROID/USDT": 6.03, "UB/USDT": 4.92, "ESPORTS/USDT": 4.01, "BEAT/USDT": 6.62, "BICO/USDT": 4.04}}