{"set": ["ADA/USDT", "AKE/USDT", "BANK/USDT", "ONDO/USDT", "US/USDT"], "left": {"ESPORTS/USDT": 1784289361.5060365, "BILL/USDT": 1784291480.5933228, "KAITO/USDT": 1784304671.823142}, "vals": {"AKE/USDT": 26.34, "BANK/USDT": 8.89, "US/USDT": 6.76, "ADA/USDT": 3.18, "ONDO/USDT": 3.77}}