{"set": ["BAS/USDT", "BASED/USDT", "BTW/USDT", "M/USDT", "RE/USDT", "XLM/USDT"], "left": {"VELVET/USDT": 1782858063.506421, "TAC/USDT": 1782866152.8073266, "BEAT/USDT": 1782867058.0822861, "TAIKO/USDT": 1782867955.2676673, "AIGENSYN/USDT": 1782870962.4996216, "H/USDT": 1782872756.9294753}, "vals": {"BAS/USDT": 3.95, "BTW/USDT": 20.64, "BASED/USDT": 3.63, "M/USDT": 6.61, "XLM/USDT": 8.18, "RE/USDT": 5.01}}