{"set": ["ADA/USDT", "BIRB/USDT", "BREV/USDT", "DOGE/USDT", "ENA/USDT", "LIT/USDT", "M/USDT", "PEPE/USDT", "TLM/USDT", "XRP/USDT"], "left": {"LAB/USDT": 1782981670.6143816, "SLX/USDT": 1782988872.3451953, "BAS/USDT": 1782990368.4244921, "TAC/USDT": 1782992775.2916791, "UB/USDT": 1782993076.3630064}, "vals": {"PEPE/USDT": 4.95, "BIRB/USDT": 59.09, "BREV/USDT": 32.91, "M/USDT": 21.01, "TLM/USDT": 9.35, "ADA/USDT": 4.62, "XRP/USDT": 3.47, "ENA/USDT": 9.32, "DOGE/USDT": 3.07, "LIT/USDT": 6.38}}