{"set": ["BTW/USDT", "LAB/USDT", "NES/USDT", "TLM/USDT", "UB/USDT", "VANRY/USDT", "WLFI/USDT"], "left": {"HMSTR/USDT": 1783266363.6915896, "M/USDT": 1783269086.9972239, "LIT/USDT": 1783274498.418961, "VELVET/USDT": 1783277756.5366247}, "vals": {"UB/USDT": 14.51, "VANRY/USDT": 20.03, "LAB/USDT": 7.33, "BTW/USDT": 16.49, "NES/USDT": 25.74, "WLFI/USDT": 3.07, "TLM/USDT": 50.7}}