{"set": ["BAS/USDT", "HMSTR/USDT", "LAB/USDT", "TLM/USDT", "VELVET/USDT"], "left": {"PEPE/USDT": 1783138560.072619, "BEAT/USDT": 1783152087.5974643, "ARPA/USDT": 1783155067.7548878, "M/USDT": 1783159288.0168197}, "vals": {"HMSTR/USDT": 29.89, "BAS/USDT": 17.68, "LAB/USDT": 84.3, "VELVET/USDT": 17.58, "TLM/USDT": 23.49}}