{"set": ["BEL/USDT", "BICO/USDT", "BTW/USDT", "CLO/USDT", "EPIC/USDT", "ESPORTS/USDT"], "left": {"BEAT/USDT": 1781944562.8452747, "UB/USDT": 1781944562.8452747, "HEI/USDT": 1781949681.8658605, "SKYAI/USDT": 1781951164.1377556, "AGT/USDT": 1781953861.097182, "GALA/USDT": 1781956887.6106508, "EIGEN/USDT": 1781964659.4152844}, "vals": {"BTW/USDT": 55.6, "ESPORTS/USDT": 12.93, "BEL/USDT": 42.24, "CLO/USDT": 22.83, "BICO/USDT": 16.21, "EPIC/USDT": 8.71}}