{"set": ["ADA/USDT", "ARPA/USDT", "DOGE/USDT", "MAGMA/USDT", "PEPE/USDT", "PIPPIN/USDT", "THE/USDT", "TLM/USDT", "XPL/USDT", "ZKP/USDT"], "left": {"US/USDT": 1783076497.9331872, "M/USDT": 1783077676.7961626, "GUA/USDT": 1783090924.7562869, "BAS/USDT": 1783093300.9886749, "ENA/USDT": 1783093900.4055955, "XRP/USDT": 1783094526.7540724}, "vals": {"PEPE/USDT": 4.79, "ARPA/USDT": 43.28, "ZKP/USDT": 26.97, "THE/USDT": 9.27, "MAGMA/USDT": 20.54, "TLM/USDT": 5.97, "PIPPIN/USDT": 3.76, "XPL/USDT": 19.74, "ADA/USDT": 6.75, "DOGE/USDT": 3.34}}