{"set": ["ESPORTS/USDT"], "left": {"H/USDT": 1781811111.6969812, "FOLKS/USDT": 1781813494.8512738, "SKYAI/USDT": 1781818561.0220134, "AGT/USDT": 1781822466.085143, "BIO/USDT": 1781827299.6970115, "CLO/USDT": 1781827299.6970115, "XLM/USDT": 1781827299.6970115, "BTW/USDT": 1781827299.6970115, "VIRTUAL/USDT": 1781827549.1006176, "VELVET/USDT": 1781827549.1006176, "FLOKI/USDT": 1781827549.1006176, "ENA/USDT": 1781827549.1006176, "MYX/USDT": 1781827549.1006176, "POL/USDT": 1781827549.1006176, "ASTEROID/USDT": 1781827549.1006176, "SEI/USDT": 1781827549.1006176, "LAB/USDT": 1781827549.1006176, "FET/USDT": 1781827549.1006176, "SYN/USDT": 1781827549.1006176, "PENGU/USDT": 1781827549.1006176}, "vals": {"ESPORTS/USDT": 7.21}}