{"set": ["ESPORTS/USDT", "H/USDT", "LAB/USDT", "SKYAI/USDT", "VELVET/USDT", "XPL/USDT"], "left": {"BEAT/USDT": 1781413867.731363, "SIREN/USDT": 1781419275.604243, "BTW/USDT": 1781428626.7536156, "MEGA/USDT": 1781430421.0614576, "JCT/USDT": 1781430726.673498, "COAI/USDT": 1781430726.673498}, "vals": {"VELVET/USDT": 29.3, "ESPORTS/USDT": 8.76, "H/USDT": 67.84, "LAB/USDT": 8.3, "XPL/USDT": 3.56, "SKYAI/USDT": 4.38}}