{"set": ["ARB/USDT", "EVAA/USDT", "PEPE/USDT", "SKL/USDT", "TAG/USDT", "VELVET/USDT"], "left": {"LAB/USDT": 1783657892.4873512, "US/USDT": 1783662079.4856043, "EDGEX/USDT": 1783665679.5733185, "ENA/USDT": 1783677965.7877855}, "vals": {"PEPE/USDT": 3.38, "TAG/USDT": 19.35, "SKL/USDT": 35.52, "VELVET/USDT": 48.97, "ARB/USDT": 7.5, "EVAA/USDT": 11.98}}