{"set": ["B/USDT", "T/USDT"], "left": {"TAG/USDT": 1783819280.2722335, "SXT/USDT": 1783820756.6568308, "SKL/USDT": 1783821077.7561285, "VIRTUAL/USDT": 1783830955.5822108, "XPIN/USDT": 1783831877.019421, "VANRY/USDT": 1783836090.3513937, "ARB/USDT": 1783836680.4896133}, "vals": {"T/USDT": 6.66, "B/USDT": 9.56}}