{"set": ["BAS/USDT", "BEAT/USDT", "G/USDT", "H/USDT", "SKYAI/USDT", "SLX/USDT", "TNSR/USDT", "UB/USDT"], "left": {"BEL/USDT": 1782447364.0422156, "IP/USDT": 1782447662.282406, "ESPORTS/USDT": 1782448274.1921105, "BTW/USDT": 1782451870.6836007, "LAB/USDT": 1782456664.1921847, "PUMP/USDT": 1782461769.381446}, "vals": {"G/USDT": 10.05, "BAS/USDT": 13.05, "UB/USDT": 7.42, "SLX/USDT": 10.2, "BEAT/USDT": 15.52, "SKYAI/USDT": 11.32, "H/USDT": 3.83, "TNSR/USDT": 5.3}}