{"set": ["BSB/USDT", "LAB/USDT"], "left": {"TRIA/USDT": 1784073695.6998954, "XRP/USDT": 1784073695.6998954, "KAITO/USDT": 1784073695.6998954, "PEPE/USDT": 1784073695.6998954, "ADA/USDT": 1784073695.6998954, "DOGE/USDT": 1784073695.6998954, "ENA/USDT": 1784073695.6998954, "VELVET/USDT": 1784073952.8441944, "DODO/USDT": 1784073952.8441944, "PUMPFUN/USDT": 1784073952.8441944}, "vals": {"LAB/USDT": 4.96, "BSB/USDT": 3.14}}