{"set": ["LAB/USDT", "NAORIS/USDT", "STO/USDT", "UB/USDT"], "left": {"ESPORTS/USDT": 1782081082.4611847, "RESOLV/USDT": 1782084972.3252332, "WLFI/USDT": 1782084972.3252332, "BEL/USDT": 1782086498.4360116, "TNSR/USDT": 1782086498.4360116, "BEAT/USDT": 1782086498.4360116}, "vals": {"UB/USDT": 9.93, "STO/USDT": 9.88, "NAORIS/USDT": 30.76, "LAB/USDT": 13.71}}