{"set": ["BTW/USDT", "NES/USDT", "TLM/USDT", "VANRY/USDT", "WLFI/USDT"], "left": {"BAS/USDT": 1783236069.9352868, "M/USDT": 1783247485.2696817, "HMSTR/USDT": 1783247756.0110407, "LAB/USDT": 1783251082.637929}, "vals": {"VANRY/USDT": 26.15, "BTW/USDT": 24.65, "NES/USDT": 11.47, "WLFI/USDT": 3.22, "TLM/USDT": 11.51}}