{"set": ["NASDAQ:IQST", "NASDAQ:NEXR"], "left": {"NASDAQ:PLSM": 1782460905.5767057, "AMEX:VTAK": 1782460905.5767057, "NASDAQ:FCUV": 1782462112.018557, "NASDAQ:SAGT": 1782462112.018557, "NASDAQ:VELO": 1782462112.018557, "NASDAQ:AZI": 1782462112.018557, "NASDAQ:PRFX": 1782462112.018557, "NASDAQ:MIMI": 1782462112.018557, "NASDAQ:WAVE": 1782462112.018557, "NASDAQ:EHGO": 1782462112.018557, "NASDAQ:KUST": 1782462112.018557}, "vals": {"NASDAQ:NEXR": 34.35, "NASDAQ:IQST": 38.89}}