{"set": ["VELVET/USDT"], "left": {"JCT/USDT": 1783987300.7984977, "BILL/USDT": 1783987300.7984977, "ALLO/USDT": 1783989679.3426087, "DEXE/USDT": 1783989679.3426087, "ANSEM/USDT": 1783989679.3426087, "AIOT/USDT": 1783989679.3426087, "LAB/USDT": 1783997479.4702787, "T/USDT": 1783998682.3532805}, "vals": {"VELVET/USDT": 6.15}}