{"set": ["GUA/USDT", "M/USDT", "MAGMA/USDT", "TAC/USDT", "TLM/USDT", "US/USDT"], "left": {"SKYAI/USDT": 1783042550.1302118, "TAIKO/USDT": 1783045553.4454162, "ADA/USDT": 1783051553.579309, "NFP/USDT": 1783054882.8246603, "VELVET/USDT": 1783057559.6459973, "BAS/USDT": 1783062360.0769446}, "vals": {"US/USDT": 4.98, "M/USDT": 7.43, "GUA/USDT": 8.17, "TLM/USDT": 12.49, "MAGMA/USDT": 4.75, "TAC/USDT": 3.14}}