{"set": ["BIO/USDT", "BTW/USDT", "CLO/USDT", "H/USDT", "LAB/USDT", "SKYAI/USDT", "XLM/USDT"], "left": {"ESPORTS/USDT": 1781770868.3157644, "AGT/USDT": 1781780578.2122939, "SIREN/USDT": 1781781403.490746, "HOME/USDT": 1781782903.1298974, "FOLKS/USDT": 1781784118.256047}, "vals": {"LAB/USDT": 21.88, "BTW/USDT": 3.01, "CLO/USDT": 20.64, "H/USDT": 11.47, "XLM/USDT": 5.09, "SKYAI/USDT": 9.81, "BIO/USDT": 3.14}}