{"set": ["BAS/USDT", "BEAT/USDT", "MAGMA/USDT", "SKYAI/USDT", "UB/USDT", "VELVET/USDT"], "left": {"G/USDT": 1782471687.5486228, "SLX/USDT": 1782476197.4772115, "BTW/USDT": 1782479795.881762, "PUMP/USDT": 1782482520.7389536, "H/USDT": 1782482794.5617955, "TNSR/USDT": 1782483095.3601108, "HEI/USDT": 1782483095.3601108, "LAB/USDT": 1782485196.3667712}, "vals": {"UB/USDT": 6.6, "BAS/USDT": 4.62, "MAGMA/USDT": 68.49, "VELVET/USDT": 18.11, "BEAT/USDT": 12.55, "SKYAI/USDT": 15.21}}