{"set": ["BEAT/USDT", "BEL/USDT", "BTW/USDT", "CLO/USDT", "LAB/USDT"], "left": {"UB/USDT": 1782260157.580966, "RESOLV/USDT": 1782263161.442205, "HEI/USDT": 1782263758.6866052, "SYN/USDT": 1782263758.6866052, "DYDX/USDT": 1782263758.6866052, "BASED/USDT": 1782263758.6866052, "FARTCOIN/USDT": 1782263758.6866052, "BLESS/USDT": 1782266762.454853, "ID/USDT": 1782270078.2248478, "ESPORTS/USDT": 1782276664.413571, "H/USDT": 1782278166.2508242}, "vals": {"BTW/USDT": 10.32, "LAB/USDT": 5.45, "CLO/USDT": 21.65, "BEAT/USDT": 3.24, "BEL/USDT": 6.5}}