{"set": ["ACT/USDT", "BAS/USDT", "BEAT/USDT", "O/USDT", "RAVE/USDT", "SKYAI/USDT"], "left": {"LAB/USDT": 1782682330.3504665, "MANTA/USDT": 1782691284.653991, "UB/USDT": 1782691284.653991, "VELVET/USDT": 1782691854.3490047, "POWR/USDT": 1782693061.7186444, "SLX/USDT": 1782693061.7186444, "MAGIC/USDT": 1782693061.7186444, "BTW/USDT": 1782694552.992421, "AGLD/USDT": 1782698160.6993742}, "vals": {"BAS/USDT": 5.64, "ACT/USDT": 8.36, "RAVE/USDT": 3.11, "SKYAI/USDT": 9.54, "O/USDT": 5.16, "BEAT/USDT": 3.2}}