{"set": ["BANK/USDT", "ENA/USDT", "ERA/USDT", "LAB/USDT", "MIRA/USDT", "RE/USDT", "US/USDT"], "left": {"ONDO/USDT": 1784740923.4816012, "ADA/USDT": 1784742701.6604655, "BONK/USDT": 1784745117.2059247, "AKE/USDT": 1784749894.408872}, "vals": {"BANK/USDT": 19.91, "ERA/USDT": 3.16, "US/USDT": 8.38, "LAB/USDT": 11.32, "RE/USDT": 24.65, "ENA/USDT": 6.65, "MIRA/USDT": 15.4}}