{"set": ["B/USDT", "SKL/USDT", "SKYAI/USDT", "TAG/USDT", "VIRTUAL/USDT"], "left": {"VELVET/USDT": 1783725365.3378487, "PEPE/USDT": 1783728101.8741095, "ARB/USDT": 1783728101.8741095, "ENA/USDT": 1783728101.8741095, "TRIA/USDT": 1783728352.145342, "TAC/USDT": 1783728352.145342, "FARTCOIN/USDT": 1783728352.145342, "US/USDT": 1783728352.145342, "ANSEM/USDT": 1783728352.145342, "MMT/USDT": 1783728352.145342, "EVAA/USDT": 1783735287.41563}, "vals": {"TAG/USDT": 3.0, "SKL/USDT": 14.23, "B/USDT": 17.02, "VIRTUAL/USDT": 3.16, "SKYAI/USDT": 4.32}}