{"set": ["ADA/USDT", "BASED/USDT", "BTW/USDT", "M/USDT", "SKYAI/USDT", "TAIKO/USDT", "XLM/USDT"], "left": {"TAC/USDT": 1782866152.8073266, "AIGENSYN/USDT": 1782870962.4996216, "H/USDT": 1782878264.681469, "BAS/USDT": 1782879364.6226685, "RAVE/USDT": 1782880563.4311125, "RE/USDT": 1782882087.2449737, "BEAT/USDT": 1782887166.1826334}, "vals": {"BTW/USDT": 15.45, "BASED/USDT": 3.91, "TAIKO/USDT": 9.3, "M/USDT": 6.2, "XLM/USDT": 4.95, "ADA/USDT": 4.02, "SKYAI/USDT": 10.55}}