{"set": ["ACT/USDT", "BAS/USDT", "RAVE/USDT", "SLX/USDT", "UB/USDT"], "left": {"POWR/USDT": 1782693061.7186444, "MAGIC/USDT": 1782693061.7186444, "BTW/USDT": 1782694552.992421, "AGLD/USDT": 1782698160.6993742, "SKYAI/USDT": 1782700551.8194292, "BEAT/USDT": 1782701760.3329859, "MANTA/USDT": 1782703264.1026807, "VELVET/USDT": 1782703871.3559985, "O/USDT": 1782705359.3410897}, "vals": {"UB/USDT": 6.91, "BAS/USDT": 3.25, "ACT/USDT": 5.18, "RAVE/USDT": 13.82, "SLX/USDT": 10.44}}