{"set": ["AKE/USDT", "BEAT/USDT", "PUMP/USDT", "RAVE/USDT", "US/USDT", "VANRY/USDT"], "left": {"KAITO/USDT": 1784117169.435723, "PEPE/USDT": 1784123508.6452532, "PI/USDT": 1784127397.6196728, "BSB/USDT": 1784133132.2227702}, "vals": {"AKE/USDT": 244.94, "PUMP/USDT": 9.85, "US/USDT": 32.12, "RAVE/USDT": 12.34, "VANRY/USDT": 3.2, "BEAT/USDT": 6.45}}