{"set": ["BEL/USDT", "BICO/USDT", "BTW/USDT", "CLO/USDT", "EIGEN/USDT", "ESPORTS/USDT", "GALA/USDT"], "left": {"ENA/USDT": 1781936761.9218526, "BSB/USDT": 1781937073.213171, "ASTEROID/USDT": 1781940674.0638392, "BEAT/USDT": 1781944562.8452747, "UB/USDT": 1781944562.8452747, "HEI/USDT": 1781949681.8658605, "SKYAI/USDT": 1781951164.1377556, "AGT/USDT": 1781953861.097182}, "vals": {"BTW/USDT": 41.22, "ESPORTS/USDT": 5.72, "BEL/USDT": 50.9, "GALA/USDT": 3.24, "CLO/USDT": 17.42, "EIGEN/USDT": 8.56, "BICO/USDT": 22.41}}