{"set": ["BTW/USDT", "CLO/USDT", "ESPORTS/USDT", "LAYER/USDT", "RESOLV/USDT"], "left": {"H/USDT": 1782193564.0633771, "HMSTR/USDT": 1782194477.5189312, "ID/USDT": 1782203167.1947546, "BEL/USDT": 1782203478.1150124, "FOLKS/USDT": 1782206171.7866685, "MMT/USDT": 1782210682.1090524}, "vals": {"BTW/USDT": 4.21, "RESOLV/USDT": 20.27, "ESPORTS/USDT": 16.82, "CLO/USDT": 4.5, "LAYER/USDT": 9.79}}