{"set": ["LAB/USDT", "T/USDT", "VELVET/USDT"], "left": {"PEPE/USDT": 1783890961.1996794, "CLO/USDT": 1783900898.0197139, "BEAT/USDT": 1783900898.0197139, "VANRY/USDT": 1783900898.0197139, "PIPPIN/USDT": 1783901479.7070339, "ANSEM/USDT": 1783901479.7070339, "DODO/USDT": 1783901479.7070339, "EVAA/USDT": 1783904152.9733114}, "vals": {"T/USDT": 5.09, "LAB/USDT": 7.66, "VELVET/USDT": 4.02}}