{"set": ["ADA/USDT", "ARPA/USDT", "BAS/USDT", "GUA/USDT", "PEPE/USDT", "ZKP/USDT"], "left": {"TAC/USDT": 1783066278.9986367, "US/USDT": 1783076497.9331872, "M/USDT": 1783077676.7961626, "TLM/USDT": 1783082505.8637428, "MAGMA/USDT": 1783084303.3080373}, "vals": {"PEPE/USDT": 3.81, "ARPA/USDT": 39.43, "ZKP/USDT": 23.31, "BAS/USDT": 18.58, "GUA/USDT": 9.63, "ADA/USDT": 4.83}}