{"set": ["CHIP/USDT", "CLO/USDT", "ESPORTS/USDT", "EVAA/USDT", "JCT/USDT", "JELLYJELLY/USDT", "SIREN/USDT"], "left": {"TRADOOR/USDT": 1781481361.106416, "BTW/USDT": 1781481673.613035, "XRP/USDT": 1781481673.613035, "SKYAI/USDT": 1781481673.613035, "ADA/USDT": 1781481673.613035, "COAI/USDT": 1781484059.012646, "LAB/USDT": 1781486463.1124449, "OPG/USDT": 1781488257.9583573, "H/USDT": 1781490069.5972364, "BEAT/USDT": 1781490960.807529, "VELVET/USDT": 1781490960.807529}, "vals": {"JCT/USDT": 6.64, "SIREN/USDT": 3.44, "CHIP/USDT": 5.72, "ESPORTS/USDT": 5.54, "JELLYJELLY/USDT": 4.9, "CLO/USDT": 27.52, "EVAA/USDT": 4.08}}