{"set": ["BTW/USDT", "CLO/USDT", "ENA/USDT", "TNSR/USDT", "UB/USDT"], "left": {"ESPORTS/USDT": 1782081082.4611847, "RESOLV/USDT": 1782084972.3252332, "WLFI/USDT": 1782084972.3252332, "BEL/USDT": 1782086498.4360116, "BEAT/USDT": 1782086498.4360116, "STO/USDT": 1782087057.9893005, "NAORIS/USDT": 1782087057.9893005, "LAB/USDT": 1782090977.8595104}, "vals": {"UB/USDT": 3.29, "BTW/USDT": 7.01, "TNSR/USDT": 3.17, "CLO/USDT": 7.45, "ENA/USDT": 3.94}}