{"set": ["ASTEROID/USDT", "CHIP/USDT", "CLO/USDT", "ESPORTS/USDT", "EVAA/USDT", "SIREN/USDT", "TRADOOR/USDT", "XRP/USDT"], "left": {"WLFI/USDT": 1781506271.419499, "JELLYJELLY/USDT": 1781507773.5114925, "JCT/USDT": 1781510501.4892855, "H/USDT": 1781521321.5204344, "ENA/USDT": 1781526115.5988207}, "vals": {"ASTEROID/USDT": 63.93, "SIREN/USDT": 8.6, "CHIP/USDT": 7.25, "EVAA/USDT": 43.89, "ESPORTS/USDT": 11.11, "CLO/USDT": 32.92, "TRADOOR/USDT": 6.75, "XRP/USDT": 3.87}}