{"set": ["BEAT/USDT", "CLO/USDT", "T/USDT", "VANRY/USDT"], "left": {"ARB/USDT": 1783843886.3491313, "XPIN/USDT": 1783846554.796885, "ENA/USDT": 1783850157.7283676, "SKYAI/USDT": 1783850492.040027, "B/USDT": 1783857087.3878386, "PEPE/USDT": 1783863958.1034758}, "vals": {"T/USDT": 20.29, "CLO/USDT": 6.81, "VANRY/USDT": 15.89, "BEAT/USDT": 19.06}}