{"set": ["ADA/USDT", "ENA/USDT", "ERA/USDT", "ESPORTS/USDT", "US/USDT"], "left": {"BANK/USDT": 1784620901.218681, "B/USDT": 1784621474.4346163, "AKE/USDT": 1784624165.223877, "NIGHT/USDT": 1784624165.223877}, "vals": {"ERA/USDT": 50.71, "ESPORTS/USDT": 6.89, "US/USDT": 9.07, "ADA/USDT": 3.01, "ENA/USDT": 3.2}}