{"set": ["LAB/USDT", "O/USDT", "RAVE/USDT", "SLX/USDT", "UB/USDT", "WIF/USDT"], "left": {"PIEVERSE/USDT": 1782620755.9253287, "BAS/USDT": 1782632469.004419, "VELVET/USDT": 1782636961.661445, "BEAT/USDT": 1782639072.1415567, "BTW/USDT": 1782639072.1415567}, "vals": {"UB/USDT": 12.32, "LAB/USDT": 7.61, "SLX/USDT": 3.09, "RAVE/USDT": 11.93, "O/USDT": 35.63, "WIF/USDT": 3.49}}