{"set": ["CLO/USDT", "EDGEX/USDT", "LAB/USDT", "POWER/USDT", "TAG/USDT"], "left": {"UNI/USDT": 1783544196.627076, "LDO/USDT": 1783553159.1583135, "NES/USDT": 1783555311.7287774, "SLX/USDT": 1783555311.7287774, "APE/USDT": 1783556172.0513215, "KAITO/USDT": 1783556172.0513215, "SKYAI/USDT": 1783556172.0513215, "RAVE/USDT": 1783556172.0513215, "FET/USDT": 1783556172.0513215, "ANSEM/USDT": 1783556172.0513215, "UAI/USDT": 1783556172.0513215, "OGN/USDT": 1783556172.0513215, "EVAA/USDT": 1783559488.4230435, "VANRY/USDT": 1783560367.0199502}, "vals": {"TAG/USDT": 6.46, "LAB/USDT": 6.83, "EDGEX/USDT": 3.57, "POWER/USDT": 8.6, "CLO/USDT": 4.34}}