{"set": ["BEL/USDT", "BTW/USDT", "CLO/USDT", "LAB/USDT"], "left": {"BEAT/USDT": 1782259286.5653002, "UB/USDT": 1782260157.580966, "RESOLV/USDT": 1782263161.442205, "HEI/USDT": 1782263758.6866052, "SYN/USDT": 1782263758.6866052, "DYDX/USDT": 1782263758.6866052, "BASED/USDT": 1782263758.6866052, "FARTCOIN/USDT": 1782263758.6866052, "BLESS/USDT": 1782266762.454853, "ID/USDT": 1782270078.2248478, "ESPORTS/USDT": 1782276664.413571, "H/USDT": 1782277554.8995912}, "vals": {"BTW/USDT": 16.85, "LAB/USDT": 3.62, "CLO/USDT": 28.51, "BEL/USDT": 7.09}}