{"set": ["BEAT/USDT", "BLESS/USDT", "BTW/USDT", "ESPORTS/USDT", "LAB/USDT", "UNI/USDT", "XLM/USDT"], "left": {"SPX/USDT": 1781654485.207243, "JTO/USDT": 1781654485.207243, "ASTEROID/USDT": 1781654485.207243, "LUNC/USDT": 1781654750.7251735, "VELVET/USDT": 1781654750.7251735, "BSB/USDT": 1781655354.1214187, "EVAA/USDT": 1781655959.2465234, "BR/USDT": 1781660456.923042, "H/USDT": 1781668262.6370485, "\u9f99\u867e/USDT": 1781669166.0623226, "SKYAI/USDT": 1781669465.9265976, "SPACE/USDT": 1781669767.8997996}, "vals": {"BLESS/USDT": 5.43, "LAB/USDT": 4.06, "BTW/USDT": 24.06, "ESPORTS/USDT": 15.67, "BEAT/USDT": 18.17, "XLM/USDT": 3.95, "UNI/USDT": 7.54}}