{"set": ["BTW/USDT", "CLO/USDT", "ESPORTS/USDT", "JCT/USDT", "LAB/USDT"], "left": {"MEGA/USDT": 1781430421.0614576, "COAI/USDT": 1781430726.673498, "SKYAI/USDT": 1781434601.3338828, "XPL/USDT": 1781434933.697731, "H/USDT": 1781443305.373017, "VELVET/USDT": 1781444792.1403408}, "vals": {"JCT/USDT": 3.56, "ESPORTS/USDT": 12.38, "BTW/USDT": 5.08, "CLO/USDT": 29.89, "LAB/USDT": 5.54}}