{"set": ["ADA/USDT", "BAS/USDT", "HMSTR/USDT", "LAB/USDT", "MIRA/USDT", "VANRY/USDT", "VELVET/USDT"], "left": {"XPL/USDT": 1783184489.3585856, "TLM/USDT": 1783191361.11306, "XRP/USDT": 1783196478.0427783, "ARPA/USDT": 1783198560.5781913, "XLM/USDT": 1783201563.3615756, "TAC/USDT": 1783205481.4531302}, "vals": {"HMSTR/USDT": 33.54, "VANRY/USDT": 48.03, "LAB/USDT": 153.09, "BAS/USDT": 18.92, "VELVET/USDT": 14.81, "MIRA/USDT": 11.69, "ADA/USDT": 6.68}}