{"set": ["T/USDT"], "left": {"CLO/USDT": 1783814490.6812153, "XPIN/USDT": 1783816323.0349748, "B/USDT": 1783816884.7921636, "TAG/USDT": 1783819280.2722335, "SXT/USDT": 1783820756.6568308, "SKL/USDT": 1783821077.7561285, "ARB/USDT": 1783825873.2622237}, "vals": {"T/USDT": 12.07}}