{"set": ["HMSTR/USDT", "LAB/USDT", "NES/USDT", "TLM/USDT"], "left": {"VELVET/USDT": 1783231287.6714854, "BAS/USDT": 1783236069.9352868, "VANRY/USDT": 1783246269.6802592, "M/USDT": 1783247485.2696817}, "vals": {"HMSTR/USDT": 3.28, "LAB/USDT": 3.94, "NES/USDT": 11.22, "TLM/USDT": 15.47}}