{"set": ["CLO/USDT", "EDGEX/USDT", "LAB/USDT", "POWER/USDT", "TAG/USDT"], "left": {"UNI/USDT": 1783544196.627076, "LDO/USDT": 1783553159.1583135, "NES/USDT": 1783555311.7287774, "SLX/USDT": 1783555311.7287774, "APE/USDT": 1783556172.0513215, "KAITO/USDT": 1783556172.0513215, "SKYAI/USDT": 1783556172.0513215, "RAVE/USDT": 1783556172.0513215, "FET/USDT": 1783556172.0513215, "ANSEM/USDT": 1783556172.0513215, "UAI/USDT": 1783556172.0513215, "OGN/USDT": 1783556172.0513215, "EVAA/USDT": 1783559488.4230435, "VANRY/USDT": 1783563080.627474}, "vals": {"TAG/USDT": 9.64, "LAB/USDT": 12.51, "EDGEX/USDT": 3.44, "POWER/USDT": 10.82, "CLO/USDT": 8.32}}