{"set": ["BAS/USDT", "BEAT/USDT", "BTW/USDT", "LAB/USDT", "O/USDT", "RAVE/USDT", "UB/USDT"], "left": {"MYX/USDT": 1782612657.5769546, "PIEVERSE/USDT": 1782620755.9253287, "VELVET/USDT": 1782630666.8079455, "WIF/USDT": 1782631558.1260204}, "vals": {"UB/USDT": 11.59, "BAS/USDT": 12.54, "LAB/USDT": 6.75, "BTW/USDT": 5.97, "RAVE/USDT": 9.54, "O/USDT": 26.85, "BEAT/USDT": 6.36}}