{"set": ["ADA/USDT", "BAS/USDT", "HMSTR/USDT", "LAB/USDT", "MIRA/USDT", "TAC/USDT", "VANRY/USDT", "VELVET/USDT"], "left": {"XPL/USDT": 1783184489.3585856, "TLM/USDT": 1783191361.11306, "XRP/USDT": 1783196478.0427783, "ARPA/USDT": 1783198560.5781913, "XLM/USDT": 1783201563.3615756}, "vals": {"HMSTR/USDT": 31.17, "VANRY/USDT": 51.37, "LAB/USDT": 143.33, "BAS/USDT": 19.8, "VELVET/USDT": 15.26, "MIRA/USDT": 12.56, "ADA/USDT": 6.79, "TAC/USDT": 3.16}}