{"set": ["B/USDT", "ENA/USDT", "LAB/USDT", "VELVET/USDT"], "left": {"T/USDT": 1784000475.9117653, "ZBT/USDT": 1784013089.8568041, "BILL/USDT": 1784017289.719911}, "vals": {"LAB/USDT": 3.02, "VELVET/USDT": 5.38, "B/USDT": 3.15, "ENA/USDT": 6.13}}