{"set": ["ADA/USDT", "ARB/USDT", "CLO/USDT", "HMSTR/USDT", "T/USDT"], "left": {"SKL/USDT": 1783765557.1738527, "TAG/USDT": 1783768558.0159066, "XPIN/USDT": 1783776956.3977575, "SKYAI/USDT": 1783782026.1493845, "BEAT/USDT": 1783782026.1493845, "ENA/USDT": 1783782678.6023226}, "vals": {"T/USDT": 33.84, "HMSTR/USDT": 3.93, "CLO/USDT": 18.67, "ADA/USDT": 3.0, "ARB/USDT": 3.89}}