{"set": ["HMSTR/USDT", "LAB/USDT", "NES/USDT", "TLM/USDT"], "left": {"VELVET/USDT": 1783231287.6714854, "M/USDT": 1783235156.7288575, "BAS/USDT": 1783236069.9352868, "VANRY/USDT": 1783246269.6802592}, "vals": {"HMSTR/USDT": 3.57, "LAB/USDT": 4.4, "NES/USDT": 8.55, "TLM/USDT": 13.82}}