{"set": ["MYX/USDT", "SLX/USDT", "UB/USDT", "VELVET/USDT", "WIF/USDT"], "left": {"ESPORTS/USDT": 1782554482.4956775, "JTO/USDT": 1782558659.0702903, "M/USDT": 1782570061.7170103}, "vals": {"UB/USDT": 3.92, "VELVET/USDT": 95.67, "SLX/USDT": 14.92, "WIF/USDT": 13.11, "MYX/USDT": 26.23}}