{"set": ["EVAA/USDT", "KAITO/USDT", "SLX/USDT", "VANRY/USDT"], "left": {"CLO/USDT": 1783526794.2447305, "LDO/USDT": 1783535191.2500618, "EDGEX/USDT": 1783543319.9738119, "UNI/USDT": 1783544196.627076, "NES/USDT": 1783544760.3161948}, "vals": {"VANRY/USDT": 9.23, "KAITO/USDT": 9.04, "EVAA/USDT": 5.04, "SLX/USDT": 10.26}}