{"set": ["ALLO/USDT", "BEL/USDT", "BTW/USDT", "CLO/USDT", "ENA/USDT", "ID/USDT", "LAYER/USDT", "RE/USDT"], "left": {"DOGE/USDT": 1782137202.693339, "UB/USDT": 1782137510.7530808, "XRP/USDT": 1782137510.7530808, "ADA/USDT": 1782138403.9731681, "PEPE/USDT": 1782142915.8657644, "EIGEN/USDT": 1782147720.151777, "RESOLV/USDT": 1782148301.422766, "HMSTR/USDT": 1782150701.943051}, "vals": {"BTW/USDT": 15.46, "CLO/USDT": 30.78, "LAYER/USDT": 13.53, "BEL/USDT": 16.58, "ENA/USDT": 8.65, "RE/USDT": 7.67, "ID/USDT": 22.61, "ALLO/USDT": 13.52}}