{"set": ["BIO/USDT", "CLO/USDT", "H/USDT", "LAB/USDT", "SKYAI/USDT", "VELVET/USDT", "XLM/USDT"], "left": {"SIREN/USDT": 1781781403.490746, "HOME/USDT": 1781787725.655748, "AGT/USDT": 1781787725.655748, "\u9f99\u867e/USDT": 1781794001.5678475, "FOLKS/USDT": 1781797901.553368, "BTW/USDT": 1781799711.271432}, "vals": {"LAB/USDT": 23.63, "VELVET/USDT": 54.61, "CLO/USDT": 15.39, "H/USDT": 3.5, "XLM/USDT": 7.57, "SKYAI/USDT": 4.03, "BIO/USDT": 3.05}}