{"set": ["BILL/USDT", "JCT/USDT", "VELVET/USDT"], "left": {"US/USDT": 1783961528.8107822, "MAGMA/USDT": 1783962140.1435876, "B/USDT": 1783963328.5499465}, "vals": {"JCT/USDT": 18.59, "BILL/USDT": 23.65, "VELVET/USDT": 17.58}}