{"set": ["ENA/USDT", "ERA/USDT", "ESPORTS/USDT", "NIGHT/USDT", "ONDO/USDT"], "left": {"BANK/USDT": 1784620901.218681, "B/USDT": 1784621474.4346163, "AKE/USDT": 1784625686.5113473, "US/USDT": 1784628170.5067914, "ADA/USDT": 1784631369.2612214}, "vals": {"ERA/USDT": 50.87, "ESPORTS/USDT": 23.35, "NIGHT/USDT": 6.85, "ENA/USDT": 5.26, "ONDO/USDT": 13.04}}