{"set": ["BLESS/USDT", "BR/USDT", "BTW/USDT", "ESPORTS/USDT", "LAB/USDT", "SPX/USDT", "UNI/USDT", "XLM/USDT"], "left": {"JTO/USDT": 1781654485.207243, "ASTEROID/USDT": 1781654485.207243, "LUNC/USDT": 1781654750.7251735, "VELVET/USDT": 1781654750.7251735, "BSB/USDT": 1781655354.1214187, "EVAA/USDT": 1781655959.2465234, "H/USDT": 1781668262.6370485, "SKYAI/USDT": 1781669465.9265976, "SPACE/USDT": 1781669767.8997996, "SIREN/USDT": 1781672760.9604423, "BEAT/USDT": 1781673664.3652246, "\u9f99\u867e/USDT": 1781673967.258475}, "vals": {"BLESS/USDT": 6.51, "BR/USDT": 5.24, "LAB/USDT": 5.17, "SPX/USDT": 23.66, "BTW/USDT": 14.91, "ESPORTS/USDT": 13.9, "XLM/USDT": 3.46, "UNI/USDT": 6.72}}