{"set": ["BTW/USDT", "NES/USDT", "TLM/USDT", "VANRY/USDT"], "left": {"VELVET/USDT": 1783231287.6714854, "BAS/USDT": 1783236069.9352868, "M/USDT": 1783247485.2696817, "HMSTR/USDT": 1783247756.0110407, "LAB/USDT": 1783248669.3289332}, "vals": {"VANRY/USDT": 7.01, "NES/USDT": 10.33, "BTW/USDT": 28.81, "TLM/USDT": 13.08}}