{"set": ["BTW/USDT", "ESPORTS/USDT", "H/USDT", "LAB/USDT", "VELVET/USDT"], "left": {"MEGA/USDT": 1781430421.0614576, "JCT/USDT": 1781430726.673498, "COAI/USDT": 1781430726.673498, "SKYAI/USDT": 1781434601.3338828, "XPL/USDT": 1781434933.697731}, "vals": {"VELVET/USDT": 3.95, "ESPORTS/USDT": 15.96, "H/USDT": 16.5, "BTW/USDT": 3.66, "LAB/USDT": 5.13}}