{"set": ["AGT/USDT", "ASTER/USDT", "BSB/USDT", "CLO/USDT", "ENA/USDT", "ESPORTS/USDT", "SPX/USDT", "XPL/USDT"], "left": {"SIREN/USDT": 1781706106.1390588, "BTW/USDT": 1781719603.0196798, "BR/USDT": 1781720501.8672824, "CFX/USDT": 1781722917.0172505, "XLM/USDT": 1781725003.0981574, "BLESS/USDT": 1781725605.0900242}, "vals": {"AGT/USDT": 107.94, "ESPORTS/USDT": 44.22, "SPX/USDT": 13.36, "ASTER/USDT": 10.0, "XPL/USDT": 28.58, "CLO/USDT": 15.84, "ENA/USDT": 5.38, "BSB/USDT": 8.06}}