{"set": ["BEL/USDT", "ESPORTS/USDT", "RESOLV/USDT", "TNSR/USDT", "UB/USDT", "WLFI/USDT"], "left": {"SIREN/USDT": 1782054081.0560644, "LAB/USDT": 1782055871.3949046, "ENA/USDT": 1782058561.4018724, "EPIC/USDT": 1782063361.0904973, "BEAT/USDT": 1782071761.557179}, "vals": {"UB/USDT": 52.33, "TNSR/USDT": 48.41, "RESOLV/USDT": 9.56, "ESPORTS/USDT": 4.38, "WLFI/USDT": 4.42, "BEL/USDT": 7.0}}