{"set": ["NASDAQ:CDT", "NASDAQ:SKYQ"], "left": {"NASDAQ:BYAH": 1782201698.821727, "NASDAQ:WOK": 1782201698.821727, "NASDAQ:WPRT": 1782201698.821727, "NASDAQ:CAST": 1782201698.821727, "NASDAQ:CTNT": 1782201698.821727, "NASDAQ:APWC": 1782201698.821727, "NASDAQ:CRVO": 1782201698.821727, "NASDAQ:LNKS": 1782201698.821727, "NASDAQ:EHGO": 1782203167.1973522, "NASDAQ:QXL": 1782203167.1973522, "NASDAQ:NXTS": 1782203167.1973522, "NASDAQ:CRMT": 1782203167.1973522, "NASDAQ:ICCM": 1782203167.1973522, "NASDAQ:SAGT": 1782203167.1973522}, "vals": {"NASDAQ:SKYQ": 38.03, "NASDAQ:CDT": 38.73}}