{"set": ["ACT/USDT", "MANTA/USDT", "O/USDT", "RAVE/USDT", "SLX/USDT", "UB/USDT", "VELVET/USDT"], "left": {"\u5e01\u5b89\u4eba\u751f/USDT": 1782660950.5243452, "WIF/USDT": 1782673561.6373107, "LAB/USDT": 1782682330.3504665}, "vals": {"ACT/USDT": 49.75, "UB/USDT": 12.14, "VELVET/USDT": 17.95, "MANTA/USDT": 10.92, "RAVE/USDT": 24.29, "SLX/USDT": 7.65, "O/USDT": 18.04}}