{"set": ["ACE/USDT", "BANK/USDT", "ESPORTS/USDT", "HOME/USDT", "KAITO/USDT", "PI/USDT"], "left": {"BONK/USDT": 1784495464.7845154, "PEPE/USDT": 1784496063.9469194, "TLM/USDT": 1784505693.7150998, "B/USDT": 1784506264.8048582, "PUMPFUN/USDT": 1784506264.8048582, "AKE/USDT": 1784512260.9563913}, "vals": {"BANK/USDT": 6.22, "ESPORTS/USDT": 3.76, "HOME/USDT": 4.55, "KAITO/USDT": 4.62, "PI/USDT": 5.29, "ACE/USDT": 15.54}}