{"set": ["BTW/USDT", "H/USDT", "IN/USDT", "XLM/USDT"], "left": {"BSB/USDT": 1782820889.3240445, "TAC/USDT": 1782833481.4853766, "AIGENSYN/USDT": 1782834078.33661}, "vals": {"IN/USDT": 93.79, "BTW/USDT": 5.74, "XLM/USDT": 4.5, "H/USDT": 18.97}}