{"set": ["BR/USDT", "BTW/USDT", "ESPORTS/USDT", "LAB/USDT", "SPX/USDT", "UNI/USDT", "\u9f99\u867e/USDT"], "left": {"H/USDT": 1781668262.6370485, "SKYAI/USDT": 1781669465.9265976, "SIREN/USDT": 1781672760.9604423, "BEAT/USDT": 1781673664.3652246, "SPACE/USDT": 1781676091.3308692, "BLESS/USDT": 1781676970.9589026, "EVAA/USDT": 1781680868.9426517, "XLM/USDT": 1781682371.3704596}, "vals": {"\u9f99\u867e/USDT": 3.82, "BR/USDT": 5.95, "LAB/USDT": 3.3, "SPX/USDT": 20.63, "BTW/USDT": 14.9, "ESPORTS/USDT": 23.2, "UNI/USDT": 11.44}}