{"set": ["BEL/USDT", "BICO/USDT", "BTW/USDT", "EIGEN/USDT", "ESPORTS/USDT", "SKYAI/USDT", "UB/USDT"], "left": {"HEI/USDT": 1781924153.5218754, "ENA/USDT": 1781936761.9218526, "BSB/USDT": 1781937073.213171, "CLO/USDT": 1781938881.122302, "ASTEROID/USDT": 1781940674.0638392, "BEAT/USDT": 1781942762.6951127}, "vals": {"UB/USDT": 4.6, "BTW/USDT": 21.08, "ESPORTS/USDT": 4.7, "BEL/USDT": 34.14, "EIGEN/USDT": 7.55, "BICO/USDT": 12.74, "SKYAI/USDT": 3.78}}