{"set": ["BEAT/USDT", "G/USDT", "SKYAI/USDT", "SLX/USDT", "UB/USDT"], "left": {"BTW/USDT": 1782451870.6836007, "PUMP/USDT": 1782461769.381446, "TNSR/USDT": 1782470169.4527218, "H/USDT": 1782470485.5698571, "BAS/USDT": 1782470770.154478, "LAB/USDT": 1782470770.154478}, "vals": {"G/USDT": 7.22, "UB/USDT": 11.52, "SLX/USDT": 8.25, "BEAT/USDT": 17.03, "SKYAI/USDT": 11.14}}