{"set": ["BAS/USDT", "MAGIC/USDT", "POWR/USDT", "RAVE/USDT", "SLX/USDT"], "left": {"WIF/USDT": 1782673561.6373107, "LAB/USDT": 1782682330.3504665, "BEAT/USDT": 1782691284.653991, "MANTA/USDT": 1782691284.653991, "UB/USDT": 1782691284.653991, "O/USDT": 1782691284.653991, "VELVET/USDT": 1782691854.3490047, "ACT/USDT": 1782692763.4590397}, "vals": {"BAS/USDT": 10.45, "POWR/USDT": 11.56, "MAGIC/USDT": 4.89, "RAVE/USDT": 10.24, "SLX/USDT": 5.59}}