{"set": ["ASTEROID/USDT", "CHIP/USDT", "CLO/USDT", "ESPORTS/USDT", "EVAA/USDT", "JCT/USDT", "JELLYJELLY/USDT", "SIREN/USDT"], "left": {"COAI/USDT": 1781484059.012646, "LAB/USDT": 1781486463.1124449, "OPG/USDT": 1781488257.9583573, "VELVET/USDT": 1781493062.1771092, "H/USDT": 1781499688.6071773, "BEAT/USDT": 1781503571.7424152, "ENA/USDT": 1781503867.7316256, "SKYAI/USDT": 1781503867.7316256}, "vals": {"ASTEROID/USDT": 91.44, "JCT/USDT": 6.38, "SIREN/USDT": 3.19, "CHIP/USDT": 13.59, "ESPORTS/USDT": 12.67, "JELLYJELLY/USDT": 5.92, "EVAA/USDT": 15.84, "CLO/USDT": 30.16}}