{"set": ["EDGEX/USDT", "KAITO/USDT", "SLX/USDT", "VANRY/USDT"], "left": {"CLO/USDT": 1783526794.2447305, "LDO/USDT": 1783535191.2500618, "UNI/USDT": 1783544196.627076, "EVAA/USDT": 1783545685.1309726, "NES/USDT": 1783545961.0220916}, "vals": {"EDGEX/USDT": 3.32, "VANRY/USDT": 10.54, "KAITO/USDT": 9.38, "SLX/USDT": 10.24}}