{"set": ["BIO/USDT", "CLO/USDT", "ESPORTS/USDT", "H/USDT", "LAB/USDT", "SIREN/USDT", "SKYAI/USDT", "XLM/USDT"], "left": {"CFX/USDT": 1781738757.260513, "BSB/USDT": 1781740871.493052, "SPX/USDT": 1781740871.493052, "AGT/USDT": 1781740871.493052, "XPL/USDT": 1781740871.493052, "ASTER/USDT": 1781740871.493052, "BEAT/USDT": 1781744158.7403486, "ENA/USDT": 1781750162.3179739}, "vals": {"ESPORTS/USDT": 10.28, "SIREN/USDT": 5.44, "LAB/USDT": 6.6, "CLO/USDT": 6.35, "H/USDT": 7.4, "SKYAI/USDT": 9.2, "XLM/USDT": 3.18, "BIO/USDT": 3.37}}