{"set": ["EPIC/USDT", "LAB/USDT", "SIREN/USDT", "UB/USDT"], "left": {"BTW/USDT": 1782012064.233977, "SLX/USDT": 1782012667.6009367, "EIGEN/USDT": 1782018075.8703148, "BEL/USDT": 1782018959.8330061, "ALICE/USDT": 1782018959.8330061, "ESPORTS/USDT": 1782023755.1606114, "BEAT/USDT": 1782025557.1617153}, "vals": {"UB/USDT": 15.77, "SIREN/USDT": 3.22, "LAB/USDT": 10.71, "EPIC/USDT": 11.61}}