{"set": ["BANK/USDT"], "left": {"ONDO/USDT": 1784762466.1418607, "ENA/USDT": 1784764885.4666567, "LAB/USDT": 1784764885.4666567, "US/USDT": 1784764885.4666567, "RE/USDT": 1784764885.4666567, "ERA/USDT": 1784766670.9598453, "AKE/USDT": 1784767561.2758641, "RIF/USDT": 1784767858.7784984, "ZAMA/USDT": 1784767858.7784984, "NIGHT/USDT": 1784767858.7784984, "MIRA/USDT": 1784768153.5253203}, "vals": {"BANK/USDT": 3.22}}