{"set": ["ADA/USDT", "ERA/USDT", "NIGHT/USDT", "US/USDT"], "left": {"AKE/USDT": 1784610684.0711584, "ESPORTS/USDT": 1784620901.218681, "BANK/USDT": 1784620901.218681, "B/USDT": 1784621474.4346163, "ENA/USDT": 1784621474.4346163}, "vals": {"ERA/USDT": 59.43, "NIGHT/USDT": 4.93, "US/USDT": 8.44, "ADA/USDT": 3.42}}