{"set": ["BR/USDT", "BTW/USDT", "ESPORTS/USDT", "LAB/USDT", "SPX/USDT", "UNI/USDT", "XLM/USDT", "\u9f99\u867e/USDT"], "left": {"H/USDT": 1781668262.6370485, "SKYAI/USDT": 1781669465.9265976, "SIREN/USDT": 1781672760.9604423, "BEAT/USDT": 1781673664.3652246, "SPACE/USDT": 1781676091.3308692, "BLESS/USDT": 1781676970.9589026, "EVAA/USDT": 1781680868.9426517}, "vals": {"\u9f99\u867e/USDT": 6.34, "BR/USDT": 8.8, "LAB/USDT": 4.79, "SPX/USDT": 21.1, "BTW/USDT": 15.95, "ESPORTS/USDT": 21.4, "UNI/USDT": 11.19, "XLM/USDT": 3.14}}