{"set": ["BEL/USDT", "BICO/USDT", "BTW/USDT", "EIGEN/USDT", "ESPORTS/USDT", "SKYAI/USDT", "UB/USDT"], "left": {"HEI/USDT": 1781924153.5218754, "ENA/USDT": 1781936761.9218526, "BSB/USDT": 1781937073.213171, "CLO/USDT": 1781938881.122302, "BEAT/USDT": 1781940674.0638392, "ASTEROID/USDT": 1781940674.0638392}, "vals": {"UB/USDT": 3.77, "BTW/USDT": 21.76, "ESPORTS/USDT": 7.52, "BEL/USDT": 34.27, "EIGEN/USDT": 11.99, "BICO/USDT": 15.1, "SKYAI/USDT": 3.65}}