{"set": ["CLO/USDT", "ESPORTS/USDT", "FOLKS/USDT", "ID/USDT", "LAYER/USDT", "MMT/USDT", "RESOLV/USDT"], "left": {"BLESS/USDT": 1782181261.7121751, "H/USDT": 1782193564.0633771, "HMSTR/USDT": 1782194477.5189312, "BEL/USDT": 1782201065.6975532}, "vals": {"RESOLV/USDT": 15.81, "MMT/USDT": 4.09, "ESPORTS/USDT": 14.7, "CLO/USDT": 14.79, "LAYER/USDT": 6.59, "FOLKS/USDT": 4.48, "ID/USDT": 3.24}}