{"set": ["ARPA/USDT", "BAS/USDT", "HMSTR/USDT", "LAB/USDT", "M/USDT", "TLM/USDT", "VELVET/USDT"], "left": {"NOM/USDT": 1783123568.217241, "BASED/USDT": 1783123862.1217744, "1000BONK/USDT": 1783123862.1217744, "FLOKI/USDT": 1783123862.1217744, "ANSEM/USDT": 1783123862.1217744, "MAGMA/USDT": 1783123862.1217744, "NEX/USDT": 1783123862.1217744, "PEPE/USDT": 1783138560.072619, "BEAT/USDT": 1783139472.7572594}, "vals": {"HMSTR/USDT": 21.12, "ARPA/USDT": 3.61, "BAS/USDT": 11.13, "LAB/USDT": 24.54, "M/USDT": 4.63, "VELVET/USDT": 5.91, "TLM/USDT": 9.2}}