{"set": ["AKE/USDT", "ESPORTS/USDT"], "left": {"US/USDT": 1784405760.0420237, "LAB/USDT": 1784419277.0800655, "AVAAI/USDT": 1784419277.0800655, "B/USDT": 1784420159.8236463, "BILL/USDT": 1784420159.8236463, "FARTCOIN/USDT": 1784420159.8236463, "BANK/USDT": 1784420159.8236463}, "vals": {"AKE/USDT": 3.07, "ESPORTS/USDT": 3.89}}