{"set": ["BEL/USDT", "BICO/USDT", "BTW/USDT", "CLO/USDT", "EIGEN/USDT", "ESPORTS/USDT"], "left": {"ASTEROID/USDT": 1781940674.0638392, "BEAT/USDT": 1781944562.8452747, "UB/USDT": 1781944562.8452747, "HEI/USDT": 1781949681.8658605, "SKYAI/USDT": 1781951164.1377556, "AGT/USDT": 1781953861.097182, "GALA/USDT": 1781956887.6106508}, "vals": {"BTW/USDT": 47.39, "ESPORTS/USDT": 5.65, "BEL/USDT": 48.63, "CLO/USDT": 16.81, "EIGEN/USDT": 5.45, "BICO/USDT": 17.55}}