{"set": ["AIGENSYN/USDT", "BEAT/USDT", "H/USDT", "M/USDT", "XLM/USDT"], "left": {"SLX/USDT": 1782838920.917782, "IN/USDT": 1782840398.3848712, "VELVET/USDT": 1782843094.4822547, "BTW/USDT": 1782852996.825036, "TAC/USDT": 1782853327.3344185}, "vals": {"AIGENSYN/USDT": 9.62, "M/USDT": 20.97, "XLM/USDT": 4.25, "H/USDT": 23.74, "BEAT/USDT": 5.91}}