{"set": ["ARB/USDT", "BASED/USDT", "ESPORTS/USDT", "SKYAI/USDT", "TAC/USDT", "TAG/USDT", "US/USDT"], "left": {"EDGEX/USDT": 1783603011.964125, "VANRY/USDT": 1783617121.3957415, "KAITO/USDT": 1783623396.4082022, "ENA/USDT": 1783624323.4862628}, "vals": {"TAG/USDT": 40.79, "US/USDT": 65.42, "ESPORTS/USDT": 25.63, "SKYAI/USDT": 9.31, "BASED/USDT": 20.53, "TAC/USDT": 33.78, "ARB/USDT": 17.11}}