{"set": ["ADA/USDT", "BIRB/USDT", "BREV/USDT", "ENA/USDT", "GRAM/USDT", "LAB/USDT", "M/USDT", "PEPE/USDT", "SLX/USDT", "TLM/USDT", "XRP/USDT"], "left": {"BAS/USDT": 1782990368.4244921, "TAC/USDT": 1782992775.2916791, "LIT/USDT": 1783003309.3451247, "BEAT/USDT": 1783004195.363327, "UB/USDT": 1783008400.485868, "DOGE/USDT": 1783011400.1089025}, "vals": {"PEPE/USDT": 5.08, "BIRB/USDT": 59.34, "BREV/USDT": 24.37, "M/USDT": 36.53, "TLM/USDT": 12.67, "LAB/USDT": 5.89, "SLX/USDT": 5.02, "XRP/USDT": 3.67, "ENA/USDT": 5.54, "ADA/USDT": 3.9, "GRAM/USDT": 5.43}}