{"set": ["BTW/USDT", "CLO/USDT", "EVAA/USDT", "H/USDT", "OPG/USDT", "SKYAI/USDT", "TRADOOR/USDT"], "left": {"JCT/USDT": 1781446321.9346998, "MEGA/USDT": 1781457131.357136, "ESPORTS/USDT": 1781461270.3347054, "LAB/USDT": 1781467285.6314092}, "vals": {"H/USDT": 21.18, "BTW/USDT": 11.68, "OPG/USDT": 23.45, "EVAA/USDT": 75.04, "CLO/USDT": 35.97, "TRADOOR/USDT": 3.88, "SKYAI/USDT": 7.53}}