{"set": ["BTW/USDT", "CAP/USDT", "LAB/USDT", "LIT/USDT", "NES/USDT", "TLM/USDT", "UB/USDT", "VANRY/USDT"], "left": {"HMSTR/USDT": 1783266363.6915896, "M/USDT": 1783269086.9972239, "MIRA/USDT": 1783278677.6371796, "WLFI/USDT": 1783279278.0503263, "VELVET/USDT": 1783286165.9676175}, "vals": {"UB/USDT": 14.96, "VANRY/USDT": 22.79, "CAP/USDT": 13.79, "LAB/USDT": 5.85, "BTW/USDT": 14.56, "NES/USDT": 21.0, "TLM/USDT": 39.52, "LIT/USDT": 10.36}}