{"set": ["ARB/USDT", "EDGEX/USDT", "ENA/USDT", "EVAA/USDT", "TAG/USDT", "US/USDT"], "left": {"ESPORTS/USDT": 1783641690.7023995, "BASED/USDT": 1783641690.7023995, "SKYAI/USDT": 1783641690.7023995, "TAC/USDT": 1783645561.3696177, "LAB/USDT": 1783648884.6974123, "VANRY/USDT": 1783648884.6974123}, "vals": {"TAG/USDT": 9.46, "US/USDT": 3.81, "EDGEX/USDT": 5.18, "ENA/USDT": 3.12, "EVAA/USDT": 7.16, "ARB/USDT": 4.61}}