{"set": ["CLO/USDT", "EDGEX/USDT", "EVAA/USDT", "NES/USDT", "SLX/USDT", "TLM/USDT"], "left": {"OPG/USDT": 1783468890.0904126, "BLUR/USDT": 1783469755.6902192, "US/USDT": 1783472500.8082616, "EPIC/USDT": 1783473673.5877848, "LAB/USDT": 1783474873.5287735, "SKYAI/USDT": 1783476091.7598207, "TAC/USDT": 1783476955.12267}, "vals": {"EDGEX/USDT": 8.42, "NES/USDT": 8.38, "CLO/USDT": 6.98, "EVAA/USDT": 9.86, "SLX/USDT": 4.34, "TLM/USDT": 5.31}}