{"set": ["BTW/USDT", "ESPORTS/USDT", "H/USDT", "LAB/USDT", "VELVET/USDT"], "left": {"BEAT/USDT": 1781413867.731363, "SIREN/USDT": 1781419275.604243, "MEGA/USDT": 1781430421.0614576, "JCT/USDT": 1781430726.673498, "COAI/USDT": 1781430726.673498, "XPL/USDT": 1781431340.4388442, "SKYAI/USDT": 1781433127.5610614}, "vals": {"VELVET/USDT": 30.68, "ESPORTS/USDT": 8.29, "H/USDT": 74.19, "BTW/USDT": 4.16, "LAB/USDT": 4.49}}