{"set": ["ALICE/USDT", "BEL/USDT", "EIGEN/USDT", "EPIC/USDT", "UB/USDT"], "left": {"BICO/USDT": 1782000069.9734209, "GALA/USDT": 1782000069.9734209, "LAB/USDT": 1782000069.9734209, "CLO/USDT": 1782003954.350042, "SIREN/USDT": 1782011464.8930094, "BTW/USDT": 1782012064.233977, "ESPORTS/USDT": 1782012064.233977, "SLX/USDT": 1782012667.6009367, "BEAT/USDT": 1782012953.728224}, "vals": {"UB/USDT": 13.15, "BEL/USDT": 4.28, "EPIC/USDT": 14.75, "ALICE/USDT": 3.0, "EIGEN/USDT": 4.85}}