{"set": ["BLUR/USDT", "EVAA/USDT", "NES/USDT", "OPG/USDT"], "left": {"M/USDT": 1783429313.8417206, "VANRY/USDT": 1783430493.8190887, "LIT/USDT": 1783434117.5776558, "TLM/USDT": 1783435315.3536253, "TAC/USDT": 1783437114.274098, "WLFI/USDT": 1783440998.4058545}, "vals": {"BLUR/USDT": 7.42, "OPG/USDT": 4.05, "NES/USDT": 3.57, "EVAA/USDT": 102.15}}