{"set": ["ALLO/USDT", "BEL/USDT", "BLESS/USDT", "BTW/USDT", "CLO/USDT", "EIGEN/USDT", "ENA/USDT", "ID/USDT", "LAB/USDT", "LAYER/USDT"], "left": {"ADA/USDT": 1782138403.9731681, "PEPE/USDT": 1782142915.8657644, "RESOLV/USDT": 1782148301.422766, "HMSTR/USDT": 1782150701.943051, "RE/USDT": 1782153397.2343817}, "vals": {"BTW/USDT": 10.86, "BLESS/USDT": 28.52, "LAB/USDT": 3.43, "CLO/USDT": 29.95, "LAYER/USDT": 13.7, "BEL/USDT": 16.04, "ENA/USDT": 7.28, "ID/USDT": 22.38, "ALLO/USDT": 11.58, "EIGEN/USDT": 6.68}}