{"set": ["AKE/USDT", "ESPORTS/USDT", "HOME/USDT", "PI/USDT"], "left": {"BONK/USDT": 1784495464.7845154, "PEPE/USDT": 1784496063.9469194, "TLM/USDT": 1784505693.7150998, "KAITO/USDT": 1784505693.7150998, "BANK/USDT": 1784506264.8048582, "B/USDT": 1784506264.8048582, "PUMPFUN/USDT": 1784506264.8048582}, "vals": {"AKE/USDT": 11.06, "ESPORTS/USDT": 7.67, "HOME/USDT": 4.02, "PI/USDT": 3.13}}