{"set": ["CLO/USDT", "FOLKS/USDT", "LAB/USDT", "SKYAI/USDT", "VELVET/USDT", "XLM/USDT"], "left": {"SIREN/USDT": 1781781403.490746, "HOME/USDT": 1781787725.655748, "\u9f99\u867e/USDT": 1781794001.5678475, "BTW/USDT": 1781799711.271432, "H/USDT": 1781802119.5223782, "BIO/USDT": 1781802119.5223782, "AGT/USDT": 1781802703.5421944}, "vals": {"LAB/USDT": 25.1, "VELVET/USDT": 76.12, "CLO/USDT": 12.86, "XLM/USDT": 7.16, "FOLKS/USDT": 10.26, "SKYAI/USDT": 3.31}}