{"set": ["H/USDT", "LAB/USDT", "SKYAI/USDT"], "left": {"ENA/USDT": 1781750162.3179739, "BIO/USDT": 1781754965.8192444, "XLM/USDT": 1781758879.5410872, "BEAT/USDT": 1781759162.5846694, "ESPORTS/USDT": 1781759465.7505548, "SIREN/USDT": 1781760061.2154665, "CLO/USDT": 1781764558.3636882}, "vals": {"LAB/USDT": 9.71, "H/USDT": 12.41, "SKYAI/USDT": 10.0}}