{"set": ["BEAT/USDT", "CLO/USDT", "PEPE/USDT", "T/USDT", "VANRY/USDT"], "left": {"ENA/USDT": 1783850157.7283676, "SKYAI/USDT": 1783850492.040027, "B/USDT": 1783857087.3878386, "TAG/USDT": 1783868494.6930015}, "vals": {"PEPE/USDT": 3.25, "T/USDT": 11.7, "VANRY/USDT": 13.99, "CLO/USDT": 3.57, "BEAT/USDT": 20.78}}