{"set": ["BEAT/USDT", "BSB/USDT", "BTW/USDT", "FOLKS/USDT"], "left": {"AGT/USDT": 1781822466.085143, "XLM/USDT": 1781827299.6970115, "VIRTUAL/USDT": 1781827549.1006176, "FLOKI/USDT": 1781827549.1006176, "ENA/USDT": 1781827549.1006176, "MYX/USDT": 1781827549.1006176, "POL/USDT": 1781827549.1006176, "ASTEROID/USDT": 1781827549.1006176, "SEI/USDT": 1781827549.1006176, "FET/USDT": 1781827549.1006176, "SYN/USDT": 1781827549.1006176, "PENGU/USDT": 1781827549.1006176, "CLO/USDT": 1781835055.7451491, "LAB/USDT": 1781839260.977391, "ESPORTS/USDT": 1781839260.977391, "BIO/USDT": 1781841958.741841, "VELVET/USDT": 1781843471.1378145, "BASED/USDT": 1781844062.1616166}, "vals": {"BTW/USDT": 12.69, "BEAT/USDT": 13.91, "BSB/USDT": 4.28, "FOLKS/USDT": 3.03}}