{"set": ["AMEX:BATL", "AMEX:VTAK", "NASDAQ:LUCY", "NASDAQ:SKYQ"], "left": {"NASDAQ:BJDX": 1783584370.8825407, "NASDAQ:CLRO": 1783584370.8825407, "NASDAQ:IOTR": 1783586166.4830759}, "vals": {"AMEX:BATL": 30.9, "AMEX:VTAK": 69.78, "NASDAQ:SKYQ": 15.67, "NASDAQ:LUCY": 34.65}}