{"set": ["CHIP/USDT", "CLO/USDT", "ESPORTS/USDT", "EVAA/USDT", "JCT/USDT", "VELVET/USDT"], "left": {"TRADOOR/USDT": 1781481361.106416, "BTW/USDT": 1781481673.613035, "XRP/USDT": 1781481673.613035, "SKYAI/USDT": 1781481673.613035, "ADA/USDT": 1781481673.613035, "COAI/USDT": 1781484059.012646, "SIREN/USDT": 1781485864.4004567, "LAB/USDT": 1781486463.1124449, "OPG/USDT": 1781488257.9583573, "JELLYJELLY/USDT": 1781490069.5972364, "H/USDT": 1781490069.5972364}, "vals": {"JCT/USDT": 6.57, "VELVET/USDT": 3.37, "CHIP/USDT": 4.13, "ESPORTS/USDT": 6.33, "CLO/USDT": 19.6, "EVAA/USDT": 3.17}}