{"set": ["AIGENSYN/USDT", "BEAT/USDT", "H/USDT", "M/USDT", "TAC/USDT", "XLM/USDT"], "left": {"SLX/USDT": 1782838920.917782, "IN/USDT": 1782840398.3848712, "VELVET/USDT": 1782843094.4822547, "BTW/USDT": 1782852996.825036}, "vals": {"AIGENSYN/USDT": 10.96, "TAC/USDT": 3.46, "M/USDT": 21.14, "XLM/USDT": 4.29, "H/USDT": 24.35, "BEAT/USDT": 5.43}}