{"set": ["B/USDT", "ESPORTS/USDT", "US/USDT"], "left": {"LAB/USDT": 1784419277.0800655, "AVAAI/USDT": 1784419277.0800655, "BILL/USDT": 1784420159.8236463, "FARTCOIN/USDT": 1784420159.8236463, "AKE/USDT": 1784422881.7681973, "BANK/USDT": 1784425860.4068003, "KAITO/USDT": 1784426754.5834992}, "vals": {"ESPORTS/USDT": 39.87, "US/USDT": 4.57, "B/USDT": 6.6}}