{"set": ["NASDAQ:ADVB", "NASDAQ:BIYA", "NASDAQ:ZYBT"], "left": {"NASDAQ:PMAX": 1784620901.221559, "AMEX:SLND": 1784620901.221559, "NASDAQ:SKYQ": 1784622089.4135, "AMEX:BRIA": 1784622089.4135}, "vals": {"NASDAQ:ZYBT": 81.95, "NASDAQ:ADVB": 33.4, "NASDAQ:BIYA": 87.92}}