{"set": ["ASTEROID/USDT", "BEAT/USDT", "BEL/USDT", "BTW/USDT", "CLO/USDT", "EIGEN/USDT", "ESPORTS/USDT"], "left": {"SKYAI/USDT": 1781911872.545053, "SYN/USDT": 1781913954.9455822, "BLESS/USDT": 1781913954.9455822, "BASED/USDT": 1781915763.145682, "LAB/USDT": 1781916662.773172, "BICO/USDT": 1781921462.5297523, "HEI/USDT": 1781924153.5218754, "BSB/USDT": 1781928667.8585749, "UB/USDT": 1781928968.8210216}, "vals": {"ASTEROID/USDT": 6.52, "BTW/USDT": 6.69, "ESPORTS/USDT": 6.19, "BEL/USDT": 4.58, "CLO/USDT": 6.98, "BEAT/USDT": 8.41, "EIGEN/USDT": 11.82}}