{"set": ["VANRY/USDT"], "left": {"MIRA/USDT": 1783278677.6371796, "WLFI/USDT": 1783288892.1587539, "ENA/USDT": 1783293677.5100284, "CAP/USDT": 1783296101.7064824, "LIT/USDT": 1783296101.7064824, "BTW/USDT": 1783296101.7064824, "NES/USDT": 1783296101.7064824, "UB/USDT": 1783296101.7064824, "SKYAI/USDT": 1783296671.0950449, "VELVET/USDT": 1783296671.0950449, "LAB/USDT": 1783296671.0950449, "TLM/USDT": 1783296671.0950449}, "vals": {"VANRY/USDT": 3.46}}