{"set": ["EPIC/USDT", "LIT/USDT", "NES/USDT", "UB/USDT"], "left": {"CAP/USDT": 1783296101.7064824, "BTW/USDT": 1783296101.7064824, "LAB/USDT": 1783296671.0950449, "VELVET/USDT": 1783299686.580346, "SKYAI/USDT": 1783299952.0989566, "MIRA/USDT": 1783300558.3173487, "TLM/USDT": 1783304157.2154553, "VANRY/USDT": 1783304157.2154553, "HMSTR/USDT": 1783314962.4727664}, "vals": {"UB/USDT": 3.36, "NES/USDT": 4.63, "LIT/USDT": 7.76, "EPIC/USDT": 14.21}}