{"set": ["BEAT/USDT", "BEL/USDT", "BICO/USDT", "BTW/USDT", "EIGEN/USDT", "ESPORTS/USDT", "UB/USDT"], "left": {"HEI/USDT": 1781924153.5218754, "ENA/USDT": 1781936761.9218526, "BSB/USDT": 1781937073.213171, "CLO/USDT": 1781938881.122302, "ASTEROID/USDT": 1781939160.596044}, "vals": {"UB/USDT": 3.31, "BTW/USDT": 21.21, "ESPORTS/USDT": 5.55, "BEL/USDT": 35.41, "BEAT/USDT": 6.79, "EIGEN/USDT": 7.14, "BICO/USDT": 19.71}}