{"set": ["ARB/USDT", "B/USDT", "T/USDT"], "left": {"CLO/USDT": 1783814490.6812153, "XPIN/USDT": 1783816323.0349748, "TAG/USDT": 1783819280.2722335, "SXT/USDT": 1783820756.6568308, "SKL/USDT": 1783821077.7561285}, "vals": {"T/USDT": 10.71, "B/USDT": 7.42, "ARB/USDT": 5.4}}