{"set": ["ARB/USDT", "CLO/USDT", "ENA/USDT", "T/USDT", "XPIN/USDT"], "left": {"SKYAI/USDT": 1783782026.1493845, "BEAT/USDT": 1783782026.1493845, "HMSTR/USDT": 1783783887.6966646, "ADA/USDT": 1783797361.2512817}, "vals": {"XPIN/USDT": 3.08, "T/USDT": 29.72, "CLO/USDT": 29.94, "ENA/USDT": 3.69, "ARB/USDT": 4.94}}