{"set": ["NES/USDT", "VANRY/USDT"], "left": {"VELVET/USDT": 1783326359.0054882, "UB/USDT": 1783329958.4682093, "LIT/USDT": 1783333555.6255176, "LAB/USDT": 1783336275.4230828, "SLX/USDT": 1783339560.0558045}, "vals": {"VANRY/USDT": 28.7, "NES/USDT": 3.57}}