{"set": ["BTW/USDT", "CLO/USDT", "ESPORTS/USDT", "H/USDT", "LAB/USDT", "TRADOOR/USDT"], "left": {"VELVET/USDT": 1781444792.1403408, "JCT/USDT": 1781446321.9346998, "MEGA/USDT": 1781457131.357136, "SKYAI/USDT": 1781457131.357136}, "vals": {"ESPORTS/USDT": 15.62, "H/USDT": 17.14, "BTW/USDT": 6.94, "CLO/USDT": 35.46, "TRADOOR/USDT": 3.67, "LAB/USDT": 4.89}}