{"set": ["BAS/USDT", "LAB/USDT", "O/USDT", "SLX/USDT"], "left": {"G/USDT": 1782302490.2419248, "BLESS/USDT": 1782306969.3825095, "CLO/USDT": 1782310571.6127245, "BEL/USDT": 1782312703.391626, "BTW/USDT": 1782317201.2082245, "SAHARA/USDT": 1782319301.0276217}, "vals": {"BAS/USDT": 36.21, "LAB/USDT": 14.56, "SLX/USDT": 19.8, "O/USDT": 26.97}}