{"set": ["BANK/USDT", "ERA/USDT", "RE/USDT", "RIF/USDT", "ZAMA/USDT"], "left": {"SNXX/USDT": 1784832996.0208738, "INTC/USDT": 1784841393.8192284, "WLFI/USDT": 1784845876.5699863, "KAITO/USDT": 1784851293.2312274, "IDOL/USDT": 1784851293.2312274, "BEAT/USDT": 1784851293.2312274, "B/USDT": 1784851567.6280499, "AKE/USDT": 1784852753.7318985, "ON/USDT": 1784852753.7318985, "BILL/USDT": 1784852753.7318985, "LAB/USDT": 1784853353.9355602, "ESPORTS/USDT": 1784854257.2324042}, "vals": {"BANK/USDT": 4.44, "ZAMA/USDT": 3.28, "RIF/USDT": 5.96, "ERA/USDT": 4.29, "RE/USDT": 5.07}}