{"set": ["M/USDT", "MYX/USDT", "SLX/USDT", "UB/USDT", "VELVET/USDT", "WIF/USDT"], "left": {"G/USDT": 1782546058.3500926, "ESPORTS/USDT": 1782554482.4956775, "JTO/USDT": 1782558659.0702903}, "vals": {"UB/USDT": 4.95, "VELVET/USDT": 95.28, "SLX/USDT": 13.12, "M/USDT": 11.71, "WIF/USDT": 10.2, "MYX/USDT": 34.3}}