{"set": ["ESPORTS/USDT", "H/USDT", "LAB/USDT", "VELVET/USDT", "XPL/USDT"], "left": {"BEAT/USDT": 1781413867.731363, "SIREN/USDT": 1781419275.604243, "MEGA/USDT": 1781430421.0614576, "JCT/USDT": 1781430726.673498, "COAI/USDT": 1781430726.673498, "BTW/USDT": 1781434316.4825392, "SKYAI/USDT": 1781434601.3338828}, "vals": {"VELVET/USDT": 15.73, "ESPORTS/USDT": 6.14, "H/USDT": 70.27, "LAB/USDT": 4.58, "XPL/USDT": 3.58}}