{"set": ["BANK/USDT", "ERA/USDT", "RIF/USDT", "ZAMA/USDT"], "left": {"ONDO/USDT": 1784762466.1418607, "ENA/USDT": 1784764885.4666567, "LAB/USDT": 1784764885.4666567, "US/USDT": 1784764885.4666567, "NIGHT/USDT": 1784767858.7784984, "MIRA/USDT": 1784768153.5253203, "RE/USDT": 1784771754.1040137, "AKE/USDT": 1784772960.9248707}, "vals": {"BANK/USDT": 5.6, "ERA/USDT": 9.07, "ZAMA/USDT": 5.26, "RIF/USDT": 18.46}}