{"set": ["AKE/USDT", "BANK/USDT", "KAITO/USDT", "TAC/USDT", "US/USDT"], "left": {"CRO/USDT": 1784260880.8118584, "SKYAI/USDT": 1784269265.0068219, "ESPORTS/USDT": 1784272554.7914135}, "vals": {"AKE/USDT": 5.01, "BANK/USDT": 3.5, "US/USDT": 3.08, "TAC/USDT": 17.68, "KAITO/USDT": 13.56}}