{"set": ["BTW/USDT", "NES/USDT", "TLM/USDT", "VANRY/USDT", "WLFI/USDT"], "left": {"BAS/USDT": 1783236069.9352868, "M/USDT": 1783247485.2696817, "HMSTR/USDT": 1783247756.0110407, "LAB/USDT": 1783255275.5639284}, "vals": {"VANRY/USDT": 31.08, "BTW/USDT": 27.08, "NES/USDT": 13.25, "WLFI/USDT": 3.6, "TLM/USDT": 6.56}}