{"set": ["BIRB/USDT", "ENA/USDT", "LAB/USDT", "UB/USDT"], "left": {"BTW/USDT": 1782950494.8114948, "XLM/USDT": 1782950494.8114948, "LIT/USDT": 1782950494.8114948, "ADA/USDT": 1782950494.8114948, "NOM/USDT": 1782950763.2187502, "AIGENSYN/USDT": 1782950763.2187502, "VELVET/USDT": 1782950763.2187502, "TAIKO/USDT": 1782950763.2187502, "TLM/USDT": 1782950763.2187502, "SYN/USDT": 1782950763.2187502, "NFP/USDT": 1782951057.6888318, "TAC/USDT": 1782952270.1143963, "ZBT/USDT": 1782954079.413939, "H/USDT": 1782961281.5942914, "BAS/USDT": 1782966955.2973764, "BASED/USDT": 1782969670.7670445, "SLX/USDT": 1782970555.8773727, "M/USDT": 1782971161.5507922}, "vals": {"UB/USDT": 7.48, "BIRB/USDT": 77.88, "LAB/USDT": 5.51, "ENA/USDT": 6.64}}