{"set": ["BASED/USDT", "DYDX/USDT", "HEI/USDT", "UB/USDT"], "left": {"ESPORTS/USDT": 1782259286.5653002, "BEAT/USDT": 1782259286.5653002, "RESOLV/USDT": 1782259286.5653002, "BTW/USDT": 1782259286.5653002}, "vals": {"UB/USDT": 7.31, "BASED/USDT": 4.97, "HEI/USDT": 48.13, "DYDX/USDT": 9.52}}