{"set": ["ARB/USDT", "CLO/USDT", "SKYAI/USDT"], "left": {"SKL/USDT": 1783765557.1738527, "TAG/USDT": 1783768558.0159066, "XPIN/USDT": 1783776956.3977575, "HMSTR/USDT": 1783778486.3989215, "BEAT/USDT": 1783780881.3564336}, "vals": {"CLO/USDT": 27.04, "SKYAI/USDT": 4.83, "ARB/USDT": 3.51}}