{"set": ["AGT/USDT", "ASTER/USDT", "BLESS/USDT", "BSB/USDT", "ENA/USDT", "ESPORTS/USDT", "SPX/USDT", "XLM/USDT", "XPL/USDT"], "left": {"\u9f99\u867e/USDT": 1781693503.6220849, "UNI/USDT": 1781694395.6005182, "BR/USDT": 1781704931.8404937, "SIREN/USDT": 1781706106.1390588, "BTW/USDT": 1781708812.7759387}, "vals": {"AGT/USDT": 106.96, "BLESS/USDT": 3.52, "ESPORTS/USDT": 35.09, "SPX/USDT": 12.75, "ASTER/USDT": 15.53, "XPL/USDT": 26.61, "BSB/USDT": 13.1, "ENA/USDT": 6.35, "XLM/USDT": 4.87}}