{"set": ["BAS/USDT", "LAB/USDT", "M/USDT", "VANRY/USDT", "VELVET/USDT"], "left": {"ADA/USDT": 1783209700.0057917, "MIRA/USDT": 1783209700.0057917, "RAVE/USDT": 1783210271.3595967, "ANSEM/USDT": 1783210271.3595967, "TLM/USDT": 1783210798.1525428, "ARPA/USDT": 1783211755.6816056, "MAGMA/USDT": 1783214152.3033066, "HMSTR/USDT": 1783216271.6822398}, "vals": {"VANRY/USDT": 13.15, "LAB/USDT": 9.3, "BAS/USDT": 9.36, "VELVET/USDT": 3.17, "M/USDT": 3.12}}