{"set": ["BEAT/USDT", "CLO/USDT", "T/USDT", "VANRY/USDT"], "left": {"ARB/USDT": 1783843886.3491313, "XPIN/USDT": 1783846554.796885, "ENA/USDT": 1783850157.7283676, "SKYAI/USDT": 1783850492.040027, "B/USDT": 1783857087.3878386}, "vals": {"T/USDT": 21.51, "CLO/USDT": 8.73, "VANRY/USDT": 14.05, "BEAT/USDT": 8.97}}