{"set": ["ADA/USDT", "ENA/USDT", "ERA/USDT", "ESPORTS/USDT", "ONDO/USDT", "US/USDT"], "left": {"BANK/USDT": 1784620901.218681, "B/USDT": 1784621474.4346163, "AKE/USDT": 1784625686.5113473, "NIGHT/USDT": 1784625969.6906936}, "vals": {"ERA/USDT": 43.26, "ESPORTS/USDT": 16.76, "US/USDT": 7.39, "ADA/USDT": 3.24, "ENA/USDT": 3.56, "ONDO/USDT": 13.01}}