{"set": ["EDGEX/USDT", "EVAA/USDT", "LAB/USDT", "TAG/USDT", "VANRY/USDT"], "left": {"KAITO/USDT": 1783631165.7486725, "ENA/USDT": 1783638688.140897, "ESPORTS/USDT": 1783641690.7023995, "BASED/USDT": 1783641690.7023995, "ARB/USDT": 1783641690.7023995, "SKYAI/USDT": 1783641690.7023995, "TAC/USDT": 1783645561.3696177, "US/USDT": 1783647355.6420429}, "vals": {"TAG/USDT": 7.75, "LAB/USDT": 5.35, "EDGEX/USDT": 3.03, "VANRY/USDT": 4.03, "EVAA/USDT": 3.26}}