{"set": ["BEAT/USDT", "BEL/USDT", "LAB/USDT", "RESOLV/USDT", "SKYAI/USDT", "SLX/USDT", "WLFI/USDT", "XPL/USDT"], "left": {"EVAA/USDT": 1782385286.939095, "BLESS/USDT": 1782388917.2101676, "BAS/USDT": 1782403324.4644468, "H/USDT": 1782403900.4803028}, "vals": {"SLX/USDT": 20.15, "LAB/USDT": 14.47, "RESOLV/USDT": 12.71, "WLFI/USDT": 3.43, "XPL/USDT": 3.24, "SKYAI/USDT": 11.22, "BEAT/USDT": 21.47, "BEL/USDT": 9.82}}