{"set": ["BAS/USDT", "BEAT/USDT", "BEL/USDT", "LAB/USDT", "RESOLV/USDT", "SKYAI/USDT", "SLX/USDT"], "left": {"H/USDT": 1782372364.9331696, "ESPORTS/USDT": 1782374784.7962978, "EVAA/USDT": 1782385286.939095, "WLFI/USDT": 1782388917.2101676, "BLESS/USDT": 1782388917.2101676}, "vals": {"BAS/USDT": 17.77, "LAB/USDT": 7.89, "SLX/USDT": 5.12, "RESOLV/USDT": 14.65, "BEAT/USDT": 11.27, "SKYAI/USDT": 15.53, "BEL/USDT": 27.73}}