{"set": ["ADA/USDT", "ENA/USDT", "ERA/USDT", "ESPORTS/USDT", "NIGHT/USDT", "ONDO/USDT"], "left": {"BANK/USDT": 1784620901.218681, "AKE/USDT": 1784625686.5113473, "US/USDT": 1784635308.7513838, "B/USDT": 1784636473.4049096}, "vals": {"ERA/USDT": 58.32, "ESPORTS/USDT": 32.13, "NIGHT/USDT": 7.78, "ADA/USDT": 3.3, "ENA/USDT": 5.43, "ONDO/USDT": 13.13}}