{"set": ["B/USDT", "ENA/USDT", "ERA/USDT", "ESPORTS/USDT", "NIGHT/USDT", "ONDO/USDT"], "left": {"BANK/USDT": 1784620901.218681, "AKE/USDT": 1784625686.5113473, "US/USDT": 1784628170.5067914, "ADA/USDT": 1784632269.3326635}, "vals": {"ERA/USDT": 61.33, "ESPORTS/USDT": 23.4, "NIGHT/USDT": 6.9, "B/USDT": 3.89, "ENA/USDT": 4.5, "ONDO/USDT": 12.45}}