{"set": ["AIGENSYN/USDT", "BTW/USDT", "TAC/USDT"], "left": {"VELVET/USDT": 1782799858.5735085, "CAP/USDT": 1782805859.594563, "MYX/USDT": 1782805859.594563, "KAS/USDT": 1782805859.594563, "SYN/USDT": 1782805859.594563, "XLM/USDT": 1782809160.032642, "BSB/USDT": 1782819962.9878795}, "vals": {"AIGENSYN/USDT": 16.5, "TAC/USDT": 3.96, "BTW/USDT": 36.59}}