{"set": ["RE/USDT"], "left": {"ONDO/USDT": 1784762466.1418607, "ENA/USDT": 1784764885.4666567, "LAB/USDT": 1784764885.4666567, "US/USDT": 1784764885.4666567, "ZAMA/USDT": 1784767858.7784984, "NIGHT/USDT": 1784767858.7784984, "MIRA/USDT": 1784768153.5253203, "AKE/USDT": 1784770551.8562915, "ERA/USDT": 1784770551.8562915, "RIF/USDT": 1784770551.8562915, "BANK/USDT": 1784771160.7445245}, "vals": {"RE/USDT": 3.41}}