{"set": ["LAB/USDT", "M/USDT", "SLX/USDT", "UB/USDT"], "left": {"WIF/USDT": 1782604885.0212393, "MYX/USDT": 1782605457.9097173, "S/USDT": 1782605457.9097173, "RE/USDT": 1782605457.9097173, "VELVET/USDT": 1782605457.9097173}, "vals": {"UB/USDT": 4.64, "LAB/USDT": 3.48, "SLX/USDT": 3.02, "M/USDT": 3.93}}