{"set": ["B/USDT", "ENA/USDT", "LAB/USDT", "TRIA/USDT"], "left": {"ZBT/USDT": 1784013089.8568041, "VELVET/USDT": 1784020563.9516664, "BILL/USDT": 1784031969.7101521}, "vals": {"TRIA/USDT": 10.74, "LAB/USDT": 17.74, "B/USDT": 4.16, "ENA/USDT": 6.42}}