{"set": ["BASED/USDT", "BEAT/USDT", "BTW/USDT"], "left": {"AGT/USDT": 1781822466.085143, "XLM/USDT": 1781827299.6970115, "VIRTUAL/USDT": 1781827549.1006176, "FLOKI/USDT": 1781827549.1006176, "ENA/USDT": 1781827549.1006176, "MYX/USDT": 1781827549.1006176, "POL/USDT": 1781827549.1006176, "ASTEROID/USDT": 1781827549.1006176, "SEI/USDT": 1781827549.1006176, "FET/USDT": 1781827549.1006176, "SYN/USDT": 1781827549.1006176, "PENGU/USDT": 1781827549.1006176, "BIO/USDT": 1781832056.0748942, "CLO/USDT": 1781835055.7451491, "LAB/USDT": 1781839260.977391, "ESPORTS/USDT": 1781839260.977391, "BSB/USDT": 1781840459.3640194, "VELVET/USDT": 1781840756.564802, "FOLKS/USDT": 1781841057.898733}, "vals": {"BTW/USDT": 12.8, "BASED/USDT": 5.61, "BEAT/USDT": 9.79}}