{"set": ["H/USDT"], "left": {"VELVET/USDT": 1782858063.506421, "BEAT/USDT": 1782864086.2911942, "BTW/USDT": 1782864086.2911942, "M/USDT": 1782864086.2911942, "XLM/USDT": 1782864352.1316218, "TAC/USDT": 1782864352.1316218, "BAS/USDT": 1782864352.1316218, "AIGENSYN/USDT": 1782864352.1316218}, "vals": {"H/USDT": 4.38}}