{"set": ["MYX/USDT", "SLX/USDT", "VELVET/USDT", "WIF/USDT"], "left": {"JTO/USDT": 1782558659.0702903, "M/USDT": 1782570061.7170103, "UB/USDT": 1782570356.5255635, "ESPORTS/USDT": 1782570953.3599927}, "vals": {"VELVET/USDT": 107.72, "SLX/USDT": 13.98, "WIF/USDT": 12.14, "MYX/USDT": 29.51}}