{"set": ["CLO/USDT", "ESPORTS/USDT", "H/USDT", "HOME/USDT", "LAB/USDT", "SKYAI/USDT", "XLM/USDT"], "left": {"ENA/USDT": 1781750162.3179739, "BIO/USDT": 1781754965.8192444, "BEAT/USDT": 1781759162.5846694, "SIREN/USDT": 1781760061.2154665}, "vals": {"ESPORTS/USDT": 6.58, "HOME/USDT": 17.23, "LAB/USDT": 11.15, "CLO/USDT": 5.06, "H/USDT": 10.89, "SKYAI/USDT": 8.41, "XLM/USDT": 4.44}}