{"set": ["ADA/USDT", "BIRB/USDT", "BREV/USDT", "ENA/USDT", "GRAM/USDT", "LAB/USDT", "M/USDT", "PEPE/USDT", "SLX/USDT", "TLM/USDT", "XRP/USDT"], "left": {"BAS/USDT": 1782990368.4244921, "TAC/USDT": 1782992775.2916791, "LIT/USDT": 1783003309.3451247, "BEAT/USDT": 1783004195.363327, "UB/USDT": 1783008400.485868, "DOGE/USDT": 1783009955.4359713}, "vals": {"PEPE/USDT": 4.39, "BIRB/USDT": 63.67, "BREV/USDT": 22.55, "M/USDT": 39.29, "TLM/USDT": 18.04, "LAB/USDT": 8.21, "SLX/USDT": 4.3, "XRP/USDT": 3.45, "ENA/USDT": 5.54, "ADA/USDT": 4.03, "GRAM/USDT": 5.27}}