{"set": ["KAITO/USDT", "SKYAI/USDT", "TAC/USDT"], "left": {"FLOCK/USDT": 1784246480.3950748, "AKE/USDT": 1784247964.9534473, "LAB/USDT": 1784248559.4605422, "RAVE/USDT": 1784250962.934766, "ESPORTS/USDT": 1784257872.7741404, "CRO/USDT": 1784260880.8118584, "US/USDT": 1784262965.5637314, "BANK/USDT": 1784263270.2682202}, "vals": {"SKYAI/USDT": 11.94, "TAC/USDT": 9.52, "KAITO/USDT": 9.57}}