{"set": ["B/USDT", "BILL/USDT", "JCT/USDT", "VELVET/USDT"], "left": {"LAB/USDT": 1783921560.2379856, "BEAT/USDT": 1783939288.251734, "MAGMA/USDT": 1783941370.7750535, "US/USDT": 1783941690.2604973}, "vals": {"JCT/USDT": 20.66, "BILL/USDT": 10.19, "VELVET/USDT": 27.52, "B/USDT": 14.13}}