{"set": ["AKE/USDT", "BANK/USDT", "ERA/USDT", "O/USDT", "RIF/USDT", "WLFI/USDT"], "left": {"MIRA/USDT": 1784782552.6562068, "ZAMA/USDT": 1784794865.6815906, "LAB/USDT": 1784795502.8769352}, "vals": {"AKE/USDT": 10.27, "BANK/USDT": 7.83, "ERA/USDT": 10.1, "RIF/USDT": 12.44, "WLFI/USDT": 11.28, "O/USDT": 7.52}}