{"set": ["ADA/USDT", "ERA/USDT", "ESPORTS/USDT", "NIGHT/USDT", "US/USDT"], "left": {"BANK/USDT": 1784620901.218681, "B/USDT": 1784621474.4346163, "ENA/USDT": 1784624502.970529, "AKE/USDT": 1784625686.5113473}, "vals": {"ERA/USDT": 49.76, "ESPORTS/USDT": 6.15, "NIGHT/USDT": 3.12, "US/USDT": 9.74, "ADA/USDT": 3.07}}