{"set": ["ACT/USDT", "O/USDT", "RAVE/USDT", "SLX/USDT", "UB/USDT", "VELVET/USDT", "WIF/USDT"], "left": {"BAS/USDT": 1782632469.004419, "BEAT/USDT": 1782640559.905485, "LAB/USDT": 1782645062.3922954, "BTW/USDT": 1782645662.3460834}, "vals": {"UB/USDT": 12.56, "VELVET/USDT": 5.18, "ACT/USDT": 46.95, "SLX/USDT": 5.15, "RAVE/USDT": 22.14, "O/USDT": 17.34, "WIF/USDT": 6.27}}