{"set": ["ENA/USDT", "LAB/USDT", "TRIA/USDT"], "left": {"ZBT/USDT": 1784013089.8568041, "VELVET/USDT": 1784020563.9516664, "BILL/USDT": 1784031969.7101521, "B/USDT": 1784034102.0614977}, "vals": {"TRIA/USDT": 11.36, "LAB/USDT": 18.49, "ENA/USDT": 8.14}}