{"set": ["KAITO/USDT", "NES/USDT", "SLX/USDT", "VANRY/USDT"], "left": {"CLO/USDT": 1783526794.2447305, "LDO/USDT": 1783535191.2500618, "EDGEX/USDT": 1783543319.9738119, "UNI/USDT": 1783544196.627076, "EVAA/USDT": 1783545685.1309726}, "vals": {"VANRY/USDT": 12.06, "NES/USDT": 3.15, "KAITO/USDT": 9.09, "SLX/USDT": 8.57}}