{"set": ["ASTEROID/USDT", "BSB/USDT", "JTO/USDT", "SIREN/USDT", "SKYAI/USDT"], "left": {"ZRO/USDT": 1781568083.7734823, "XRP/USDT": 1781568083.7734823, "CLO/USDT": 1781568083.7734823, "ESPORTS/USDT": 1781568083.7734823, "VELVET/USDT": 1781568354.5492907, "EVAA/USDT": 1781570763.2897978, "XLM/USDT": 1781571065.9299102, "H/USDT": 1781571065.9299102, "BEAT/USDT": 1781580952.8928974, "LAB/USDT": 1781583061.0591125, "FARTCOIN/USDT": 1781583362.0767815}, "vals": {"ASTEROID/USDT": 31.4, "SIREN/USDT": 3.76, "SKYAI/USDT": 4.79, "JTO/USDT": 4.41, "BSB/USDT": 13.82}}