{"set": ["ADA/USDT", "BASED/USDT", "BEAT/USDT", "BTW/USDT", "M/USDT", "SKYAI/USDT", "TAIKO/USDT", "XLM/USDT"], "left": {"TAC/USDT": 1782866152.8073266, "AIGENSYN/USDT": 1782870962.4996216, "H/USDT": 1782878264.681469, "BAS/USDT": 1782879364.6226685, "RAVE/USDT": 1782880563.4311125, "RE/USDT": 1782882087.2449737}, "vals": {"BTW/USDT": 14.9, "BASED/USDT": 3.0, "TAIKO/USDT": 12.1, "M/USDT": 3.88, "XLM/USDT": 4.54, "ADA/USDT": 4.99, "BEAT/USDT": 3.86, "SKYAI/USDT": 6.88}}