{"set": ["ACT/USDT", "ENA/USDT", "O/USDT", "RAVE/USDT", "RE/USDT", "TAC/USDT", "UB/USDT"], "left": {"WIF/USDT": 1782748298.6996446, "GWEI/USDT": 1782751299.420819, "BEAT/USDT": 1782752518.4309266}, "vals": {"TAC/USDT": 150.79, "UB/USDT": 29.49, "RAVE/USDT": 29.32, "ACT/USDT": 10.91, "ENA/USDT": 3.65, "O/USDT": 9.63, "RE/USDT": 26.32}}