{"set": ["AKE/USDT", "AVAAI/USDT", "B/USDT", "BANK/USDT"], "left": {"ESPORTS/USDT": 1784404556.3307226, "US/USDT": 1784405760.0420237, "LAB/USDT": 1784406545.816356}, "vals": {"AKE/USDT": 39.98, "BANK/USDT": 59.04, "AVAAI/USDT": 10.67, "B/USDT": 42.68}}