{"set": ["BAS/USDT", "BTW/USDT", "H/USDT", "M/USDT", "RE/USDT", "TAIKO/USDT", "XLM/USDT"], "left": {"VELVET/USDT": 1782858063.506421, "TAC/USDT": 1782866152.8073266, "BEAT/USDT": 1782867058.0822861, "AIGENSYN/USDT": 1782870962.4996216, "BASED/USDT": 1782873663.6213746}, "vals": {"BAS/USDT": 5.6, "BTW/USDT": 25.41, "TAIKO/USDT": 5.73, "M/USDT": 6.69, "XLM/USDT": 7.97, "RE/USDT": 3.22, "H/USDT": 3.39}}