{"set": ["ASTEROID/USDT", "BEAT/USDT", "BEL/USDT", "BICO/USDT", "BTW/USDT", "CLO/USDT", "EIGEN/USDT", "ESPORTS/USDT", "UB/USDT"], "left": {"SKYAI/USDT": 1781911872.545053, "SYN/USDT": 1781913954.9455822, "BLESS/USDT": 1781913954.9455822, "BASED/USDT": 1781915763.145682, "LAB/USDT": 1781916662.773172, "HEI/USDT": 1781924153.5218754, "BSB/USDT": 1781931963.2144213}, "vals": {"ASTEROID/USDT": 10.44, "UB/USDT": 3.07, "BTW/USDT": 8.23, "ESPORTS/USDT": 5.17, "BEL/USDT": 7.62, "CLO/USDT": 7.06, "BEAT/USDT": 4.6, "EIGEN/USDT": 11.99, "BICO/USDT": 6.77}}