{"set": ["LAB/USDT", "TLM/USDT"], "left": {"VELVET/USDT": 1783231287.6714854, "M/USDT": 1783235156.7288575, "BAS/USDT": 1783236069.9352868, "VANRY/USDT": 1783238757.536727}, "vals": {"LAB/USDT": 7.44, "TLM/USDT": 18.07}}