{"set": ["BEL/USDT", "CLO/USDT", "G/USDT", "LAB/USDT", "SLX/USDT"], "left": {"H/USDT": 1782278166.2508242, "ESPORTS/USDT": 1782285955.3146243, "BTW/USDT": 1782288361.8589675, "BEAT/USDT": 1782288361.8589675}, "vals": {"G/USDT": 11.68, "LAB/USDT": 11.08, "CLO/USDT": 4.0, "SLX/USDT": 23.08, "BEL/USDT": 8.73}}