{"set": ["BEAT/USDT", "BLESS/USDT", "BTW/USDT", "ESPORTS/USDT", "UNI/USDT", "XLM/USDT"], "left": {"SPX/USDT": 1781654485.207243, "JTO/USDT": 1781654485.207243, "ASTEROID/USDT": 1781654485.207243, "LUNC/USDT": 1781654750.7251735, "VELVET/USDT": 1781654750.7251735, "BSB/USDT": 1781655354.1214187, "EVAA/USDT": 1781655959.2465234, "BR/USDT": 1781660456.923042, "H/USDT": 1781668262.6370485, "\u9f99\u867e/USDT": 1781669166.0623226, "SKYAI/USDT": 1781669465.9265976, "SPACE/USDT": 1781669767.8997996, "LAB/USDT": 1781670676.2839704}, "vals": {"BLESS/USDT": 6.22, "BTW/USDT": 24.86, "ESPORTS/USDT": 17.06, "BEAT/USDT": 15.9, "XLM/USDT": 3.84, "UNI/USDT": 7.21}}