{"set": ["LAB/USDT", "M/USDT", "NES/USDT", "TLM/USDT"], "left": {"VELVET/USDT": 1783231287.6714854, "BAS/USDT": 1783236069.9352868, "VANRY/USDT": 1783246269.6802592, "HMSTR/USDT": 1783247154.5459}, "vals": {"LAB/USDT": 3.91, "NES/USDT": 8.43, "M/USDT": 4.04, "TLM/USDT": 15.51}}