{"set": ["ARB/USDT", "BASED/USDT", "ESPORTS/USDT", "SKYAI/USDT", "TAG/USDT"], "left": {"EDGEX/USDT": 1783603011.964125, "ENA/USDT": 1783611999.8889506, "KAITO/USDT": 1783613852.2735386, "VANRY/USDT": 1783615600.371583}, "vals": {"TAG/USDT": 5.45, "ESPORTS/USDT": 26.68, "SKYAI/USDT": 5.54, "BASED/USDT": 23.6, "ARB/USDT": 12.25}}