{"set": ["BAS/USDT", "BEAT/USDT", "H/USDT", "LAB/USDT", "MAGMA/USDT", "SKYAI/USDT", "TNSR/USDT", "UB/USDT"], "left": {"PUMP/USDT": 1782461769.381446, "G/USDT": 1782471687.5486228, "SLX/USDT": 1782476197.4772115, "HEI/USDT": 1782479496.0976372, "BTW/USDT": 1782479795.881762}, "vals": {"UB/USDT": 7.23, "BAS/USDT": 5.87, "LAB/USDT": 5.18, "MAGMA/USDT": 55.35, "BEAT/USDT": 10.79, "SKYAI/USDT": 17.12, "TNSR/USDT": 6.23, "H/USDT": 5.81}}