{"set": ["EVAA/USDT", "KAITO/USDT", "NES/USDT", "SLX/USDT", "VANRY/USDT"], "left": {"UNI/USDT": 1783544196.627076, "LDO/USDT": 1783553159.1583135, "EDGEX/USDT": 1783553159.1583135}, "vals": {"VANRY/USDT": 11.63, "NES/USDT": 6.62, "KAITO/USDT": 8.53, "EVAA/USDT": 4.67, "SLX/USDT": 10.38}}