{"set": ["BEAT/USDT", "LAB/USDT", "MAGMA/USDT", "VELVET/USDT"], "left": {"CLO/USDT": 1783900898.0197139, "VANRY/USDT": 1783900898.0197139, "PIPPIN/USDT": 1783901479.7070339, "ANSEM/USDT": 1783901479.7070339, "DODO/USDT": 1783901479.7070339, "EVAA/USDT": 1783904780.384812, "B/USDT": 1783905680.3467035, "US/USDT": 1783911689.6787868, "T/USDT": 1783912286.0091739}, "vals": {"LAB/USDT": 4.95, "VELVET/USDT": 10.59, "MAGMA/USDT": 7.94, "BEAT/USDT": 3.18}}