{"set": ["BEL/USDT", "BICO/USDT", "BTW/USDT", "EIGEN/USDT", "ESPORTS/USDT"], "left": {"ASTEROID/USDT": 1781940674.0638392, "BEAT/USDT": 1781944562.8452747, "UB/USDT": 1781944562.8452747, "HEI/USDT": 1781949681.8658605, "SKYAI/USDT": 1781951164.1377556, "AGT/USDT": 1781953861.097182, "GALA/USDT": 1781956887.6106508, "CLO/USDT": 1781960479.5293062}, "vals": {"BTW/USDT": 46.43, "ESPORTS/USDT": 6.5, "BEL/USDT": 52.81, "BICO/USDT": 18.86, "EIGEN/USDT": 5.04}}