{"set": ["EDGEX/USDT", "EVAA/USDT", "NES/USDT"], "left": {"TLM/USDT": 1783435315.3536253, "TAC/USDT": 1783437114.274098, "WLFI/USDT": 1783443988.4897203, "BLUR/USDT": 1783453597.7406595, "OPG/USDT": 1783456590.2543561}, "vals": {"EDGEX/USDT": 26.04, "NES/USDT": 10.82, "EVAA/USDT": 148.83}}