{"set": ["BTW/USDT", "O/USDT", "RAVE/USDT", "UB/USDT", "WIF/USDT"], "left": {"BAS/USDT": 1782632469.004419, "SLX/USDT": 1782639721.6716003, "BEAT/USDT": 1782640559.905485, "VELVET/USDT": 1782643860.3154302, "LAB/USDT": 1782645062.3922954}, "vals": {"UB/USDT": 12.96, "RAVE/USDT": 20.26, "BTW/USDT": 3.01, "O/USDT": 16.64, "WIF/USDT": 5.42}}