{"set": ["H/USDT", "IP/USDT"], "left": {"BTW/USDT": 1782426669.73298, "SKYAI/USDT": 1782432091.6756217, "HEI/USDT": 1782432091.6756217, "LAB/USDT": 1782432091.6756217, "BEAT/USDT": 1782432091.6756217, "XPL/USDT": 1782432091.6756217, "SLX/USDT": 1782432091.6756217, "RESOLV/USDT": 1782432091.6756217, "BEL/USDT": 1782432091.6756217, "M/USDT": 1782432363.2367258, "BAS/USDT": 1782432673.1264422, "FARTCOIN/USDT": 1782432673.1264422}, "vals": {"H/USDT": 3.66, "IP/USDT": 4.65}}