{"set": ["BAS/USDT", "BEAT/USDT", "H/USDT", "LAB/USDT", "SKYAI/USDT", "SLX/USDT", "UB/USDT"], "left": {"PUMP/USDT": 1782461769.381446, "TNSR/USDT": 1782470169.4527218, "G/USDT": 1782471687.5486228, "BTW/USDT": 1782472278.3477647}, "vals": {"UB/USDT": 11.2, "BAS/USDT": 6.89, "LAB/USDT": 3.78, "SLX/USDT": 7.97, "BEAT/USDT": 15.33, "SKYAI/USDT": 12.02, "H/USDT": 3.4}}