{"set": ["AIGENSYN/USDT", "BAS/USDT", "BTW/USDT", "H/USDT", "XLM/USDT"], "left": {"VELVET/USDT": 1782858063.506421, "M/USDT": 1782864086.2911942, "TAC/USDT": 1782866152.8073266, "BEAT/USDT": 1782867058.0822861, "TAIKO/USDT": 1782867955.2676673, "RE/USDT": 1782870664.7786376, "BASED/USDT": 1782870664.7786376}, "vals": {"AIGENSYN/USDT": 3.61, "BAS/USDT": 3.61, "BTW/USDT": 14.64, "XLM/USDT": 3.32, "H/USDT": 3.23}}