{"set": ["EPIC/USDT"], "left": {"LIT/USDT": 1783382508.6813967, "US/USDT": 1783383355.9862242, "BILL/USDT": 1783383355.9862242, "BLUR/USDT": 1783383355.9862242, "HMSTR/USDT": 1783383355.9862242, "TRIA/USDT": 1783383355.9862242, "ANSEM/USDT": 1783383355.9862242, "LAB/USDT": 1783392672.6208339, "TLM/USDT": 1783392954.5066206, "NES/USDT": 1783394163.9197767, "VANRY/USDT": 1783397752.7334}, "vals": {"EPIC/USDT": 20.38}}