{"set": ["ALICE/USDT", "EIGEN/USDT", "EPIC/USDT"], "left": {"BICO/USDT": 1782000069.9734209, "GALA/USDT": 1782000069.9734209, "LAB/USDT": 1782000069.9734209, "CLO/USDT": 1782003954.350042, "BEL/USDT": 1782010882.8088453, "SIREN/USDT": 1782011464.8930094, "BTW/USDT": 1782012064.233977, "ESPORTS/USDT": 1782012064.233977, "SLX/USDT": 1782012667.6009367, "BEAT/USDT": 1782012953.728224}, "vals": {"EPIC/USDT": 10.05, "EIGEN/USDT": 3.46, "ALICE/USDT": 15.1}}