{"set": ["EDGEX/USDT", "EVAA/USDT", "NES/USDT", "OPG/USDT"], "left": {"LIT/USDT": 1783434117.5776558, "TLM/USDT": 1783435315.3536253, "TAC/USDT": 1783437114.274098, "WLFI/USDT": 1783443988.4897203, "BLUR/USDT": 1783453597.7406595}, "vals": {"EDGEX/USDT": 25.81, "OPG/USDT": 3.56, "NES/USDT": 12.81, "EVAA/USDT": 144.66}}