{"set": ["ASTEROID/USDT", "BSB/USDT", "FARTCOIN/USDT", "JTO/USDT", "LAB/USDT", "SIREN/USDT", "SKYAI/USDT", "SPACE/USDT"], "left": {"ZRO/USDT": 1781568083.7734823, "XRP/USDT": 1781568083.7734823, "CLO/USDT": 1781568083.7734823, "ESPORTS/USDT": 1781568083.7734823, "VELVET/USDT": 1781568354.5492907, "EVAA/USDT": 1781570763.2897978, "XLM/USDT": 1781571065.9299102, "H/USDT": 1781571065.9299102, "BEAT/USDT": 1781580952.8928974}, "vals": {"ASTEROID/USDT": 27.46, "SPACE/USDT": 25.43, "SIREN/USDT": 4.1, "LAB/USDT": 4.33, "SKYAI/USDT": 8.11, "JTO/USDT": 4.78, "BSB/USDT": 29.38, "FARTCOIN/USDT": 3.6}}