{"set": ["AKE/USDT", "BEAT/USDT", "PUMP/USDT", "RAVE/USDT", "US/USDT"], "left": {"PEPE/USDT": 1784123508.6452532, "PI/USDT": 1784127397.6196728, "BSB/USDT": 1784133132.2227702, "VANRY/USDT": 1784141525.8816984}, "vals": {"AKE/USDT": 213.86, "PUMP/USDT": 11.04, "US/USDT": 31.85, "RAVE/USDT": 12.3, "BEAT/USDT": 6.45}}