{"set": ["BTW/USDT", "CLO/USDT", "EIGEN/USDT", "ENA/USDT", "HMSTR/USDT", "ID/USDT", "UB/USDT"], "left": {"RESOLV/USDT": 1782106571.7805967, "TNSR/USDT": 1782107467.06685, "BEAT/USDT": 1782109558.5650342, "BEL/USDT": 1782114365.9663596, "ADA/USDT": 1782118283.6734467}, "vals": {"UB/USDT": 18.13, "BTW/USDT": 29.27, "HMSTR/USDT": 4.99, "CLO/USDT": 29.51, "ENA/USDT": 9.84, "EIGEN/USDT": 12.43, "ID/USDT": 25.85}}