{"set": ["BAS/USDT", "BASED/USDT", "BTW/USDT", "M/USDT", "RE/USDT", "TAIKO/USDT", "XLM/USDT"], "left": {"VELVET/USDT": 1782858063.506421, "TAC/USDT": 1782866152.8073266, "BEAT/USDT": 1782867058.0822861, "AIGENSYN/USDT": 1782870962.4996216, "H/USDT": 1782876067.9752543}, "vals": {"BAS/USDT": 5.79, "BTW/USDT": 24.47, "BASED/USDT": 3.77, "TAIKO/USDT": 4.59, "M/USDT": 10.21, "XLM/USDT": 8.44, "RE/USDT": 3.14}}