{"set": ["AIGENSYN/USDT", "BTW/USDT", "XLM/USDT"], "left": {"ACT/USDT": 1782786351.228581, "BAS/USDT": 1782792959.6378183, "BEAT/USDT": 1782793259.0445502, "O/USDT": 1782797758.5825481, "VELVET/USDT": 1782799858.5735085, "CAP/USDT": 1782805859.594563, "MYX/USDT": 1782805859.594563, "KAS/USDT": 1782805859.594563, "SYN/USDT": 1782805859.594563}, "vals": {"AIGENSYN/USDT": 10.17, "BTW/USDT": 40.31, "XLM/USDT": 3.72}}