{"set": ["EDGEX/USDT", "KAITO/USDT", "LDO/USDT", "SLX/USDT", "VANRY/USDT"], "left": {"VELVET/USDT": 1783520793.9343097, "CLO/USDT": 1783526794.2447305, "EVAA/USDT": 1783528919.239938, "NES/USDT": 1783533739.831347}, "vals": {"EDGEX/USDT": 10.32, "VANRY/USDT": 14.84, "KAITO/USDT": 8.54, "LDO/USDT": 4.49, "SLX/USDT": 7.05}}