{"set": ["BIO/USDT", "CLO/USDT", "HOME/USDT", "LAB/USDT", "SKYAI/USDT", "XLM/USDT"], "left": {"ENA/USDT": 1781750162.3179739, "BEAT/USDT": 1781759162.5846694, "SIREN/USDT": 1781760061.2154665, "BTW/USDT": 1781769705.2642832, "H/USDT": 1781770285.618861, "ESPORTS/USDT": 1781770868.3157644}, "vals": {"HOME/USDT": 22.35, "LAB/USDT": 18.74, "CLO/USDT": 14.72, "SKYAI/USDT": 8.93, "XLM/USDT": 5.56, "BIO/USDT": 6.45}}