{"set": ["ENA/USDT", "EPIC/USDT", "ESPORTS/USDT", "LAB/USDT", "SIREN/USDT", "TNSR/USDT"], "left": {"EIGEN/USDT": 1782018075.8703148, "BEL/USDT": 1782018959.8330061, "ALICE/USDT": 1782018959.8330061, "BEAT/USDT": 1782026755.5463672, "UB/USDT": 1782036080.2975166}, "vals": {"TNSR/USDT": 61.02, "LAB/USDT": 15.69, "SIREN/USDT": 7.34, "ESPORTS/USDT": 3.66, "ENA/USDT": 4.14, "EPIC/USDT": 9.79}}