{"set": ["ARB/USDT", "EDGEX/USDT", "ENA/USDT", "EVAA/USDT", "TAG/USDT", "US/USDT", "VANRY/USDT"], "left": {"ESPORTS/USDT": 1783641690.7023995, "BASED/USDT": 1783641690.7023995, "SKYAI/USDT": 1783641690.7023995, "TAC/USDT": 1783645561.3696177, "LAB/USDT": 1783655770.6820495}, "vals": {"TAG/USDT": 8.22, "US/USDT": 4.55, "EDGEX/USDT": 6.4, "VANRY/USDT": 3.87, "ENA/USDT": 3.52, "EVAA/USDT": 7.49, "ARB/USDT": 4.46}}