{"set": ["RE/USDT"], "left": {"SNXX/USDT": 1784832996.0208738, "INTC/USDT": 1784841393.8192284, "WLFI/USDT": 1784845876.5699863, "KAITO/USDT": 1784851293.2312274, "ZAMA/USDT": 1784851293.2312274, "IDOL/USDT": 1784851293.2312274, "BEAT/USDT": 1784851293.2312274, "B/USDT": 1784851567.6280499, "BANK/USDT": 1784851852.571697, "RIF/USDT": 1784851852.571697, "BILL/USDT": 1784851852.571697, "ON/USDT": 1784851852.571697, "ESPORTS/USDT": 1784851852.571697, "AKE/USDT": 1784851852.571697}, "vals": {"RE/USDT": 3.92}}