{"set": ["AGT/USDT", "ASTEROID/USDT", "BIO/USDT", "BTW/USDT", "CLO/USDT", "LAB/USDT", "VELVET/USDT"], "left": {"H/USDT": 1781811111.6969812, "FOLKS/USDT": 1781813494.8512738, "SKYAI/USDT": 1781818561.0220134, "XLM/USDT": 1781818867.4912863}, "vals": {"ASTEROID/USDT": 118.51, "AGT/USDT": 3.2, "VELVET/USDT": 32.65, "LAB/USDT": 32.99, "BTW/USDT": 4.9, "CLO/USDT": 11.43, "BIO/USDT": 6.25}}