{"set": ["BASED/USDT", "FARTCOIN/USDT", "GUA/USDT", "LAB/USDT", "MAGMA/USDT", "PIPPIN/USDT", "RAVE/USDT", "RIF/USDT", "TAIKO/USDT"], "left": {"DOGE/USDT": 1783022216.0976863, "O/USDT": 1783033568.7476747, "GRAM/USDT": 1783036900.9390414, "TLM/USDT": 1783036900.9390414, "BREV/USDT": 1783036900.9390414, "ENA/USDT": 1783036900.9390414, "BIRB/USDT": 1783036900.9390414, "PEPE/USDT": 1783036900.9390414, "XRP/USDT": 1783036900.9390414, "M/USDT": 1783036900.9390414, "UB/USDT": 1783036900.9390414, "SLX/USDT": 1783036900.9390414, "BEAT/USDT": 1783036900.9390414, "ADA/USDT": 1783036900.9390414}, "vals": {"BASED/USDT": 9.21, "GUA/USDT": 8.69, "MAGMA/USDT": 16.69, "RIF/USDT": 6.07, "PIPPIN/USDT": 14.08, "FARTCOIN/USDT": 6.1, "TAIKO/USDT": 7.18, "RAVE/USDT": 3.99, "LAB/USDT": 14.95}}