{"set": ["AIGENSYN/USDT", "BSB/USDT", "BTW/USDT", "TAC/USDT"], "left": {"O/USDT": 1782797758.5825481, "VELVET/USDT": 1782799858.5735085, "CAP/USDT": 1782805859.594563, "MYX/USDT": 1782805859.594563, "KAS/USDT": 1782805859.594563, "SYN/USDT": 1782805859.594563, "XLM/USDT": 1782809160.032642}, "vals": {"AIGENSYN/USDT": 7.56, "TAC/USDT": 3.62, "BTW/USDT": 27.78, "BSB/USDT": 3.05}}