{"set": ["ADA/USDT", "BTW/USDT", "CLO/USDT", "EIGEN/USDT", "ENA/USDT", "ID/USDT", "RESOLV/USDT"], "left": {"BEAT/USDT": 1782109558.5650342, "BEL/USDT": 1782123675.9632735, "HMSTR/USDT": 1782124881.5059009, "UB/USDT": 1782127586.5442622, "PEPE/USDT": 1782130306.7978709}, "vals": {"BTW/USDT": 42.55, "RESOLV/USDT": 6.35, "CLO/USDT": 31.79, "ENA/USDT": 10.35, "ADA/USDT": 3.26, "ID/USDT": 18.29, "EIGEN/USDT": 11.58}}