{"set": ["BTW/USDT", "CLO/USDT", "FOLKS/USDT", "HEI/USDT"], "left": {"BIO/USDT": 1781841958.741841, "BASED/USDT": 1781844062.1616166, "ESPORTS/USDT": 1781844956.9527075, "BSB/USDT": 1781854554.125682, "VELVET/USDT": 1781861480.8552368, "BEAT/USDT": 1781862711.2695851}, "vals": {"BTW/USDT": 27.23, "CLO/USDT": 5.81, "FOLKS/USDT": 4.99, "HEI/USDT": 51.93}}