{"set": ["AGLD/USDT", "BAS/USDT", "BEAT/USDT", "ESPORTS/USDT", "H/USDT", "LAB/USDT", "MAGMA/USDT", "SKYAI/USDT", "SLX/USDT", "UB/USDT", "VELVET/USDT"], "left": {"G/USDT": 1782471687.5486228, "BTW/USDT": 1782479795.881762, "PUMP/USDT": 1782482520.7389536, "TNSR/USDT": 1782483095.3601108, "HEI/USDT": 1782483095.3601108, "ADA/USDT": 1782492998.9323025}, "vals": {"UB/USDT": 5.65, "BAS/USDT": 5.3, "MAGMA/USDT": 65.17, "VELVET/USDT": 20.6, "LAB/USDT": 4.13, "AGLD/USDT": 70.08, "SLX/USDT": 3.56, "ESPORTS/USDT": 5.05, "BEAT/USDT": 19.76, "SKYAI/USDT": 20.61, "H/USDT": 8.39}}