{"set": ["BEAT/USDT", "BSB/USDT", "BTW/USDT", "VELVET/USDT"], "left": {"SKYAI/USDT": 1781818561.0220134, "AGT/USDT": 1781822466.085143, "XLM/USDT": 1781827299.6970115, "VIRTUAL/USDT": 1781827549.1006176, "FLOKI/USDT": 1781827549.1006176, "ENA/USDT": 1781827549.1006176, "MYX/USDT": 1781827549.1006176, "POL/USDT": 1781827549.1006176, "ASTEROID/USDT": 1781827549.1006176, "SEI/USDT": 1781827549.1006176, "FET/USDT": 1781827549.1006176, "SYN/USDT": 1781827549.1006176, "PENGU/USDT": 1781827549.1006176, "BIO/USDT": 1781832056.0748942, "CLO/USDT": 1781835055.7451491, "FOLKS/USDT": 1781838358.0832682, "LAB/USDT": 1781839260.977391, "ESPORTS/USDT": 1781839260.977391}, "vals": {"VELVET/USDT": 4.04, "BTW/USDT": 9.73, "BEAT/USDT": 4.34, "BSB/USDT": 4.0}}