{"set": ["TAC/USDT"], "left": {"KAITO/USDT": 1783631165.7486725, "ENA/USDT": 1783638688.140897, "ESPORTS/USDT": 1783641690.7023995, "BASED/USDT": 1783641690.7023995, "TAG/USDT": 1783641690.7023995, "US/USDT": 1783641690.7023995, "ARB/USDT": 1783641690.7023995, "EDGEX/USDT": 1783641690.7023995, "SKYAI/USDT": 1783641690.7023995}, "vals": {"TAC/USDT": 5.19}}