{"set": ["ASTEROID/USDT", "BSB/USDT", "FARTCOIN/USDT", "JTO/USDT", "LAB/USDT", "SKYAI/USDT", "SPACE/USDT", "UNI/USDT", "VELVET/USDT", "XLM/USDT"], "left": {"SIREN/USDT": 1781597485.4952133, "WLFI/USDT": 1781597485.4952133, "ZRO/USDT": 1781607718.8485653, "CHIP/USDT": 1781613111.0452197, "ENA/USDT": 1781615200.7178867, "OPG/USDT": 1781616994.2341707}, "vals": {"ASTEROID/USDT": 18.03, "SPACE/USDT": 13.81, "VELVET/USDT": 4.07, "LAB/USDT": 36.02, "SKYAI/USDT": 11.3, "XLM/USDT": 5.02, "BSB/USDT": 43.41, "JTO/USDT": 19.18, "UNI/USDT": 6.36, "FARTCOIN/USDT": 4.46}}