{"set": ["ADA/USDT", "BAS/USDT", "HMSTR/USDT", "LAB/USDT", "MIRA/USDT", "TAC/USDT", "VANRY/USDT", "VELVET/USDT"], "left": {"XPL/USDT": 1783184489.3585856, "TLM/USDT": 1783191361.11306, "XRP/USDT": 1783196478.0427783, "ARPA/USDT": 1783198560.5781913, "XLM/USDT": 1783201563.3615756}, "vals": {"HMSTR/USDT": 42.59, "VANRY/USDT": 46.14, "LAB/USDT": 155.56, "BAS/USDT": 20.63, "VELVET/USDT": 16.01, "MIRA/USDT": 11.93, "ADA/USDT": 6.46, "TAC/USDT": 4.9}}