{"set": ["AKE/USDT", "ESPORTS/USDT", "US/USDT"], "left": {"LAB/USDT": 1784419277.0800655, "AVAAI/USDT": 1784419277.0800655, "B/USDT": 1784420159.8236463, "BILL/USDT": 1784420159.8236463, "FARTCOIN/USDT": 1784420159.8236463, "BANK/USDT": 1784420159.8236463, "KAITO/USDT": 1784421660.604041}, "vals": {"AKE/USDT": 3.43, "ESPORTS/USDT": 11.72, "US/USDT": 3.37}}