{"set": ["AIGENSYN/USDT", "BTW/USDT", "H/USDT"], "left": {"CAP/USDT": 1782805859.594563, "MYX/USDT": 1782805859.594563, "KAS/USDT": 1782805859.594563, "SYN/USDT": 1782805859.594563, "XLM/USDT": 1782809160.032642, "BSB/USDT": 1782820889.3240445, "TAC/USDT": 1782823865.499517}, "vals": {"AIGENSYN/USDT": 14.25, "BTW/USDT": 29.49, "H/USDT": 9.29}}