{"set": ["ASTEROID/USDT", "BSB/USDT", "FARTCOIN/USDT", "LAB/USDT", "SKYAI/USDT", "SPACE/USDT", "UNI/USDT", "VELVET/USDT", "XLM/USDT"], "left": {"SIREN/USDT": 1781597485.4952133, "WLFI/USDT": 1781597485.4952133, "ENA/USDT": 1781601085.3185346, "ZRO/USDT": 1781602886.1034522, "CHIP/USDT": 1781603197.2761793, "JTO/USDT": 1781603796.0679383}, "vals": {"ASTEROID/USDT": 37.31, "SPACE/USDT": 25.52, "VELVET/USDT": 21.82, "LAB/USDT": 11.76, "SKYAI/USDT": 13.76, "XLM/USDT": 3.97, "BSB/USDT": 34.35, "FARTCOIN/USDT": 7.0, "UNI/USDT": 3.66}}