{"set": ["ENA/USDT", "EPIC/USDT", "RESOLV/USDT", "TNSR/USDT", "UB/USDT"], "left": {"ESPORTS/USDT": 1782039356.6699903, "SIREN/USDT": 1782054081.0560644, "LAB/USDT": 1782055871.3949046, "BEAT/USDT": 1782056760.3448207}, "vals": {"UB/USDT": 34.13, "TNSR/USDT": 46.75, "RESOLV/USDT": 6.34, "ENA/USDT": 3.3, "EPIC/USDT": 11.42}}