{"set": ["NASDAQ:ALZN", "NASDAQ:BTOG", "NASDAQ:DXST", "NASDAQ:EHGO", "NASDAQ:LHAI"], "left": {"NASDAQ:LGCL": 1782979298.6393728, "NASDAQ:CELZ": 1782979298.6393728, "NASDAQ:DGNX": 1782979298.6393728, "NASDAQ:GVH": 1782979298.6393728}, "vals": {"NASDAQ:LHAI": 175.76, "NASDAQ:DXST": 11.59, "NASDAQ:ALZN": 10.0, "NASDAQ:BTOG": 10.4, "NASDAQ:EHGO": 82.31}}