{"set": ["CLO/USDT", "SKYAI/USDT", "VANRY/USDT"], "left": {"LDO/USDT": 1783553159.1583135, "NES/USDT": 1783555311.7287774, "SLX/USDT": 1783555311.7287774, "APE/USDT": 1783556172.0513215, "KAITO/USDT": 1783556172.0513215, "RAVE/USDT": 1783556172.0513215, "FET/USDT": 1783556172.0513215, "ANSEM/USDT": 1783556172.0513215, "UAI/USDT": 1783556172.0513215, "OGN/USDT": 1783556172.0513215, "EVAA/USDT": 1783559488.4230435, "LAB/USDT": 1783564557.8091063, "POWER/USDT": 1783569079.9499648, "EDGEX/USDT": 1783569079.9499648, "TAG/USDT": 1783569695.5747495}, "vals": {"VANRY/USDT": 4.22, "CLO/USDT": 8.01, "SKYAI/USDT": 38.81}}