{"set": ["AGT/USDT", "CLO/USDT", "H/USDT", "LAB/USDT", "SKYAI/USDT", "XLM/USDT"], "left": {"ESPORTS/USDT": 1781770868.3157644, "SIREN/USDT": 1781781403.490746, "HOME/USDT": 1781782903.1298974, "FOLKS/USDT": 1781784118.256047, "BIO/USDT": 1781784395.5034444, "BTW/USDT": 1781784395.5034444}, "vals": {"AGT/USDT": 3.07, "LAB/USDT": 19.63, "CLO/USDT": 21.25, "H/USDT": 12.07, "XLM/USDT": 4.96, "SKYAI/USDT": 8.12}}