{"set": ["CLO/USDT", "EVAA/USDT", "KAITO/USDT", "LDO/USDT", "SLX/USDT"], "left": {"TLM/USDT": 1783501304.8034737, "VANRY/USDT": 1783510888.179123, "VELVET/USDT": 1783520793.9343097, "NES/USDT": 1783521996.1460087, "EDGEX/USDT": 1783522594.8757079}, "vals": {"CLO/USDT": 6.35, "KAITO/USDT": 6.32, "EVAA/USDT": 14.18, "LDO/USDT": 6.42, "SLX/USDT": 9.78}}