{"set": ["AMEX:SLND", "NASDAQ:BIYA", "NASDAQ:GLXG", "NASDAQ:JLHL", "NASDAQ:PMAX", "NASDAQ:TRUG"], "left": {"NASDAQ:DXST": 1784534507.3055255, "NASDAQ:ATPC": 1784534507.3055255, "NASDAQ:TGHL": 1784534507.3055255, "NASDAQ:IQST": 1784534507.3055255}, "vals": {"AMEX:SLND": 68.06, "NASDAQ:TRUG": 16.24, "NASDAQ:GLXG": 11.21, "NASDAQ:BIYA": 38.16, "NASDAQ:PMAX": 17.09, "NASDAQ:JLHL": 14.93}}