{"set": ["ADA/USDT", "ARPA/USDT", "BAS/USDT", "DOGE/USDT", "GUA/USDT", "PEPE/USDT", "ZKP/USDT"], "left": {"TAC/USDT": 1783066278.9986367, "US/USDT": 1783076497.9331872, "M/USDT": 1783077676.7961626, "MAGMA/USDT": 1783084303.3080373, "TLM/USDT": 1783086711.4939227}, "vals": {"PEPE/USDT": 4.5, "ARPA/USDT": 27.98, "ZKP/USDT": 25.01, "BAS/USDT": 24.34, "GUA/USDT": 8.78, "ADA/USDT": 5.58, "DOGE/USDT": 3.13}}