{"set": ["ASTEROID/USDT", "BSB/USDT", "FARTCOIN/USDT", "JTO/USDT", "SKYAI/USDT"], "left": {"ENA/USDT": 1781560892.3096526, "ZRO/USDT": 1781568083.7734823, "XRP/USDT": 1781568083.7734823, "CLO/USDT": 1781568083.7734823, "ESPORTS/USDT": 1781568083.7734823, "VELVET/USDT": 1781568354.5492907, "EVAA/USDT": 1781570763.2897978, "XLM/USDT": 1781571065.9299102, "H/USDT": 1781571065.9299102, "BEAT/USDT": 1781580952.8928974, "SIREN/USDT": 1781581858.4760873, "LAB/USDT": 1781581858.4760873}, "vals": {"ASTEROID/USDT": 29.74, "SKYAI/USDT": 4.38, "JTO/USDT": 4.13, "BSB/USDT": 10.62, "FARTCOIN/USDT": 4.31}}