{"set": ["CLO/USDT", "H/USDT"], "left": {"ESPORTS/USDT": 1782259286.5653002, "BEAT/USDT": 1782259286.5653002, "UB/USDT": 1782260157.580966, "RESOLV/USDT": 1782263161.442205, "HEI/USDT": 1782263758.6866052, "SYN/USDT": 1782263758.6866052, "DYDX/USDT": 1782263758.6866052, "BASED/USDT": 1782263758.6866052, "FARTCOIN/USDT": 1782263758.6866052, "BTW/USDT": 1782264755.647677, "ID/USDT": 1782266473.0195978, "BLESS/USDT": 1782266762.454853}, "vals": {"CLO/USDT": 17.19, "H/USDT": 3.49}}