{"set": ["BEAT/USDT", "BLESS/USDT", "BR/USDT", "BTW/USDT", "ESPORTS/USDT", "LAB/USDT", "UNI/USDT"], "left": {"JTO/USDT": 1781654485.207243, "ASTEROID/USDT": 1781654485.207243, "LUNC/USDT": 1781654750.7251735, "VELVET/USDT": 1781654750.7251735, "BSB/USDT": 1781655354.1214187, "EVAA/USDT": 1781655959.2465234, "H/USDT": 1781668262.6370485, "SKYAI/USDT": 1781669465.9265976, "SPACE/USDT": 1781669767.8997996, "SPX/USDT": 1781672489.5488448, "SIREN/USDT": 1781672760.9604423, "XLM/USDT": 1781673066.4687207, "\u9f99\u867e/USDT": 1781673066.4687207}, "vals": {"BLESS/USDT": 5.1, "BR/USDT": 5.13, "LAB/USDT": 3.46, "BTW/USDT": 29.26, "ESPORTS/USDT": 15.93, "BEAT/USDT": 6.6, "UNI/USDT": 8.79}}