{"set": ["NASDAQ:VSME"], "left": {"NASDAQ:VRA": 1781510501.4915512, "NASDAQ:RKDA": 1781510501.4915512, "NASDAQ:PPCB": 1781510501.4915512, "AMEX:TMDE": 1781510501.4915512, "NASDAQ:GLXG": 1781510501.4915512, "NASDAQ:MTEN": 1781510501.4915512, "NASDAQ:DSY": 1781511379.2763464, "NASDAQ:BYAH": 1781511379.2763464, "NASDAQ:UBXG": 1781511379.2763464, "NASDAQ:CIIT": 1781511379.2763464, "NASDAQ:MASK": 1781511379.2763464, "NASDAQ:AKAN": 1781511379.2763464, "NASDAQ:CUPR": 1781511379.2763464}, "vals": {"NASDAQ:VSME": 59.01}}