{"set": ["ASTEROID/USDT", "BSB/USDT", "FARTCOIN/USDT", "JTO/USDT", "LAB/USDT", "SIREN/USDT"], "left": {"ENA/USDT": 1781560892.3096526, "ZRO/USDT": 1781568083.7734823, "XRP/USDT": 1781568083.7734823, "CLO/USDT": 1781568083.7734823, "ESPORTS/USDT": 1781568083.7734823, "VELVET/USDT": 1781568354.5492907, "EVAA/USDT": 1781570763.2897978, "XLM/USDT": 1781571065.9299102, "H/USDT": 1781571065.9299102, "SKYAI/USDT": 1781580677.2516644, "BEAT/USDT": 1781580952.8928974}, "vals": {"ASTEROID/USDT": 34.82, "SIREN/USDT": 3.1, "LAB/USDT": 3.26, "JTO/USDT": 6.18, "BSB/USDT": 7.85, "FARTCOIN/USDT": 4.79}}