{"set": ["BANK/USDT", "NIGHT/USDT", "RIF/USDT", "ZAMA/USDT"], "left": {"BONK/USDT": 1784745117.2059247, "AKE/USDT": 1784757065.4395466, "ONDO/USDT": 1784762466.1418607, "MIRA/USDT": 1784764885.4666567, "ERA/USDT": 1784764885.4666567, "ENA/USDT": 1784764885.4666567, "LAB/USDT": 1784764885.4666567, "US/USDT": 1784764885.4666567, "RE/USDT": 1784764885.4666567}, "vals": {"BANK/USDT": 25.56, "NIGHT/USDT": 7.99, "ZAMA/USDT": 14.94, "RIF/USDT": 18.52}}