{"set": ["EDGEX/USDT", "EVAA/USDT", "NES/USDT", "SLX/USDT", "TLM/USDT", "VANRY/USDT"], "left": {"OPG/USDT": 1783468890.0904126, "BLUR/USDT": 1783469755.6902192, "US/USDT": 1783472500.8082616, "EPIC/USDT": 1783473673.5877848, "LAB/USDT": 1783474873.5287735, "SKYAI/USDT": 1783476091.7598207, "TAC/USDT": 1783476955.12267, "CLO/USDT": 1783489882.641125}, "vals": {"EDGEX/USDT": 11.72, "VANRY/USDT": 5.46, "NES/USDT": 8.05, "EVAA/USDT": 11.91, "SLX/USDT": 5.66, "TLM/USDT": 4.49}}