{"set": ["ASTEROID/USDT", "CHIP/USDT", "CLO/USDT", "ESPORTS/USDT", "EVAA/USDT", "H/USDT", "JCT/USDT", "JELLYJELLY/USDT", "SIREN/USDT", "SKYAI/USDT"], "left": {"TRADOOR/USDT": 1781481361.106416, "BTW/USDT": 1781481673.613035, "XRP/USDT": 1781481673.613035, "ADA/USDT": 1781481673.613035, "COAI/USDT": 1781484059.012646, "LAB/USDT": 1781486463.1124449, "OPG/USDT": 1781488257.9583573, "BEAT/USDT": 1781490960.807529, "VELVET/USDT": 1781493062.1771092}, "vals": {"ASTEROID/USDT": 126.51, "JCT/USDT": 7.1, "SIREN/USDT": 15.93, "CHIP/USDT": 7.93, "ESPORTS/USDT": 6.39, "JELLYJELLY/USDT": 5.08, "H/USDT": 10.36, "CLO/USDT": 29.28, "EVAA/USDT": 22.11, "SKYAI/USDT": 5.76}}