{"set": ["LAB/USDT", "NES/USDT", "VANRY/USDT"], "left": {"HMSTR/USDT": 1783314962.4727664, "EPIC/USDT": 1783317960.707354, "VELVET/USDT": 1783326359.0054882, "UB/USDT": 1783329958.4682093, "LIT/USDT": 1783333555.6255176, "SLX/USDT": 1783334764.5588627}, "vals": {"VANRY/USDT": 20.79, "LAB/USDT": 3.05, "NES/USDT": 9.71}}