{"set": ["ADA/USDT", "BASED/USDT", "BTW/USDT", "LIT/USDT", "M/USDT", "NFP/USDT", "TAIKO/USDT", "XLM/USDT"], "left": {"SKYAI/USDT": 1782916004.951649, "DYDX/USDT": 1782928922.848585, "BAS/USDT": 1782931300.4252787, "ZBT/USDT": 1782932516.9075289, "O/USDT": 1782936117.144154, "AIGENSYN/USDT": 1782936117.144154}, "vals": {"TAIKO/USDT": 66.37, "NFP/USDT": 600.0, "BASED/USDT": 17.54, "M/USDT": 58.65, "BTW/USDT": 22.9, "ADA/USDT": 6.1, "XLM/USDT": 6.21, "LIT/USDT": 7.51}}