{"set": ["BR/USDT", "BTW/USDT", "ESPORTS/USDT", "EVAA/USDT", "LAB/USDT", "SPX/USDT", "UNI/USDT", "\u9f99\u867e/USDT"], "left": {"H/USDT": 1781668262.6370485, "SKYAI/USDT": 1781669465.9265976, "SIREN/USDT": 1781672760.9604423, "BEAT/USDT": 1781673664.3652246, "SPACE/USDT": 1781676091.3308692, "BLESS/USDT": 1781676970.9589026, "XLM/USDT": 1781679375.7491107}, "vals": {"\u9f99\u867e/USDT": 4.73, "BR/USDT": 8.3, "LAB/USDT": 3.17, "SPX/USDT": 23.12, "BTW/USDT": 18.57, "ESPORTS/USDT": 19.59, "UNI/USDT": 10.19, "EVAA/USDT": 10.58}}