{"set": ["EPIC/USDT", "LIT/USDT", "TLM/USDT"], "left": {"WLFI/USDT": 1783288892.1587539, "ENA/USDT": 1783293677.5100284, "CAP/USDT": 1783296101.7064824, "BTW/USDT": 1783296101.7064824, "NES/USDT": 1783296101.7064824, "UB/USDT": 1783296101.7064824, "LAB/USDT": 1783296671.0950449, "VANRY/USDT": 1783299686.580346, "VELVET/USDT": 1783299686.580346, "SKYAI/USDT": 1783299952.0989566, "MIRA/USDT": 1783300558.3173487}, "vals": {"TLM/USDT": 3.02, "LIT/USDT": 5.2, "EPIC/USDT": 6.76}}