{"set": ["BTW/USDT", "CLO/USDT", "H/USDT", "LAB/USDT", "VELVET/USDT", "XLM/USDT"], "left": {"SIREN/USDT": 1781781403.490746, "HOME/USDT": 1781787725.655748, "AGT/USDT": 1781787725.655748, "BIO/USDT": 1781794001.5678475, "\u9f99\u867e/USDT": 1781794001.5678475, "SKYAI/USDT": 1781796394.919524, "FOLKS/USDT": 1781797901.553368}, "vals": {"LAB/USDT": 21.56, "VELVET/USDT": 33.38, "BTW/USDT": 5.22, "CLO/USDT": 21.05, "H/USDT": 4.97, "XLM/USDT": 6.65}}