{"set": ["BTW/USDT", "H/USDT", "TAC/USDT", "VELVET/USDT", "XLM/USDT"], "left": {"SLX/USDT": 1782838920.917782, "IN/USDT": 1782840398.3848712, "AIGENSYN/USDT": 1782842522.9683788}, "vals": {"TAC/USDT": 3.01, "BTW/USDT": 6.65, "VELVET/USDT": 3.35, "XLM/USDT": 4.39, "H/USDT": 12.79}}