{"set": ["CLO/USDT", "LAB/USDT", "UB/USDT"], "left": {"ESPORTS/USDT": 1782081082.4611847, "RESOLV/USDT": 1782084972.3252332, "WLFI/USDT": 1782084972.3252332, "BEL/USDT": 1782086498.4360116, "BEAT/USDT": 1782086498.4360116, "STO/USDT": 1782087057.9893005, "NAORIS/USDT": 1782087057.9893005, "TNSR/USDT": 1782088568.8975062, "BTW/USDT": 1782089474.391936}, "vals": {"UB/USDT": 5.5, "LAB/USDT": 14.7, "CLO/USDT": 4.57}}