{"set": ["BIRB/USDT", "ENA/USDT", "LIT/USDT", "PEPE/USDT"], "left": {"H/USDT": 1782961281.5942914, "BAS/USDT": 1782966955.2973764, "BASED/USDT": 1782969670.7670445, "M/USDT": 1782975066.4561415, "UB/USDT": 1782978364.7368314, "SLX/USDT": 1782978662.461457, "LAB/USDT": 1782981670.6143816}, "vals": {"PEPE/USDT": 3.1, "BIRB/USDT": 53.42, "ENA/USDT": 9.07, "LIT/USDT": 3.87}}