{"set": ["BEAT/USDT", "BTW/USDT", "ESPORTS/USDT", "H/USDT", "LAB/USDT", "UNI/USDT", "XLM/USDT", "\u9f99\u867e/USDT"], "left": {"SPX/USDT": 1781654485.207243, "JTO/USDT": 1781654485.207243, "SPACE/USDT": 1781654485.207243, "ASTEROID/USDT": 1781654485.207243, "LUNC/USDT": 1781654750.7251735, "BLESS/USDT": 1781654750.7251735, "VELVET/USDT": 1781654750.7251735, "BSB/USDT": 1781655354.1214187, "EVAA/USDT": 1781655959.2465234, "BR/USDT": 1781660456.923042, "SKYAI/USDT": 1781666752.8267365}, "vals": {"\u9f99\u867e/USDT": 4.81, "LAB/USDT": 3.51, "BTW/USDT": 24.49, "ESPORTS/USDT": 13.71, "H/USDT": 4.39, "BEAT/USDT": 9.36, "XLM/USDT": 3.73, "UNI/USDT": 7.3}}