{"set": ["AKE/USDT", "BANK/USDT", "KAITO/USDT", "TAC/USDT"], "left": {"CRO/USDT": 1784260880.8118584, "US/USDT": 1784269265.0068219, "SKYAI/USDT": 1784269265.0068219, "ESPORTS/USDT": 1784272554.7914135}, "vals": {"AKE/USDT": 5.77, "BANK/USDT": 3.99, "TAC/USDT": 17.94, "KAITO/USDT": 13.56}}