{"set": ["ADA/USDT", "BAS/USDT", "BIRB/USDT", "BREV/USDT", "ENA/USDT", "LIT/USDT", "M/USDT", "PEPE/USDT"], "left": {"BASED/USDT": 1782969670.7670445, "LAB/USDT": 1782981670.6143816, "UB/USDT": 1782988568.046464, "SLX/USDT": 1782988872.3451953}, "vals": {"PEPE/USDT": 4.35, "BIRB/USDT": 64.79, "BAS/USDT": 4.13, "BREV/USDT": 40.06, "M/USDT": 15.96, "ADA/USDT": 3.19, "ENA/USDT": 7.79, "LIT/USDT": 3.24}}