{"set": ["ACE/USDT", "BANK/USDT", "BONK/USDT", "HANA/USDT", "HEMI/USDT", "KAITO/USDT", "PI/USDT", "PROM/USDT"], "left": {"LAB/USDT": 1784568398.64854, "B/USDT": 1784570799.41474, "PUMP/USDT": 1784580096.9017098, "ADA/USDT": 1784583970.064891, "ONDO/USDT": 1784584261.1963828, "ENA/USDT": 1784584880.9623516, "PEPE/USDT": 1784585161.0402923}, "vals": {"BONK/USDT": 15.83, "HANA/USDT": 14.92, "HEMI/USDT": 51.44, "BANK/USDT": 19.79, "ACE/USDT": 32.86, "PROM/USDT": 18.39, "KAITO/USDT": 5.04, "PI/USDT": 7.13}}