{"set": ["BIO/USDT", "CLO/USDT", "H/USDT", "HOME/USDT", "LAB/USDT", "SKYAI/USDT", "XLM/USDT"], "left": {"BEAT/USDT": 1781759162.5846694, "SIREN/USDT": 1781760061.2154665, "ESPORTS/USDT": 1781770868.3157644, "BTW/USDT": 1781772670.426987}, "vals": {"HOME/USDT": 26.27, "LAB/USDT": 15.69, "CLO/USDT": 13.61, "H/USDT": 10.29, "SKYAI/USDT": 9.98, "XLM/USDT": 5.86, "BIO/USDT": 7.77}}