{"set": ["BIRB/USDT", "ENA/USDT", "SLX/USDT", "UB/USDT"], "left": {"H/USDT": 1782961281.5942914, "BAS/USDT": 1782966955.2973764, "BASED/USDT": 1782969670.7670445, "M/USDT": 1782975066.4561415, "LAB/USDT": 1782977470.9367676}, "vals": {"UB/USDT": 3.07, "BIRB/USDT": 52.46, "SLX/USDT": 4.87, "ENA/USDT": 7.51}}