{"set": ["ADA/USDT", "ARPA/USDT", "DOGE/USDT", "MAGMA/USDT", "PEPE/USDT", "PIPPIN/USDT", "THE/USDT", "TLM/USDT", "XPL/USDT", "ZKP/USDT"], "left": {"US/USDT": 1783076497.9331872, "M/USDT": 1783077676.7961626, "GUA/USDT": 1783090924.7562869, "BAS/USDT": 1783093300.9886749, "ENA/USDT": 1783093900.4055955, "XRP/USDT": 1783094526.7540724}, "vals": {"PEPE/USDT": 4.63, "ARPA/USDT": 27.2, "ZKP/USDT": 25.27, "THE/USDT": 13.29, "MAGMA/USDT": 7.8, "TLM/USDT": 6.15, "PIPPIN/USDT": 6.57, "XPL/USDT": 18.18, "ADA/USDT": 8.18, "DOGE/USDT": 3.05}}