{"set": ["LAB/USDT", "NES/USDT", "SLX/USDT", "VANRY/USDT"], "left": {"HMSTR/USDT": 1783314962.4727664, "EPIC/USDT": 1783317960.707354, "VELVET/USDT": 1783326359.0054882, "UB/USDT": 1783329958.4682093, "LIT/USDT": 1783333555.6255176}, "vals": {"VANRY/USDT": 18.51, "LAB/USDT": 4.65, "NES/USDT": 9.15, "SLX/USDT": 3.66}}