{"set": ["BAS/USDT", "GUA/USDT", "M/USDT", "MAGMA/USDT", "TLM/USDT", "US/USDT"], "left": {"TAIKO/USDT": 1783045553.4454162, "ADA/USDT": 1783051553.579309, "NFP/USDT": 1783054882.8246603, "VELVET/USDT": 1783057559.6459973, "TAC/USDT": 1783064164.633708}, "vals": {"US/USDT": 3.42, "BAS/USDT": 4.39, "M/USDT": 7.49, "GUA/USDT": 13.19, "TLM/USDT": 12.87, "MAGMA/USDT": 3.24}}