{"set": ["NES/USDT", "VANRY/USDT"], "left": {"HMSTR/USDT": 1783314962.4727664, "EPIC/USDT": 1783317960.707354, "LAB/USDT": 1783319753.3504353, "VELVET/USDT": 1783326359.0054882, "UB/USDT": 1783329958.4682093, "SLX/USDT": 1783332966.7056172, "LIT/USDT": 1783333555.6255176}, "vals": {"VANRY/USDT": 20.19, "NES/USDT": 9.3}}