{"set": ["BEAT/USDT", "EPIC/USDT", "LAB/USDT", "TNSR/USDT", "UB/USDT"], "left": {"ESPORTS/USDT": 1782039356.6699903, "ENA/USDT": 1782040857.9481757, "SIREN/USDT": 1782046878.837981}, "vals": {"UB/USDT": 25.15, "TNSR/USDT": 62.29, "LAB/USDT": 10.75, "EPIC/USDT": 11.65, "BEAT/USDT": 4.66}}