{"set": ["BANK/USDT", "ESPORTS/USDT"], "left": {"ONDO/USDT": 1784318797.1005747, "LRC/USDT": 1784332881.7501092, "ADA/USDT": 1784332881.7501092, "US/USDT": 1784332881.7501092, "XEC/USDT": 1784333454.8118052, "AKE/USDT": 1784335257.1391053}, "vals": {"BANK/USDT": 5.66, "ESPORTS/USDT": 5.19}}