{"set": ["ACE/USDT", "BANK/USDT", "BONK/USDT", "HANA/USDT", "KAITO/USDT", "ONDO/USDT", "PI/USDT", "PROM/USDT"], "left": {"HOME/USDT": 1784561775.2969363, "PEPE/USDT": 1784564500.1598353, "LAB/USDT": 1784568398.64854, "B/USDT": 1784570799.41474, "ENA/USDT": 1784574394.6410167}, "vals": {"BONK/USDT": 7.97, "HANA/USDT": 17.3, "BANK/USDT": 25.71, "ACE/USDT": 64.06, "PROM/USDT": 33.77, "KAITO/USDT": 3.24, "ONDO/USDT": 3.07, "PI/USDT": 7.67}}