{"set": ["BEAT/USDT", "BTW/USDT", "CLO/USDT", "EIGEN/USDT", "ENA/USDT", "UB/USDT"], "left": {"LAB/USDT": 1782090977.8595104, "ADA/USDT": 1782092158.0058637, "BEL/USDT": 1782104478.923448, "RESOLV/USDT": 1782106571.7805967, "TNSR/USDT": 1782107467.06685}, "vals": {"UB/USDT": 20.03, "BTW/USDT": 10.41, "CLO/USDT": 30.21, "ENA/USDT": 7.37, "EIGEN/USDT": 14.95, "BEAT/USDT": 3.0}}