{"set": ["LAB/USDT", "TAG/USDT", "US/USDT"], "left": {"KAITO/USDT": 1783631165.7486725, "ENA/USDT": 1783638688.140897, "ESPORTS/USDT": 1783641690.7023995, "BASED/USDT": 1783641690.7023995, "ARB/USDT": 1783641690.7023995, "SKYAI/USDT": 1783641690.7023995, "EVAA/USDT": 1783645561.3696177, "EDGEX/USDT": 1783645561.3696177, "TAC/USDT": 1783645561.3696177}, "vals": {"TAG/USDT": 9.04, "US/USDT": 4.14, "LAB/USDT": 10.4}}