{"set": ["BIO/USDT", "CLO/USDT", "LAB/USDT", "VELVET/USDT", "XLM/USDT"], "left": {"H/USDT": 1781811111.6969812, "FOLKS/USDT": 1781813494.8512738, "BTW/USDT": 1781817075.7974675, "SKYAI/USDT": 1781818561.0220134, "AGT/USDT": 1781818561.0220134}, "vals": {"VELVET/USDT": 40.31, "LAB/USDT": 34.71, "CLO/USDT": 16.35, "XLM/USDT": 4.05, "BIO/USDT": 6.97}}