{"set": ["B/USDT", "BEAT/USDT", "ESPORTS/USDT", "HOME/USDT", "RE/USDT", "US/USDT"], "left": {"LAB/USDT": 1784855763.4696994, "ZAMA/USDT": 1784856957.7212021, "RIF/USDT": 1784857260.3041213, "BANK/USDT": 1784858155.9180408, "ERA/USDT": 1784870459.8763897, "AKE/USDT": 1784874371.8867524}, "vals": {"HOME/USDT": 9.64, "ESPORTS/USDT": 4.27, "US/USDT": 8.34, "RE/USDT": 19.12, "B/USDT": 4.72, "BEAT/USDT": 6.3}}