{"set": ["ESPORTS/USDT", "JTO/USDT", "SLX/USDT", "VELVET/USDT"], "left": {"LAB/USDT": 1782524459.6813502, "AGLD/USDT": 1782536758.01099, "MAGMA/USDT": 1782536758.01099}, "vals": {"VELVET/USDT": 37.97, "ESPORTS/USDT": 7.14, "SLX/USDT": 11.55, "JTO/USDT": 3.52}}