{"set": ["AGT/USDT", "CLO/USDT", "LAB/USDT", "VELVET/USDT", "XLM/USDT"], "left": {"SIREN/USDT": 1781781403.490746, "HOME/USDT": 1781787725.655748, "\u9f99\u867e/USDT": 1781794001.5678475, "FOLKS/USDT": 1781797901.553368, "BTW/USDT": 1781799711.271432, "SKYAI/USDT": 1781802119.5223782, "H/USDT": 1781802119.5223782, "BIO/USDT": 1781802119.5223782}, "vals": {"AGT/USDT": 3.24, "LAB/USDT": 23.96, "VELVET/USDT": 61.15, "CLO/USDT": 15.7, "XLM/USDT": 7.15}}