{"set": ["ADA/USDT", "BIRB/USDT", "BREV/USDT", "DOGE/USDT", "ENA/USDT", "M/USDT", "PEPE/USDT", "TLM/USDT", "XRP/USDT"], "left": {"SLX/USDT": 1782988872.3451953, "BAS/USDT": 1782990368.4244921, "TAC/USDT": 1782992775.2916791, "LAB/USDT": 1782997570.1451452, "LIT/USDT": 1783003309.3451247, "UB/USDT": 1783003309.3451247}, "vals": {"PEPE/USDT": 4.74, "BIRB/USDT": 67.76, "BREV/USDT": 25.49, "M/USDT": 34.7, "TLM/USDT": 19.3, "XRP/USDT": 3.46, "DOGE/USDT": 3.05, "ENA/USDT": 8.8, "ADA/USDT": 3.84}}