{"set": ["ASTEROID/USDT", "BSB/USDT", "ESPORTS/USDT", "EVAA/USDT", "FARTCOIN/USDT", "JTO/USDT", "SIREN/USDT", "XLM/USDT", "XRP/USDT", "ZRO/USDT"], "left": {"TRADOOR/USDT": 1781535721.159713, "ADA/USDT": 1781542302.2382748, "WLFI/USDT": 1781545603.9212775, "CHIP/USDT": 1781550146.310581, "ENA/USDT": 1781551306.9101093, "PEPE/USDT": 1781551306.9101093, "CLO/USDT": 1781554900.4373899}, "vals": {"ASTEROID/USDT": 66.28, "SIREN/USDT": 5.59, "EVAA/USDT": 70.09, "ESPORTS/USDT": 6.02, "XRP/USDT": 7.32, "ZRO/USDT": 16.6, "XLM/USDT": 15.7, "JTO/USDT": 37.48, "BSB/USDT": 34.83, "FARTCOIN/USDT": 8.3}}