{"set": ["BTW/USDT", "CLO/USDT", "EIGEN/USDT", "ENA/USDT", "ID/USDT"], "left": {"TNSR/USDT": 1782107467.06685, "BEAT/USDT": 1782109558.5650342, "ADA/USDT": 1782118283.6734467, "BEL/USDT": 1782123675.9632735, "HMSTR/USDT": 1782124881.5059009, "RESOLV/USDT": 1782125482.773718, "UB/USDT": 1782127586.5442622}, "vals": {"BTW/USDT": 42.69, "CLO/USDT": 30.56, "ENA/USDT": 10.04, "ID/USDT": 21.63, "EIGEN/USDT": 11.58}}