{"set": ["B/USDT", "EVAA/USDT", "LAB/USDT", "T/USDT"], "left": {"PEPE/USDT": 1783890961.1996794, "CLO/USDT": 1783900898.0197139, "BEAT/USDT": 1783900898.0197139, "VANRY/USDT": 1783900898.0197139, "PIPPIN/USDT": 1783901479.7070339, "ANSEM/USDT": 1783901479.7070339, "DODO/USDT": 1783901479.7070339, "VELVET/USDT": 1783904493.431863}, "vals": {"T/USDT": 3.33, "LAB/USDT": 4.62, "B/USDT": 3.51, "EVAA/USDT": 6.21}}