{"set": ["BIO/USDT", "CLO/USDT", "LAB/USDT", "SKYAI/USDT", "VELVET/USDT", "XLM/USDT"], "left": {"H/USDT": 1781811111.6969812, "FOLKS/USDT": 1781813494.8512738, "BTW/USDT": 1781817075.7974675, "AGT/USDT": 1781817075.7974675}, "vals": {"VELVET/USDT": 45.1, "LAB/USDT": 31.11, "CLO/USDT": 14.64, "XLM/USDT": 5.87, "SKYAI/USDT": 4.97, "BIO/USDT": 6.48}}