{"set": ["BAS/USDT", "BEAT/USDT", "ESPORTS/USDT", "H/USDT", "LAB/USDT", "MAGMA/USDT", "SKYAI/USDT", "SLX/USDT", "UB/USDT", "VELVET/USDT"], "left": {"G/USDT": 1782471687.5486228, "BTW/USDT": 1782479795.881762, "PUMP/USDT": 1782482520.7389536, "TNSR/USDT": 1782483095.3601108, "HEI/USDT": 1782483095.3601108, "ADA/USDT": 1782490900.3150237}, "vals": {"UB/USDT": 4.75, "BAS/USDT": 7.0, "MAGMA/USDT": 64.13, "VELVET/USDT": 30.75, "LAB/USDT": 5.47, "SLX/USDT": 5.14, "ESPORTS/USDT": 10.84, "BEAT/USDT": 15.34, "SKYAI/USDT": 19.13, "H/USDT": 7.73}}