{"set": ["EPIC/USDT", "LAB/USDT", "TNSR/USDT"], "left": {"BEAT/USDT": 1782026755.5463672, "UB/USDT": 1782036080.2975166, "ESPORTS/USDT": 1782039356.6699903, "ENA/USDT": 1782040857.9481757, "SIREN/USDT": 1782043281.360454}, "vals": {"TNSR/USDT": 64.95, "LAB/USDT": 19.91, "EPIC/USDT": 10.54}}