{"set": ["ENA/USDT", "LAB/USDT"], "left": {"T/USDT": 1784000475.9117653, "VELVET/USDT": 1784011885.3346896, "B/USDT": 1784012155.473918, "ZBT/USDT": 1784012155.473918}, "vals": {"LAB/USDT": 22.23, "ENA/USDT": 4.68}}