{"set": ["BAS/USDT", "BTW/USDT", "LAB/USDT", "RAVE/USDT", "UB/USDT"], "left": {"WIF/USDT": 1782604885.0212393, "S/USDT": 1782605457.9097173, "RE/USDT": 1782605457.9097173, "VELVET/USDT": 1782605457.9097173, "SLX/USDT": 1782606666.9862638, "M/USDT": 1782607259.478217, "MYX/USDT": 1782612657.5769546, "PIEVERSE/USDT": 1782620755.9253287, "BEAT/USDT": 1782622262.459284}, "vals": {"UB/USDT": 8.81, "BAS/USDT": 5.98, "LAB/USDT": 4.59, "BTW/USDT": 9.13, "RAVE/USDT": 5.91}}