{"set": ["ACT/USDT", "AGLD/USDT", "BEAT/USDT", "O/USDT", "RAVE/USDT", "RE/USDT", "TAC/USDT", "UB/USDT"], "left": {"WIF/USDT": 1782748298.6996446, "GWEI/USDT": 1782751299.420819, "ADA/USDT": 1782755498.7968976, "ENA/USDT": 1782758799.5168116}, "vals": {"TAC/USDT": 164.82, "UB/USDT": 41.85, "RAVE/USDT": 35.69, "ACT/USDT": 15.82, "O/USDT": 9.01, "RE/USDT": 28.48, "BEAT/USDT": 3.05, "AGLD/USDT": 22.4}}