{"set": ["ACT/USDT", "AGLD/USDT", "BEAT/USDT", "O/USDT", "RAVE/USDT", "RE/USDT", "TAC/USDT", "UB/USDT"], "left": {"WIF/USDT": 1782748298.6996446, "GWEI/USDT": 1782751299.420819, "ADA/USDT": 1782755498.7968976, "ENA/USDT": 1782758799.5168116}, "vals": {"TAC/USDT": 170.32, "UB/USDT": 40.84, "RAVE/USDT": 30.75, "ACT/USDT": 15.0, "O/USDT": 8.48, "RE/USDT": 31.12, "BEAT/USDT": 3.23, "AGLD/USDT": 19.66}}