{"set": ["BIO/USDT", "BTW/USDT", "CLO/USDT", "FOLKS/USDT", "H/USDT", "LAB/USDT", "SKYAI/USDT", "XLM/USDT"], "left": {"ESPORTS/USDT": 1781770868.3157644, "AGT/USDT": 1781780578.2122939, "SIREN/USDT": 1781781403.490746, "HOME/USDT": 1781782903.1298974}, "vals": {"LAB/USDT": 21.6, "BTW/USDT": 3.78, "CLO/USDT": 22.15, "H/USDT": 10.81, "XLM/USDT": 4.75, "SKYAI/USDT": 11.73, "FOLKS/USDT": 12.96, "BIO/USDT": 3.89}}