{"set": ["B/USDT", "SXT/USDT"], "left": {"ENA/USDT": 1783801277.7370703, "ADA/USDT": 1783801277.7370703, "ARB/USDT": 1783812358.1646605, "T/USDT": 1783814490.6812153, "CLO/USDT": 1783814490.6812153, "XPIN/USDT": 1783814490.6812153}, "vals": {"B/USDT": 3.62, "SXT/USDT": 26.52}}