{"set": ["EDGEX/USDT", "EVAA/USDT", "NES/USDT"], "left": {"M/USDT": 1783429313.8417206, "VANRY/USDT": 1783430493.8190887, "LIT/USDT": 1783434117.5776558, "TLM/USDT": 1783435315.3536253, "TAC/USDT": 1783437114.274098, "BLUR/USDT": 1783442511.6459513, "OPG/USDT": 1783443388.7794688, "WLFI/USDT": 1783443988.4897203}, "vals": {"EDGEX/USDT": 26.42, "NES/USDT": 7.14, "EVAA/USDT": 145.85}}