{"set": ["ACE/USDT", "BANK/USDT", "BONK/USDT", "ENA/USDT", "HANA/USDT", "HEMI/USDT", "KAITO/USDT", "PI/USDT", "PROM/USDT"], "left": {"LAB/USDT": 1784568398.64854, "B/USDT": 1784570799.41474, "PUMP/USDT": 1784580096.9017098, "ADA/USDT": 1784583970.064891, "ONDO/USDT": 1784584261.1963828, "PEPE/USDT": 1784585161.0402923}, "vals": {"BONK/USDT": 14.4, "HANA/USDT": 18.47, "HEMI/USDT": 52.83, "BANK/USDT": 18.89, "ACE/USDT": 35.47, "PROM/USDT": 21.14, "ENA/USDT": 3.16, "KAITO/USDT": 4.62, "PI/USDT": 5.18}}