{"set": ["BIRB/USDT", "ENA/USDT", "LIT/USDT"], "left": {"H/USDT": 1782961281.5942914, "BAS/USDT": 1782966955.2973764, "BASED/USDT": 1782969670.7670445, "M/USDT": 1782975066.4561415, "UB/USDT": 1782978364.7368314, "SLX/USDT": 1782978662.461457, "LAB/USDT": 1782981670.6143816}, "vals": {"BIRB/USDT": 55.98, "ENA/USDT": 7.97, "LIT/USDT": 4.59}}