{"set": ["BEAT/USDT", "BEL/USDT", "BICO/USDT", "BTW/USDT", "EIGEN/USDT", "ESPORTS/USDT"], "left": {"HEI/USDT": 1781924153.5218754, "ENA/USDT": 1781936761.9218526, "BSB/USDT": 1781937073.213171, "CLO/USDT": 1781938881.122302, "UB/USDT": 1781938881.122302, "ASTEROID/USDT": 1781939160.596044}, "vals": {"BTW/USDT": 21.88, "ESPORTS/USDT": 7.42, "BEL/USDT": 34.99, "BEAT/USDT": 7.65, "EIGEN/USDT": 8.35, "BICO/USDT": 17.06}}