{"set": ["ADA/USDT", "BIRB/USDT", "BREV/USDT", "DOGE/USDT", "ENA/USDT", "LIT/USDT", "M/USDT", "PEPE/USDT", "TLM/USDT", "XRP/USDT"], "left": {"SLX/USDT": 1782988872.3451953, "BAS/USDT": 1782990368.4244921, "TAC/USDT": 1782992775.2916791, "UB/USDT": 1782997570.1451452, "LAB/USDT": 1782997570.1451452}, "vals": {"PEPE/USDT": 6.72, "BIRB/USDT": 71.09, "BREV/USDT": 29.41, "M/USDT": 29.4, "TLM/USDT": 3.45, "XRP/USDT": 5.51, "ADA/USDT": 5.4, "ENA/USDT": 10.79, "DOGE/USDT": 4.39, "LIT/USDT": 4.64}}