{"set": ["AKE/USDT", "BANK/USDT", "US/USDT"], "left": {"BEAT/USDT": 1784160096.0925872, "PUMP/USDT": 1784160096.0925872, "ROAM/USDT": 1784160352.5193465, "ONDO/USDT": 1784160352.5193465, "LAB/USDT": 1784160957.2544622, "PI/USDT": 1784169683.306033, "VELVET/USDT": 1784170555.7320085, "VANRY/USDT": 1784174756.4903207, "SKL/USDT": 1784178963.9165957, "RAVE/USDT": 1784180155.5113678}, "vals": {"AKE/USDT": 20.75, "BANK/USDT": 8.02, "US/USDT": 25.64}}