{"set": ["BANK/USDT", "KAITO/USDT", "SKYAI/USDT", "TAC/USDT"], "left": {"FLOCK/USDT": 1784246480.3950748, "AKE/USDT": 1784247964.9534473, "LAB/USDT": 1784248559.4605422, "RAVE/USDT": 1784250962.934766, "ESPORTS/USDT": 1784257872.7741404, "CRO/USDT": 1784260880.8118584, "US/USDT": 1784262965.5637314}, "vals": {"BANK/USDT": 3.25, "SKYAI/USDT": 11.6, "TAC/USDT": 9.17, "KAITO/USDT": 9.43}}