{"set": ["ADA/USDT", "BAS/USDT", "BASED/USDT", "BTW/USDT", "O/USDT", "SKYAI/USDT", "TAIKO/USDT", "XLM/USDT"], "left": {"AIGENSYN/USDT": 1782870962.4996216, "H/USDT": 1782878264.681469, "RAVE/USDT": 1782880563.4311125, "RE/USDT": 1782882087.2449737, "BEAT/USDT": 1782887166.1826334, "M/USDT": 1782890466.8994803}, "vals": {"BAS/USDT": 3.7, "BTW/USDT": 20.34, "BASED/USDT": 16.09, "TAIKO/USDT": 9.94, "XLM/USDT": 6.16, "ADA/USDT": 4.44, "O/USDT": 9.74, "SKYAI/USDT": 12.94}}