{"set": ["AIOT/USDT", "ALLO/USDT", "ANSEM/USDT", "DEXE/USDT", "VELVET/USDT"], "left": {"US/USDT": 1783972934.413395, "BEAT/USDT": 1783974732.8572874, "JCT/USDT": 1783987300.7984977, "BILL/USDT": 1783987300.7984977, "LAB/USDT": 1783988484.2526884, "T/USDT": 1783989094.4526398}, "vals": {"AIOT/USDT": 21.7, "ANSEM/USDT": 5.59, "VELVET/USDT": 6.74, "ALLO/USDT": 8.72, "DEXE/USDT": 3.62}}