{"set": ["BAS/USDT", "LAB/USDT", "TLM/USDT", "VANRY/USDT"], "left": {"MAGMA/USDT": 1783214152.3033066, "HMSTR/USDT": 1783216271.6822398, "VELVET/USDT": 1783231287.6714854, "M/USDT": 1783235156.7288575}, "vals": {"VANRY/USDT": 7.39, "LAB/USDT": 5.13, "BAS/USDT": 3.82, "TLM/USDT": 11.06}}