{"set": ["EDGEX/USDT", "EVAA/USDT", "NES/USDT"], "left": {"LIT/USDT": 1783434117.5776558, "TLM/USDT": 1783435315.3536253, "TAC/USDT": 1783437114.274098, "WLFI/USDT": 1783443988.4897203, "BLUR/USDT": 1783453597.7406595, "OPG/USDT": 1783454791.9285448}, "vals": {"EDGEX/USDT": 26.48, "NES/USDT": 11.22, "EVAA/USDT": 142.49}}