{"set": ["BANK/USDT", "LAB/USDT"], "left": {"XRP/USDT": 1784671291.06272, "LA/USDT": 1784678493.154449, "ENA/USDT": 1784678493.154449, "ERA/USDT": 1784678493.154449, "ONDO/USDT": 1784678493.154449, "GRAM/USDT": 1784678493.154449, "ONE/USDT": 1784678493.154449, "FWDISTOCK/USDT": 1784679653.758968, "ESPORTS/USDT": 1784679653.758968, "NIGHT/USDT": 1784679653.758968, "AKE/USDT": 1784679653.758968, "B/USDT": 1784679653.758968, "PUMPFUN/USDT": 1784679653.758968}, "vals": {"BANK/USDT": 4.22, "LAB/USDT": 7.1}}