{"set": ["CLO/USDT", "ESPORTS/USDT", "FOLKS/USDT", "LAYER/USDT", "RESOLV/USDT"], "left": {"H/USDT": 1782193564.0633771, "HMSTR/USDT": 1782194477.5189312, "MMT/USDT": 1782203167.1947546, "ID/USDT": 1782203167.1947546, "BEL/USDT": 1782203478.1150124}, "vals": {"RESOLV/USDT": 10.98, "ESPORTS/USDT": 12.54, "CLO/USDT": 17.06, "LAYER/USDT": 8.08, "FOLKS/USDT": 6.95}}