{"set": ["BAS/USDT", "BEAT/USDT", "ESPORTS/USDT", "H/USDT", "LAB/USDT", "RESOLV/USDT", "SKYAI/USDT", "SLX/USDT"], "left": {"CLO/USDT": 1782349281.2013028, "SAHARA/USDT": 1782350757.2498891, "ID/USDT": 1782356478.811467, "BTW/USDT": 1782358562.166448, "EVAA/USDT": 1782360077.2447712}, "vals": {"BAS/USDT": 8.24, "LAB/USDT": 3.03, "SLX/USDT": 15.95, "ESPORTS/USDT": 14.81, "RESOLV/USDT": 8.7, "BEAT/USDT": 7.44, "H/USDT": 11.71, "SKYAI/USDT": 6.09}}