{"set": ["BLUR/USDT", "OPG/USDT", "TAC/USDT", "TLM/USDT", "WLFI/USDT"], "left": {"EPIC/USDT": 1783410365.9587643, "NES/USDT": 1783428691.6485453, "M/USDT": 1783429313.8417206, "VANRY/USDT": 1783430493.8190887}, "vals": {"BLUR/USDT": 12.08, "OPG/USDT": 9.72, "TAC/USDT": 58.3, "WLFI/USDT": 4.03, "TLM/USDT": 3.1}}