{"set": ["ASTEROID/USDT", "BSB/USDT", "ESPORTS/USDT", "EVAA/USDT", "FARTCOIN/USDT", "JTO/USDT", "XLM/USDT", "XRP/USDT", "ZRO/USDT"], "left": {"TRADOOR/USDT": 1781535721.159713, "ADA/USDT": 1781542302.2382748, "WLFI/USDT": 1781545603.9212775, "CHIP/USDT": 1781550146.310581, "PEPE/USDT": 1781551306.9101093, "CLO/USDT": 1781555509.6523776, "ENA/USDT": 1781556408.3552203, "SIREN/USDT": 1781557004.5051305}, "vals": {"ASTEROID/USDT": 78.19, "EVAA/USDT": 61.98, "ESPORTS/USDT": 3.42, "XRP/USDT": 6.57, "ZRO/USDT": 16.28, "XLM/USDT": 16.71, "JTO/USDT": 34.47, "BSB/USDT": 31.97, "FARTCOIN/USDT": 3.04}}