{"set": ["BANK/USDT", "KAITO/USDT", "TAC/USDT"], "left": {"RAVE/USDT": 1784250962.934766, "ESPORTS/USDT": 1784257872.7741404, "CRO/USDT": 1784260880.8118584, "US/USDT": 1784269265.0068219, "SKYAI/USDT": 1784269265.0068219}, "vals": {"BANK/USDT": 3.46, "TAC/USDT": 9.87, "KAITO/USDT": 13.22}}