{"JCT/USDT": 1781386167.7373383, "COAI/USDT": 1781386167.7373383, "VELVET/USDT": 1781384600.1676564, "RIF/USDT": 1781386167.7373383, "BEAT/USDT": 1781386167.7373383, "XPL/USDT": 1781386167.7373383, "H/USDT": 1781386167.7373383, "SKYAI/USDT": 1781386167.7373383, "ENA/USDT": 1781386167.7373383}