{"set": ["CLO/USDT", "FOLKS/USDT", "H/USDT", "LAB/USDT", "XLM/USDT"], "left": {"SIREN/USDT": 1781781403.490746, "HOME/USDT": 1781787725.655748, "AGT/USDT": 1781787725.655748, "BTW/USDT": 1781792674.8736277, "BIO/USDT": 1781794001.5678475, "\u9f99\u867e/USDT": 1781794001.5678475, "SKYAI/USDT": 1781796394.919524}, "vals": {"LAB/USDT": 21.76, "CLO/USDT": 20.84, "H/USDT": 8.24, "XLM/USDT": 7.49, "FOLKS/USDT": 18.03}}