{"set": ["AGT/USDT", "ASTER/USDT", "BLESS/USDT", "BSB/USDT", "CLO/USDT", "ENA/USDT", "ESPORTS/USDT", "SPX/USDT", "XPL/USDT"], "left": {"SIREN/USDT": 1781706106.1390588, "BTW/USDT": 1781719603.0196798, "BR/USDT": 1781720501.8672824, "CFX/USDT": 1781722917.0172505, "XLM/USDT": 1781725003.0981574}, "vals": {"AGT/USDT": 107.21, "BLESS/USDT": 3.42, "ESPORTS/USDT": 47.39, "SPX/USDT": 13.98, "ASTER/USDT": 9.94, "XPL/USDT": 29.38, "CLO/USDT": 16.99, "ENA/USDT": 5.73, "BSB/USDT": 7.26}}