{"set": ["BEAT/USDT", "RESOLV/USDT", "TNSR/USDT", "UB/USDT"], "left": {"SIREN/USDT": 1782054081.0560644, "LAB/USDT": 1782055871.3949046, "ENA/USDT": 1782058561.4018724, "EPIC/USDT": 1782063361.0904973}, "vals": {"UB/USDT": 41.98, "TNSR/USDT": 41.16, "RESOLV/USDT": 24.68, "BEAT/USDT": 3.78}}