{"set": ["ADA/USDT", "ARPA/USDT", "BAS/USDT", "GUA/USDT", "PEPE/USDT", "ZKP/USDT"], "left": {"TAC/USDT": 1783066278.9986367, "US/USDT": 1783076497.9331872, "M/USDT": 1783077676.7961626, "MAGMA/USDT": 1783084303.3080373, "TLM/USDT": 1783086711.4939227}, "vals": {"PEPE/USDT": 4.58, "ARPA/USDT": 30.58, "ZKP/USDT": 24.86, "BAS/USDT": 23.34, "GUA/USDT": 7.89, "ADA/USDT": 5.58}}