{"set": ["BTW/USDT", "CLO/USDT", "ESPORTS/USDT", "LAYER/USDT", "MMT/USDT", "RESOLV/USDT"], "left": {"H/USDT": 1782193564.0633771, "HMSTR/USDT": 1782194477.5189312, "ID/USDT": 1782203167.1947546, "BEL/USDT": 1782203478.1150124, "FOLKS/USDT": 1782206171.7866685}, "vals": {"BTW/USDT": 5.17, "RESOLV/USDT": 27.34, "MMT/USDT": 4.04, "ESPORTS/USDT": 16.54, "CLO/USDT": 3.82, "LAYER/USDT": 7.03}}