{"set": ["AKE/USDT", "BEAT/USDT", "PUMP/USDT", "US/USDT", "VANRY/USDT"], "left": {"KAITO/USDT": 1784117169.435723, "PEPE/USDT": 1784123508.6452532, "PI/USDT": 1784127397.6196728}, "vals": {"AKE/USDT": 345.79, "PUMP/USDT": 8.13, "US/USDT": 31.15, "VANRY/USDT": 7.23, "BEAT/USDT": 3.31}}