{"set": ["BTW/USDT", "ESPORTS/USDT", "H/USDT", "LAB/USDT"], "left": {"MEGA/USDT": 1781430421.0614576, "JCT/USDT": 1781430726.673498, "COAI/USDT": 1781430726.673498, "SKYAI/USDT": 1781434601.3338828, "XPL/USDT": 1781434933.697731, "VELVET/USDT": 1781442125.9810977}, "vals": {"ESPORTS/USDT": 13.18, "H/USDT": 24.59, "BTW/USDT": 3.57, "LAB/USDT": 5.89}}