{"set": ["ADA/USDT", "ARPA/USDT", "BAS/USDT", "DOGE/USDT", "PEPE/USDT", "THE/USDT", "XPL/USDT", "ZKP/USDT"], "left": {"US/USDT": 1783076497.9331872, "M/USDT": 1783077676.7961626, "TLM/USDT": 1783086711.4939227, "GUA/USDT": 1783090924.7562869, "ENA/USDT": 1783092107.0772421, "XRP/USDT": 1783092398.257237, "MAGMA/USDT": 1783092398.257237}, "vals": {"PEPE/USDT": 4.87, "ARPA/USDT": 30.7, "ZKP/USDT": 25.89, "BAS/USDT": 8.42, "THE/USDT": 15.77, "XPL/USDT": 16.5, "ADA/USDT": 5.89, "DOGE/USDT": 3.03}}