{"set": ["ADA/USDT", "BEAT/USDT", "BTW/USDT", "M/USDT", "SKYAI/USDT", "TAIKO/USDT", "XLM/USDT"], "left": {"TAC/USDT": 1782866152.8073266, "AIGENSYN/USDT": 1782870962.4996216, "H/USDT": 1782878264.681469, "BASED/USDT": 1782879071.5931277, "BAS/USDT": 1782879364.6226685, "RE/USDT": 1782879964.7009716}, "vals": {"BTW/USDT": 19.58, "TAIKO/USDT": 4.08, "M/USDT": 10.47, "XLM/USDT": 7.09, "ADA/USDT": 3.88, "SKYAI/USDT": 4.36, "BEAT/USDT": 11.6}}