{"set": ["BEAT/USDT", "ESPORTS/USDT", "EVAA/USDT", "ID/USDT"], "left": {"ENA/USDT": 1782346254.9399734, "O/USDT": 1782346254.9399734, "FET/USDT": 1782346254.9399734, "UB/USDT": 1782346254.9399734, "JUP/USDT": 1782346254.9399734, "SEI/USDT": 1782346254.9399734, "SLX/USDT": 1782346254.9399734, "ONDO/USDT": 1782346254.9399734, "CLO/USDT": 1782349281.2013028, "BTW/USDT": 1782349281.2013028, "SAHARA/USDT": 1782350757.2498891, "LAB/USDT": 1782352566.9077063, "BAS/USDT": 1782354668.369352}, "vals": {"ESPORTS/USDT": 7.36, "BEAT/USDT": 3.41, "EVAA/USDT": 3.78, "ID/USDT": 12.08}}