{"set": ["EPIC/USDT", "NES/USDT", "VANRY/USDT"], "left": {"LIT/USDT": 1783382508.6813967, "US/USDT": 1783383355.9862242, "BILL/USDT": 1783383355.9862242, "BLUR/USDT": 1783383355.9862242, "HMSTR/USDT": 1783383355.9862242, "TRIA/USDT": 1783383355.9862242, "ANSEM/USDT": 1783383355.9862242, "LAB/USDT": 1783392672.6208339, "TLM/USDT": 1783392954.5066206}, "vals": {"VANRY/USDT": 16.84, "NES/USDT": 3.01, "EPIC/USDT": 16.04}}