{"set": ["AKE/USDT", "B/USDT", "BANK/USDT"], "left": {"ESPORTS/USDT": 1784354475.1167405, "LAB/USDT": 1784372152.5391364}, "vals": {"AKE/USDT": 24.77, "BANK/USDT": 3.09, "B/USDT": 55.66}}