{"set": ["ADA/USDT", "AGLD/USDT", "BAS/USDT", "BEAT/USDT", "H/USDT", "LAB/USDT", "MAGMA/USDT", "SKYAI/USDT", "UB/USDT", "VELVET/USDT"], "left": {"BTW/USDT": 1782479795.881762, "PUMP/USDT": 1782482520.7389536, "TNSR/USDT": 1782483095.3601108, "HEI/USDT": 1782483095.3601108, "SLX/USDT": 1782493593.7465844, "ESPORTS/USDT": 1782494794.8707318}, "vals": {"UB/USDT": 8.48, "BAS/USDT": 6.84, "MAGMA/USDT": 61.64, "VELVET/USDT": 23.22, "LAB/USDT": 4.44, "AGLD/USDT": 65.28, "ADA/USDT": 3.2, "BEAT/USDT": 16.31, "SKYAI/USDT": 20.1, "H/USDT": 6.67}}