{"set": ["BEAT/USDT", "H/USDT", "LAB/USDT", "SKYAI/USDT", "UB/USDT"], "left": {"PUMP/USDT": 1782461769.381446, "G/USDT": 1782471687.5486228, "BTW/USDT": 1782474098.215162, "TNSR/USDT": 1782474098.215162, "BAS/USDT": 1782474399.950311, "SLX/USDT": 1782476197.4772115}, "vals": {"UB/USDT": 9.09, "LAB/USDT": 5.32, "BEAT/USDT": 15.19, "SKYAI/USDT": 12.41, "H/USDT": 4.91}}