{"set": ["BEAT/USDT", "H/USDT", "HEI/USDT", "MAGMA/USDT", "SKYAI/USDT", "TNSR/USDT", "UB/USDT"], "left": {"PUMP/USDT": 1782461769.381446, "G/USDT": 1782471687.5486228, "SLX/USDT": 1782476197.4772115, "BTW/USDT": 1782479795.881762, "BAS/USDT": 1782480765.6385098, "LAB/USDT": 1782480765.6385098}, "vals": {"UB/USDT": 7.63, "MAGMA/USDT": 56.68, "BEAT/USDT": 12.53, "SKYAI/USDT": 16.81, "TNSR/USDT": 5.53, "H/USDT": 4.52, "HEI/USDT": 7.89}}