{"set": ["ESPORTS/USDT", "HEMI/USDT", "PROM/USDT"], "left": {"PUMP/USDT": 1784580096.9017098, "ADA/USDT": 1784583970.064891, "ONDO/USDT": 1784584261.1963828, "PEPE/USDT": 1784585161.0402923, "HANA/USDT": 1784592090.7344356, "BANK/USDT": 1784592090.7344356, "PI/USDT": 1784592090.7344356, "BONK/USDT": 1784592090.7344356, "ENA/USDT": 1784592090.7344356, "KAITO/USDT": 1784592090.7344356, "1000BONK/USDT": 1784592358.0541646, "ACE/USDT": 1784592657.724769, "AKE/USDT": 1784592958.561422}, "vals": {"HEMI/USDT": 7.1, "ESPORTS/USDT": 6.35, "PROM/USDT": 4.34}}