{"set": ["BSB/USDT", "BTW/USDT", "CLO/USDT", "FOLKS/USDT", "HEI/USDT"], "left": {"BIO/USDT": 1781841958.741841, "BASED/USDT": 1781844062.1616166, "ESPORTS/USDT": 1781844956.9527075, "VELVET/USDT": 1781861480.8552368, "BEAT/USDT": 1781862711.2695851}, "vals": {"BTW/USDT": 26.96, "CLO/USDT": 5.41, "BSB/USDT": 3.15, "FOLKS/USDT": 4.5, "HEI/USDT": 52.45}}