{"set": ["ACT/USDT", "RAVE/USDT", "TAC/USDT", "UB/USDT"], "left": {"BEAT/USDT": 1782701760.3329859, "MANTA/USDT": 1782703264.1026807, "VELVET/USDT": 1782703871.3559985, "O/USDT": 1782714362.6655598, "BAS/USDT": 1782714672.0819025, "ENA/USDT": 1782715260.836869, "SLX/USDT": 1782719161.136761}, "vals": {"UB/USDT": 14.56, "ACT/USDT": 21.82, "TAC/USDT": 69.21, "RAVE/USDT": 57.44}}