{"set": ["GUA/USDT", "M/USDT", "TAC/USDT", "TLM/USDT", "US/USDT"], "left": {"SKYAI/USDT": 1783042550.1302118, "TAIKO/USDT": 1783045553.4454162, "ADA/USDT": 1783051553.579309, "NFP/USDT": 1783054882.8246603, "VELVET/USDT": 1783057559.6459973, "MAGMA/USDT": 1783063564.555851, "BAS/USDT": 1783063885.9596417}, "vals": {"US/USDT": 3.53, "M/USDT": 6.79, "GUA/USDT": 10.87, "TLM/USDT": 12.37, "TAC/USDT": 3.08}}