{"set": ["BTW/USDT", "CLO/USDT", "EIGEN/USDT", "ENA/USDT", "UB/USDT"], "left": {"LAB/USDT": 1782090977.8595104, "ADA/USDT": 1782092158.0058637, "BEL/USDT": 1782104478.923448, "RESOLV/USDT": 1782106571.7805967, "TNSR/USDT": 1782107467.06685, "BEAT/USDT": 1782109558.5650342}, "vals": {"UB/USDT": 22.3, "BTW/USDT": 10.84, "CLO/USDT": 27.55, "ENA/USDT": 7.85, "EIGEN/USDT": 14.92}}