{"set": ["BIO/USDT", "BTW/USDT", "CLO/USDT", "LAB/USDT", "SKYAI/USDT", "VELVET/USDT", "XLM/USDT"], "left": {"\u9f99\u867e/USDT": 1781794001.5678475, "AGT/USDT": 1781802703.5421944, "H/USDT": 1781811111.6969812, "FOLKS/USDT": 1781813494.8512738}, "vals": {"VELVET/USDT": 52.6, "LAB/USDT": 30.48, "BTW/USDT": 3.89, "CLO/USDT": 15.69, "XLM/USDT": 5.68, "SKYAI/USDT": 5.49, "BIO/USDT": 7.26}}