{"set": ["ESPORTS/USDT", "SLX/USDT", "VELVET/USDT", "WIF/USDT"], "left": {"AGLD/USDT": 1782536758.01099, "MAGMA/USDT": 1782536758.01099, "G/USDT": 1782546058.3500926, "JTO/USDT": 1782549351.2297685}, "vals": {"VELVET/USDT": 40.19, "ESPORTS/USDT": 12.52, "SLX/USDT": 6.64, "WIF/USDT": 8.07}}