{"set": ["BASED/USDT", "BEAT/USDT", "BTW/USDT", "VELVET/USDT"], "left": {"AGT/USDT": 1781822466.085143, "XLM/USDT": 1781827299.6970115, "VIRTUAL/USDT": 1781827549.1006176, "FLOKI/USDT": 1781827549.1006176, "ENA/USDT": 1781827549.1006176, "MYX/USDT": 1781827549.1006176, "POL/USDT": 1781827549.1006176, "ASTEROID/USDT": 1781827549.1006176, "SEI/USDT": 1781827549.1006176, "FET/USDT": 1781827549.1006176, "SYN/USDT": 1781827549.1006176, "PENGU/USDT": 1781827549.1006176, "CLO/USDT": 1781835055.7451491, "LAB/USDT": 1781839260.977391, "ESPORTS/USDT": 1781839260.977391, "FOLKS/USDT": 1781841682.537861, "BIO/USDT": 1781841958.741841, "BSB/USDT": 1781842563.8650215}, "vals": {"VELVET/USDT": 3.13, "BTW/USDT": 9.11, "BASED/USDT": 7.11, "BEAT/USDT": 13.33}}