{"set": ["ASTEROID/USDT", "BEAT/USDT", "BEL/USDT", "BSB/USDT", "BTW/USDT", "CLO/USDT", "EIGEN/USDT", "ESPORTS/USDT"], "left": {"SKYAI/USDT": 1781911872.545053, "SYN/USDT": 1781913954.9455822, "BLESS/USDT": 1781913954.9455822, "BASED/USDT": 1781915763.145682, "LAB/USDT": 1781916662.773172, "BICO/USDT": 1781921462.5297523, "HEI/USDT": 1781924153.5218754, "UB/USDT": 1781931064.261862}, "vals": {"ASTEROID/USDT": 8.34, "BTW/USDT": 8.41, "ESPORTS/USDT": 4.83, "BEL/USDT": 5.67, "CLO/USDT": 7.88, "BEAT/USDT": 8.81, "BSB/USDT": 3.44, "EIGEN/USDT": 11.58}}