{"set": ["GUA/USDT", "M/USDT", "MAGMA/USDT", "NFP/USDT"], "left": {"O/USDT": 1783033568.7476747, "GRAM/USDT": 1783036900.9390414, "ENA/USDT": 1783036900.9390414, "PEPE/USDT": 1783036900.9390414, "XRP/USDT": 1783036900.9390414, "UB/USDT": 1783036900.9390414, "SLX/USDT": 1783036900.9390414, "BEAT/USDT": 1783036900.9390414, "PIPPIN/USDT": 1783037159.1393886, "RAVE/USDT": 1783037159.1393886, "RIF/USDT": 1783037159.1393886, "LAB/USDT": 1783037159.1393886, "FARTCOIN/USDT": 1783037159.1393886, "BREV/USDT": 1783038066.7766657, "TLM/USDT": 1783038066.7766657, "BIRB/USDT": 1783038354.533128, "BASED/USDT": 1783040754.4473329, "SKYAI/USDT": 1783042550.1302118, "TAIKO/USDT": 1783045553.4454162, "TAC/USDT": 1783047063.9617968, "ADA/USDT": 1783051553.579309}, "vals": {"M/USDT": 4.76, "GUA/USDT": 6.64, "MAGMA/USDT": 5.19, "NFP/USDT": 8.82}}