{"set": ["ASTER/USDT", "BSB/USDT", "BTW/USDT", "ENA/USDT", "ESPORTS/USDT", "SIREN/USDT", "SPX/USDT", "XLM/USDT"], "left": {"BLESS/USDT": 1781676970.9589026, "EVAA/USDT": 1781680868.9426517, "LAB/USDT": 1781682667.3037412, "BR/USDT": 1781692290.6848204, "\u9f99\u867e/USDT": 1781693503.6220849, "UNI/USDT": 1781694395.6005182}, "vals": {"SIREN/USDT": 12.18, "ESPORTS/USDT": 54.59, "SPX/USDT": 11.37, "BTW/USDT": 3.36, "ASTER/USDT": 7.68, "ENA/USDT": 3.79, "BSB/USDT": 4.99, "XLM/USDT": 3.9}}