{"set": ["BTW/USDT", "CLO/USDT", "EIGEN/USDT", "ENA/USDT", "UB/USDT"], "left": {"WLFI/USDT": 1782084972.3252332, "BEAT/USDT": 1782086498.4360116, "STO/USDT": 1782087057.9893005, "NAORIS/USDT": 1782087057.9893005, "LAB/USDT": 1782090977.8595104, "ADA/USDT": 1782092158.0058637, "TNSR/USDT": 1782100265.4524198, "BEL/USDT": 1782104478.923448, "RESOLV/USDT": 1782106571.7805967}, "vals": {"UB/USDT": 19.32, "BTW/USDT": 4.76, "CLO/USDT": 26.78, "ENA/USDT": 7.91, "EIGEN/USDT": 12.58}}