{"set": ["CLO/USDT", "ESPORTS/USDT", "H/USDT", "SIREN/USDT", "SKYAI/USDT", "XLM/USDT"], "left": {"BLESS/USDT": 1781732498.5417356, "CFX/USDT": 1781738757.260513, "BSB/USDT": 1781740871.493052, "ENA/USDT": 1781740871.493052, "SPX/USDT": 1781740871.493052, "AGT/USDT": 1781740871.493052, "XPL/USDT": 1781740871.493052, "ASTER/USDT": 1781740871.493052, "BEAT/USDT": 1781744158.7403486}, "vals": {"ESPORTS/USDT": 21.98, "SIREN/USDT": 6.93, "CLO/USDT": 3.45, "H/USDT": 3.29, "SKYAI/USDT": 9.41, "XLM/USDT": 5.52}}