{"set": ["BTW/USDT", "LAB/USDT", "NES/USDT", "TLM/USDT", "VANRY/USDT", "WLFI/USDT"], "left": {"BAS/USDT": 1783236069.9352868, "M/USDT": 1783247485.2696817, "HMSTR/USDT": 1783247756.0110407}, "vals": {"VANRY/USDT": 29.71, "LAB/USDT": 4.63, "BTW/USDT": 28.02, "NES/USDT": 12.15, "WLFI/USDT": 4.49, "TLM/USDT": 8.83}}