{"set": ["ASTEROID/USDT", "BSB/USDT", "ESPORTS/USDT", "EVAA/USDT", "FARTCOIN/USDT", "JTO/USDT", "SIREN/USDT", "XLM/USDT", "XRP/USDT", "ZRO/USDT"], "left": {"ADA/USDT": 1781542302.2382748, "WLFI/USDT": 1781545603.9212775, "CHIP/USDT": 1781550146.310581, "PEPE/USDT": 1781551306.9101093, "CLO/USDT": 1781555509.6523776, "ENA/USDT": 1781560892.3096526}, "vals": {"ASTEROID/USDT": 75.0, "SIREN/USDT": 8.25, "EVAA/USDT": 65.92, "ESPORTS/USDT": 4.43, "XRP/USDT": 5.3, "ZRO/USDT": 17.75, "XLM/USDT": 14.14, "JTO/USDT": 32.5, "BSB/USDT": 33.26, "FARTCOIN/USDT": 3.95}}