{"set": ["ASTEROID/USDT", "BSB/USDT", "ESPORTS/USDT", "EVAA/USDT", "JTO/USDT", "XLM/USDT", "XRP/USDT", "ZRO/USDT"], "left": {"TRADOOR/USDT": 1781535721.159713, "ADA/USDT": 1781542302.2382748, "SIREN/USDT": 1781545307.1217198, "WLFI/USDT": 1781545603.9212775, "CHIP/USDT": 1781550146.310581, "ENA/USDT": 1781551306.9101093, "PEPE/USDT": 1781551306.9101093, "CLO/USDT": 1781552504.4846117}, "vals": {"ASTEROID/USDT": 68.79, "EVAA/USDT": 68.43, "ESPORTS/USDT": 3.05, "XRP/USDT": 7.65, "ZRO/USDT": 16.49, "XLM/USDT": 17.06, "JTO/USDT": 37.84, "BSB/USDT": 35.53}}