{"set": ["EDGEX/USDT", "SKYAI/USDT", "TAG/USDT", "VANRY/USDT"], "left": {"ENA/USDT": 1783580512.1679814, "UNI/USDT": 1783582297.4941254, "CLO/USDT": 1783587968.868174, "KAITO/USDT": 1783589763.6256015, "POWER/USDT": 1783589763.6256015}, "vals": {"TAG/USDT": 14.61, "EDGEX/USDT": 15.27, "VANRY/USDT": 5.03, "SKYAI/USDT": 11.22}}