{"set": ["BEAT/USDT", "CLO/USDT", "ESPORTS/USDT", "H/USDT", "LAB/USDT", "SIREN/USDT", "SKYAI/USDT"], "left": {"CFX/USDT": 1781738757.260513, "BSB/USDT": 1781740871.493052, "SPX/USDT": 1781740871.493052, "AGT/USDT": 1781740871.493052, "XPL/USDT": 1781740871.493052, "ASTER/USDT": 1781740871.493052, "ENA/USDT": 1781750162.3179739, "BIO/USDT": 1781754965.8192444, "XLM/USDT": 1781757078.326818}, "vals": {"ESPORTS/USDT": 4.36, "SIREN/USDT": 5.42, "LAB/USDT": 3.97, "CLO/USDT": 9.18, "BEAT/USDT": 8.15, "H/USDT": 8.93, "SKYAI/USDT": 9.08}}