{"set": ["ERA/USDT", "LAB/USDT", "US/USDT"], "left": {"BANK/USDT": 1784698861.5060885, "AKE/USDT": 1784709963.4797177, "ONDO/USDT": 1784718968.0964556}, "vals": {"ERA/USDT": 10.34, "US/USDT": 9.88, "LAB/USDT": 8.07}}