{"set": ["ARB/USDT", "EDGEX/USDT", "ENA/USDT", "EVAA/USDT", "TAG/USDT", "US/USDT"], "left": {"ESPORTS/USDT": 1783641690.7023995, "BASED/USDT": 1783641690.7023995, "SKYAI/USDT": 1783641690.7023995, "TAC/USDT": 1783645561.3696177, "VANRY/USDT": 1783656092.6123552, "LAB/USDT": 1783657892.4873512}, "vals": {"TAG/USDT": 11.74, "US/USDT": 4.27, "EDGEX/USDT": 6.19, "ENA/USDT": 3.01, "EVAA/USDT": 14.46, "ARB/USDT": 3.73}}