{"set": ["ASTEROID/USDT", "BICO/USDT", "BSB/USDT", "BTW/USDT", "LAB/USDT", "UB/USDT"], "left": {"H/USDT": 1781901395.442788, "SKYAI/USDT": 1781911872.545053, "HEI/USDT": 1781913684.1579404, "CLO/USDT": 1781913684.1579404, "BEL/USDT": 1781913684.1579404, "SYN/USDT": 1781913954.9455822, "BLESS/USDT": 1781913954.9455822, "BASED/USDT": 1781915763.145682, "BEAT/USDT": 1781916366.6940837}, "vals": {"ASTEROID/USDT": 4.06, "UB/USDT": 3.41, "BTW/USDT": 11.21, "LAB/USDT": 3.02, "BSB/USDT": 5.53, "BICO/USDT": 12.49}}