{"set": ["BEAT/USDT", "BTW/USDT", "LAB/USDT", "O/USDT", "RAVE/USDT", "UB/USDT"], "left": {"MYX/USDT": 1782612657.5769546, "PIEVERSE/USDT": 1782620755.9253287, "VELVET/USDT": 1782630666.8079455, "BAS/USDT": 1782632469.004419, "WIF/USDT": 1782633359.5884867}, "vals": {"UB/USDT": 12.39, "LAB/USDT": 7.57, "BTW/USDT": 4.94, "RAVE/USDT": 8.92, "O/USDT": 32.08, "BEAT/USDT": 10.13}}