{"set": ["EDGEX/USDT", "SKYAI/USDT", "TAG/USDT", "VANRY/USDT"], "left": {"CLO/USDT": 1783587968.868174, "POWER/USDT": 1783589763.6256015, "UNI/USDT": 1783592763.5796893, "ENA/USDT": 1783592763.5796893, "KAITO/USDT": 1783599689.798009}, "vals": {"TAG/USDT": 63.17, "EDGEX/USDT": 6.47, "VANRY/USDT": 8.14, "SKYAI/USDT": 12.28}}