{"set": ["ACT/USDT", "O/USDT", "RAVE/USDT", "UB/USDT", "VELVET/USDT", "WIF/USDT"], "left": {"BAS/USDT": 1782632469.004419, "BEAT/USDT": 1782640559.905485, "LAB/USDT": 1782645062.3922954, "BTW/USDT": 1782645662.3460834, "SLX/USDT": 1782647162.4819467}, "vals": {"UB/USDT": 14.03, "VELVET/USDT": 5.68, "ACT/USDT": 69.72, "RAVE/USDT": 18.62, "O/USDT": 16.92, "WIF/USDT": 6.27}}