{"set": ["ACE/USDT", "AVAAI/USDT", "BANK/USDT", "ESPORTS/USDT", "KAITO/USDT", "PI/USDT"], "left": {"TLM/USDT": 1784505693.7150998, "B/USDT": 1784506264.8048582, "PUMPFUN/USDT": 1784506264.8048582, "AKE/USDT": 1784512260.9563913, "PEPE/USDT": 1784517062.9586895, "HOME/USDT": 1784517660.050387}, "vals": {"BANK/USDT": 3.6, "ESPORTS/USDT": 14.68, "AVAAI/USDT": 11.79, "KAITO/USDT": 5.33, "PI/USDT": 5.4, "ACE/USDT": 18.15}}