{"set": ["BIO/USDT", "BTW/USDT", "CLO/USDT", "HOME/USDT", "LAB/USDT", "SKYAI/USDT", "XLM/USDT"], "left": {"BEAT/USDT": 1781759162.5846694, "SIREN/USDT": 1781760061.2154665, "H/USDT": 1781770285.618861, "ESPORTS/USDT": 1781770868.3157644}, "vals": {"HOME/USDT": 22.63, "LAB/USDT": 19.13, "BTW/USDT": 3.67, "CLO/USDT": 11.95, "SKYAI/USDT": 9.11, "XLM/USDT": 7.09, "BIO/USDT": 7.77}}