{"set": ["BTW/USDT", "ESPORTS/USDT", "H/USDT", "LAB/USDT", "SKYAI/USDT", "VELVET/USDT"], "left": {"BEAT/USDT": 1781413867.731363, "SIREN/USDT": 1781419275.604243, "MEGA/USDT": 1781430421.0614576, "JCT/USDT": 1781430726.673498, "COAI/USDT": 1781430726.673498, "XPL/USDT": 1781431340.4388442}, "vals": {"VELVET/USDT": 30.3, "ESPORTS/USDT": 7.66, "H/USDT": 67.66, "BTW/USDT": 4.76, "LAB/USDT": 8.71, "SKYAI/USDT": 3.52}}