{"set": ["ACT/USDT", "LAB/USDT", "MANTA/USDT", "O/USDT", "RAVE/USDT", "SLX/USDT", "UB/USDT", "VELVET/USDT", "WIF/USDT"], "left": {"BEAT/USDT": 1782640559.905485, "BTW/USDT": 1782645662.3460834, "PUMP/USDT": 1782655279.7240782, "\u5e01\u5b89\u4eba\u751f/USDT": 1782658266.2854402}, "vals": {"UB/USDT": 8.8, "ACT/USDT": 71.37, "VELVET/USDT": 8.44, "LAB/USDT": 6.18, "RAVE/USDT": 20.1, "SLX/USDT": 7.22, "O/USDT": 18.39, "MANTA/USDT": 75.78, "WIF/USDT": 5.06}}