{"set": ["NES/USDT", "SLX/USDT", "VANRY/USDT"], "left": {"EPIC/USDT": 1783317960.707354, "VELVET/USDT": 1783326359.0054882, "UB/USDT": 1783329958.4682093, "LIT/USDT": 1783333555.6255176, "LAB/USDT": 1783336275.4230828}, "vals": {"VANRY/USDT": 20.82, "NES/USDT": 3.97, "SLX/USDT": 3.24}}