{"set": ["BAS/USDT", "GUA/USDT", "M/USDT", "MAGMA/USDT", "TLM/USDT", "US/USDT"], "left": {"NFP/USDT": 1783054882.8246603, "VELVET/USDT": 1783057559.6459973, "TAC/USDT": 1783066278.9986367, "ADA/USDT": 1783071681.7276587}, "vals": {"US/USDT": 4.5, "BAS/USDT": 17.46, "M/USDT": 10.85, "GUA/USDT": 7.75, "TLM/USDT": 14.17, "MAGMA/USDT": 7.24}}