{"set": ["ADA/USDT", "BEAT/USDT", "BIRB/USDT", "BREV/USDT", "DOGE/USDT", "ENA/USDT", "M/USDT", "PEPE/USDT", "TLM/USDT", "UB/USDT", "XRP/USDT"], "left": {"SLX/USDT": 1782988872.3451953, "BAS/USDT": 1782990368.4244921, "TAC/USDT": 1782992775.2916791, "LAB/USDT": 1782997570.1451452, "LIT/USDT": 1783003309.3451247}, "vals": {"PEPE/USDT": 5.3, "UB/USDT": 3.91, "BIRB/USDT": 66.59, "BREV/USDT": 26.19, "M/USDT": 35.29, "TLM/USDT": 13.59, "XRP/USDT": 3.77, "DOGE/USDT": 3.3, "ENA/USDT": 8.87, "ADA/USDT": 4.23, "BEAT/USDT": 4.29}}