{"set": ["ASTEROID/USDT", "BSB/USDT", "FARTCOIN/USDT", "JTO/USDT", "LAB/USDT", "SKYAI/USDT", "SPACE/USDT"], "left": {"ZRO/USDT": 1781568083.7734823, "XRP/USDT": 1781568083.7734823, "CLO/USDT": 1781568083.7734823, "ESPORTS/USDT": 1781568083.7734823, "VELVET/USDT": 1781568354.5492907, "EVAA/USDT": 1781570763.2897978, "XLM/USDT": 1781571065.9299102, "H/USDT": 1781571065.9299102, "BEAT/USDT": 1781580952.8928974, "SIREN/USDT": 1781585470.8488863}, "vals": {"ASTEROID/USDT": 32.85, "SPACE/USDT": 25.48, "LAB/USDT": 4.28, "SKYAI/USDT": 7.8, "JTO/USDT": 3.99, "BSB/USDT": 19.61, "FARTCOIN/USDT": 3.74}}