{"set": ["BEAT/USDT", "BEL/USDT", "H/USDT", "LAB/USDT", "RESOLV/USDT", "SKYAI/USDT", "SLX/USDT"], "left": {"EVAA/USDT": 1782385286.939095, "BLESS/USDT": 1782388917.2101676, "BAS/USDT": 1782403324.4644468, "XPL/USDT": 1782404195.4882438, "WLFI/USDT": 1782405113.9938495}, "vals": {"SLX/USDT": 26.71, "LAB/USDT": 13.65, "RESOLV/USDT": 14.89, "SKYAI/USDT": 10.81, "H/USDT": 7.06, "BEAT/USDT": 20.93, "BEL/USDT": 8.48}}