{"set": ["H/USDT", "HOME/USDT", "LAB/USDT", "SKYAI/USDT", "XLM/USDT"], "left": {"ENA/USDT": 1781750162.3179739, "BIO/USDT": 1781754965.8192444, "BEAT/USDT": 1781759162.5846694, "SIREN/USDT": 1781760061.2154665, "CLO/USDT": 1781764558.3636882, "ESPORTS/USDT": 1781766366.0101337}, "vals": {"HOME/USDT": 15.31, "LAB/USDT": 10.36, "H/USDT": 13.17, "SKYAI/USDT": 9.57, "XLM/USDT": 3.21}}