{"set": ["ACT/USDT", "O/USDT", "RAVE/USDT", "UB/USDT", "VELVET/USDT", "WIF/USDT"], "left": {"BAS/USDT": 1782632469.004419, "SLX/USDT": 1782639721.6716003, "BEAT/USDT": 1782640559.905485, "LAB/USDT": 1782645062.3922954, "BTW/USDT": 1782645662.3460834}, "vals": {"UB/USDT": 12.63, "VELVET/USDT": 4.58, "ACT/USDT": 43.77, "RAVE/USDT": 23.27, "O/USDT": 17.69, "WIF/USDT": 6.51}}