{"set": ["BAS/USDT", "BEAT/USDT", "LAB/USDT", "RESOLV/USDT", "SKYAI/USDT", "SLX/USDT"], "left": {"H/USDT": 1782372364.9331696, "ESPORTS/USDT": 1782374784.7962978, "EVAA/USDT": 1782385286.939095, "WLFI/USDT": 1782388917.2101676, "BLESS/USDT": 1782388917.2101676}, "vals": {"BAS/USDT": 21.75, "LAB/USDT": 7.62, "SLX/USDT": 4.52, "RESOLV/USDT": 14.18, "BEAT/USDT": 11.68, "SKYAI/USDT": 15.32}}