{"set": ["JTO/USDT", "M/USDT", "SLX/USDT", "UB/USDT", "VELVET/USDT", "WIF/USDT"], "left": {"AGLD/USDT": 1782536758.01099, "MAGMA/USDT": 1782536758.01099, "G/USDT": 1782546058.3500926, "ESPORTS/USDT": 1782554482.4956775}, "vals": {"UB/USDT": 5.04, "VELVET/USDT": 77.04, "SLX/USDT": 5.52, "M/USDT": 3.76, "JTO/USDT": 3.83, "WIF/USDT": 12.07}}