{"set": ["BEAT/USDT", "T/USDT", "VANRY/USDT", "VELVET/USDT"], "left": {"TAG/USDT": 1783875090.831881, "PEPE/USDT": 1783890961.1996794, "CLO/USDT": 1783893359.5458214}, "vals": {"T/USDT": 17.65, "VELVET/USDT": 9.41, "VANRY/USDT": 11.07, "BEAT/USDT": 11.15}}