{"set": ["BTW/USDT", "CLO/USDT", "EIGEN/USDT", "ENA/USDT", "RESOLV/USDT", "UB/USDT"], "left": {"ESPORTS/USDT": 1782081082.4611847, "WLFI/USDT": 1782084972.3252332, "BEL/USDT": 1782086498.4360116, "BEAT/USDT": 1782086498.4360116, "STO/USDT": 1782087057.9893005, "NAORIS/USDT": 1782087057.9893005, "LAB/USDT": 1782090977.8595104, "ADA/USDT": 1782092158.0058637, "TNSR/USDT": 1782092158.0058637}, "vals": {"UB/USDT": 8.37, "BTW/USDT": 24.9, "RESOLV/USDT": 3.42, "CLO/USDT": 31.2, "ENA/USDT": 7.46, "EIGEN/USDT": 13.1}}