{"set": ["ESPORTS/USDT", "HOME/USDT", "KAITO/USDT", "NES/USDT"], "left": {"LAB/USDT": 1784419277.0800655, "AVAAI/USDT": 1784419277.0800655, "BILL/USDT": 1784420159.8236463, "FARTCOIN/USDT": 1784420159.8236463, "AKE/USDT": 1784422881.7681973, "BANK/USDT": 1784425860.4068003, "US/USDT": 1784428858.6133661, "B/USDT": 1784430351.6429667}, "vals": {"ESPORTS/USDT": 50.21, "HOME/USDT": 3.06, "NES/USDT": 3.24, "KAITO/USDT": 6.52}}