{"set": ["AKE/USDT", "BEAT/USDT", "PUMP/USDT", "US/USDT", "VANRY/USDT"], "left": {"KAITO/USDT": 1784117169.435723, "PEPE/USDT": 1784123508.6452532, "PI/USDT": 1784127397.6196728, "BSB/USDT": 1784129196.4067435}, "vals": {"AKE/USDT": 302.9, "PUMP/USDT": 9.32, "US/USDT": 30.03, "VANRY/USDT": 6.27, "BEAT/USDT": 3.3}}