{"set": ["ASTEROID/USDT", "CHIP/USDT", "CLO/USDT", "ESPORTS/USDT", "EVAA/USDT", "JCT/USDT", "JELLYJELLY/USDT", "SIREN/USDT", "TRADOOR/USDT"], "left": {"COAI/USDT": 1781484059.012646, "LAB/USDT": 1781486463.1124449, "OPG/USDT": 1781488257.9583573, "VELVET/USDT": 1781493062.1771092, "H/USDT": 1781499688.6071773, "BEAT/USDT": 1781503571.7424152, "ENA/USDT": 1781503867.7316256, "SKYAI/USDT": 1781503867.7316256}, "vals": {"ASTEROID/USDT": 81.21, "JCT/USDT": 8.78, "SIREN/USDT": 7.16, "CHIP/USDT": 13.92, "ESPORTS/USDT": 11.09, "JELLYJELLY/USDT": 10.12, "EVAA/USDT": 18.44, "CLO/USDT": 29.96, "TRADOOR/USDT": 5.95}}