{"set": ["BTW/USDT", "CLO/USDT", "EVAA/USDT", "H/USDT", "OPG/USDT", "SKYAI/USDT", "TRADOOR/USDT"], "left": {"VELVET/USDT": 1781444792.1403408, "JCT/USDT": 1781446321.9346998, "MEGA/USDT": 1781457131.357136, "LAB/USDT": 1781460969.7236722, "ESPORTS/USDT": 1781461270.3347054}, "vals": {"H/USDT": 16.88, "BTW/USDT": 14.24, "OPG/USDT": 23.28, "CLO/USDT": 36.78, "EVAA/USDT": 71.46, "TRADOOR/USDT": 3.06, "SKYAI/USDT": 5.93}}