{"set": ["AKE/USDT", "PUMP/USDT", "US/USDT", "VANRY/USDT"], "left": {"KAITO/USDT": 1784117169.435723, "BEAT/USDT": 1784123508.6452532, "PEPE/USDT": 1784123508.6452532, "PI/USDT": 1784124102.3219109}, "vals": {"AKE/USDT": 275.87, "PUMP/USDT": 8.26, "US/USDT": 30.1, "VANRY/USDT": 5.71}}