{"set": ["CLO/USDT", "ESPORTS/USDT", "LAYER/USDT", "RESOLV/USDT"], "left": {"H/USDT": 1782193564.0633771, "HMSTR/USDT": 1782194477.5189312, "ID/USDT": 1782203167.1947546, "BEL/USDT": 1782203478.1150124, "MMT/USDT": 1782204371.9619765, "FOLKS/USDT": 1782204669.4069252}, "vals": {"RESOLV/USDT": 12.87, "ESPORTS/USDT": 12.5, "CLO/USDT": 12.14, "LAYER/USDT": 12.33}}