{"set": ["VELVET/USDT"], "left": {"CHIP/USDT": 1781550146.310581, "PEPE/USDT": 1781551306.9101093, "ENA/USDT": 1781560892.3096526, "FARTCOIN/USDT": 1781562369.5543702, "SIREN/USDT": 1781565966.33896, "XLM/USDT": 1781568083.7734823, "ZRO/USDT": 1781568083.7734823, "BSB/USDT": 1781568083.7734823, "EVAA/USDT": 1781568083.7734823, "ASTEROID/USDT": 1781568083.7734823, "JTO/USDT": 1781568083.7734823, "XRP/USDT": 1781568083.7734823, "CLO/USDT": 1781568083.7734823, "ESPORTS/USDT": 1781568083.7734823}, "vals": {"VELVET/USDT": 17.26}}