{"set": ["EPIC/USDT", "LAB/USDT", "UB/USDT"], "left": {"BICO/USDT": 1782000069.9734209, "GALA/USDT": 1782000069.9734209, "CLO/USDT": 1782003954.350042, "SIREN/USDT": 1782011464.8930094, "BTW/USDT": 1782012064.233977, "ESPORTS/USDT": 1782012064.233977, "SLX/USDT": 1782012667.6009367, "BEAT/USDT": 1782012953.728224, "EIGEN/USDT": 1782018075.8703148, "BEL/USDT": 1782018959.8330061, "ALICE/USDT": 1782018959.8330061}, "vals": {"UB/USDT": 14.76, "LAB/USDT": 4.36, "EPIC/USDT": 14.63}}