{"set": ["NES/USDT", "SLX/USDT", "VANRY/USDT"], "left": {"HMSTR/USDT": 1783314962.4727664, "EPIC/USDT": 1783317960.707354, "LAB/USDT": 1783319753.3504353, "VELVET/USDT": 1783326359.0054882, "UB/USDT": 1783329958.4682093, "LIT/USDT": 1783333555.6255176}, "vals": {"VANRY/USDT": 24.57, "NES/USDT": 10.33, "SLX/USDT": 3.67}}