{"set": ["ADA/USDT", "ARPA/USDT", "GUA/USDT", "MAGMA/USDT", "PEPE/USDT", "THE/USDT", "TLM/USDT", "XPL/USDT", "ZKP/USDT"], "left": {"US/USDT": 1783076497.9331872, "M/USDT": 1783077676.7961626, "BAS/USDT": 1783093300.9886749, "ENA/USDT": 1783093900.4055955, "XRP/USDT": 1783094526.7540724, "PIPPIN/USDT": 1783096596.9146833, "DOGE/USDT": 1783097504.179996}, "vals": {"PEPE/USDT": 4.75, "ARPA/USDT": 31.83, "ZKP/USDT": 34.9, "THE/USDT": 6.65, "MAGMA/USDT": 27.49, "GUA/USDT": 22.54, "TLM/USDT": 6.59, "XPL/USDT": 19.23, "ADA/USDT": 7.68}}