{"set": ["BTW/USDT", "CLO/USDT", "ESPORTS/USDT", "LAB/USDT"], "left": {"MEGA/USDT": 1781430421.0614576, "COAI/USDT": 1781430726.673498, "SKYAI/USDT": 1781434601.3338828, "XPL/USDT": 1781434933.697731, "H/USDT": 1781443305.373017, "VELVET/USDT": 1781444792.1403408, "JCT/USDT": 1781446321.9346998}, "vals": {"ESPORTS/USDT": 12.05, "BTW/USDT": 3.01, "CLO/USDT": 28.76, "LAB/USDT": 6.17}}