{"set": ["ACE/USDT", "BANK/USDT", "BONK/USDT", "ENA/USDT", "HANA/USDT", "KAITO/USDT", "ONDO/USDT", "PI/USDT", "PROM/USDT"], "left": {"AVAAI/USDT": 1784549465.5360234, "HOME/USDT": 1784561775.2969363, "PEPE/USDT": 1784564500.1598353, "LAB/USDT": 1784568398.64854, "B/USDT": 1784570799.41474}, "vals": {"BONK/USDT": 9.55, "HANA/USDT": 18.99, "BANK/USDT": 25.95, "ACE/USDT": 43.06, "PROM/USDT": 31.58, "ENA/USDT": 4.21, "KAITO/USDT": 4.88, "ONDO/USDT": 3.65, "PI/USDT": 6.91}}