{"set": ["BEAT/USDT", "H/USDT", "SKYAI/USDT", "UNI/USDT", "XLM/USDT"], "left": {"ENA/USDT": 1781643962.4595675, "LAB/USDT": 1781654485.207243, "\u9f99\u867e/USDT": 1781654485.207243, "SPX/USDT": 1781654485.207243, "JTO/USDT": 1781654485.207243, "SPACE/USDT": 1781654485.207243, "ASTEROID/USDT": 1781654485.207243, "LUNC/USDT": 1781654750.7251735, "BLESS/USDT": 1781654750.7251735, "VELVET/USDT": 1781654750.7251735, "BSB/USDT": 1781655354.1214187, "EVAA/USDT": 1781655959.2465234, "BR/USDT": 1781660456.923042}, "vals": {"H/USDT": 8.78, "SKYAI/USDT": 6.81, "BEAT/USDT": 7.93, "XLM/USDT": 4.74, "UNI/USDT": 6.57}}