{"set": ["NASDAQ:LGCL", "NASDAQ:WBUY", "NASDAQ:WLDS"], "left": {"NASDAQ:KUST": 1784880107.9175153, "NASDAQ:ZCMD": 1784880107.9175153, "NASDAQ:INM": 1784880107.9175153, "NASDAQ:LABT": 1784880107.9175153, "NASDAQ:INLF": 1784880107.9175153, "NASDAQ:SKYQ": 1784881276.4105058, "NASDAQ:ADVB": 1784881276.4105058, "NASDAQ:ZYBT": 1784881276.4105058, "NASDAQ:EHGO": 1784881276.4105058, "NASDAQ:NEUP": 1784881276.4105058}, "vals": {"NASDAQ:WLDS": 16.22, "NASDAQ:WBUY": 76.78, "NASDAQ:LGCL": 67.1}}