{"set": ["BEAT/USDT", "BEL/USDT", "BTW/USDT", "CLO/USDT", "HEI/USDT"], "left": {"FOLKS/USDT": 1781877095.3719654, "BSB/USDT": 1781879573.9431124, "SKYAI/USDT": 1781886707.6679676, "BASED/USDT": 1781891196.4910924}, "vals": {"BTW/USDT": 50.16, "BEL/USDT": 18.31, "CLO/USDT": 4.68, "BEAT/USDT": 13.57, "HEI/USDT": 29.28}}