{"set": ["LAB/USDT", "MAGMA/USDT", "US/USDT", "VELVET/USDT"], "left": {"PEPE/USDT": 1783890961.1996794, "CLO/USDT": 1783900898.0197139, "BEAT/USDT": 1783900898.0197139, "VANRY/USDT": 1783900898.0197139, "PIPPIN/USDT": 1783901479.7070339, "ANSEM/USDT": 1783901479.7070339, "DODO/USDT": 1783901479.7070339, "T/USDT": 1783904780.384812, "EVAA/USDT": 1783904780.384812, "B/USDT": 1783905680.3467035}, "vals": {"US/USDT": 3.5, "LAB/USDT": 5.24, "VELVET/USDT": 3.19, "MAGMA/USDT": 6.41}}