{"set": ["ASTEROID/USDT", "BEAT/USDT", "BEL/USDT", "BICO/USDT", "BTW/USDT", "EIGEN/USDT", "ESPORTS/USDT"], "left": {"HEI/USDT": 1781924153.5218754, "ENA/USDT": 1781936761.9218526, "BSB/USDT": 1781937073.213171, "CLO/USDT": 1781938881.122302, "UB/USDT": 1781938881.122302}, "vals": {"ASTEROID/USDT": 6.03, "BTW/USDT": 21.2, "ESPORTS/USDT": 8.06, "BEL/USDT": 29.01, "BEAT/USDT": 7.47, "EIGEN/USDT": 10.73, "BICO/USDT": 16.98}}