{"set": ["CHIP/USDT", "CLO/USDT", "ESPORTS/USDT", "EVAA/USDT", "H/USDT", "JCT/USDT", "JELLYJELLY/USDT", "SIREN/USDT"], "left": {"TRADOOR/USDT": 1781481361.106416, "BTW/USDT": 1781481673.613035, "XRP/USDT": 1781481673.613035, "SKYAI/USDT": 1781481673.613035, "ADA/USDT": 1781481673.613035, "COAI/USDT": 1781484059.012646, "LAB/USDT": 1781486463.1124449, "OPG/USDT": 1781488257.9583573, "BEAT/USDT": 1781490960.807529, "VELVET/USDT": 1781491863.8475912}, "vals": {"JCT/USDT": 5.77, "SIREN/USDT": 6.16, "CHIP/USDT": 4.21, "ESPORTS/USDT": 7.08, "JELLYJELLY/USDT": 5.42, "H/USDT": 3.24, "CLO/USDT": 28.79, "EVAA/USDT": 6.13}}