{"set": ["ADA/USDT", "ARPA/USDT", "ENA/USDT", "MAGMA/USDT", "PEPE/USDT", "THE/USDT", "TLM/USDT", "XPL/USDT", "ZKP/USDT"], "left": {"US/USDT": 1783076497.9331872, "M/USDT": 1783077676.7961626, "GUA/USDT": 1783090924.7562869, "XRP/USDT": 1783092994.5928607, "BAS/USDT": 1783093300.9886749, "DOGE/USDT": 1783093598.7960095}, "vals": {"PEPE/USDT": 4.63, "ARPA/USDT": 33.78, "ZKP/USDT": 26.99, "THE/USDT": 19.17, "MAGMA/USDT": 3.6, "TLM/USDT": 6.46, "XPL/USDT": 18.14, "ADA/USDT": 6.51, "ENA/USDT": 3.17}}