{"set": ["AKE/USDT", "PI/USDT", "PUMP/USDT", "US/USDT", "VANRY/USDT"], "left": {"KAITO/USDT": 1784117169.435723, "BEAT/USDT": 1784123508.6452532, "PEPE/USDT": 1784123508.6452532}, "vals": {"AKE/USDT": 321.92, "PUMP/USDT": 7.87, "US/USDT": 31.06, "VANRY/USDT": 5.47, "PI/USDT": 4.94}}