{"set": ["BSB/USDT", "BTW/USDT", "ESPORTS/USDT", "SPX/USDT"], "left": {"BEAT/USDT": 1781673664.3652246, "SPACE/USDT": 1781676091.3308692, "BLESS/USDT": 1781676970.9589026, "EVAA/USDT": 1781680868.9426517, "XLM/USDT": 1781682371.3704596, "LAB/USDT": 1781682667.3037412, "BR/USDT": 1781692290.6848204, "\u9f99\u867e/USDT": 1781693503.6220849, "UNI/USDT": 1781694395.6005182}, "vals": {"SPX/USDT": 11.96, "ESPORTS/USDT": 45.03, "BTW/USDT": 3.88, "BSB/USDT": 5.3}}