{"set": ["ACE/USDT", "BANK/USDT", "BONK/USDT", "ENA/USDT", "HANA/USDT", "KAITO/USDT", "PI/USDT", "PROM/USDT"], "left": {"AVAAI/USDT": 1784549465.5360234, "HOME/USDT": 1784561775.2969363, "PEPE/USDT": 1784564500.1598353, "LAB/USDT": 1784568398.64854, "ONDO/USDT": 1784569299.2738206}, "vals": {"BONK/USDT": 8.51, "HANA/USDT": 17.8, "BANK/USDT": 22.46, "ACE/USDT": 43.77, "PROM/USDT": 29.58, "ENA/USDT": 3.61, "KAITO/USDT": 5.13, "PI/USDT": 6.7}}