{"set": ["ASTER/USDT", "BSB/USDT", "BTW/USDT", "ENA/USDT", "ESPORTS/USDT", "SPX/USDT", "XLM/USDT", "XPL/USDT"], "left": {"LAB/USDT": 1781682667.3037412, "BR/USDT": 1781692290.6848204, "\u9f99\u867e/USDT": 1781693503.6220849, "UNI/USDT": 1781694395.6005182, "SIREN/USDT": 1781703112.4590073}, "vals": {"ESPORTS/USDT": 46.94, "SPX/USDT": 12.9, "BTW/USDT": 6.1, "ASTER/USDT": 11.33, "XPL/USDT": 26.55, "BSB/USDT": 14.67, "ENA/USDT": 5.47, "XLM/USDT": 3.98}}