{"set": ["ASTEROID/USDT", "BSB/USDT", "CLO/USDT", "ESPORTS/USDT", "EVAA/USDT", "FARTCOIN/USDT", "JTO/USDT", "SIREN/USDT", "XLM/USDT", "XRP/USDT", "ZRO/USDT"], "left": {"TRADOOR/USDT": 1781535721.159713, "ADA/USDT": 1781542302.2382748, "WLFI/USDT": 1781545603.9212775, "CHIP/USDT": 1781550146.310581, "ENA/USDT": 1781551306.9101093, "PEPE/USDT": 1781551306.9101093}, "vals": {"ASTEROID/USDT": 67.62, "SIREN/USDT": 4.91, "EVAA/USDT": 65.1, "ESPORTS/USDT": 4.66, "CLO/USDT": 3.19, "XRP/USDT": 7.17, "ZRO/USDT": 17.12, "XLM/USDT": 15.81, "JTO/USDT": 35.96, "BSB/USDT": 34.31, "FARTCOIN/USDT": 5.68}}