{"set": ["BIRB/USDT", "ENA/USDT", "M/USDT", "SLX/USDT"], "left": {"TAC/USDT": 1782952270.1143963, "ZBT/USDT": 1782954079.413939, "H/USDT": 1782961281.5942914, "BAS/USDT": 1782966955.2973764, "BASED/USDT": 1782969670.7670445, "LAB/USDT": 1782971751.6867611, "UB/USDT": 1782973557.1582727}, "vals": {"BIRB/USDT": 68.09, "M/USDT": 4.33, "SLX/USDT": 3.21, "ENA/USDT": 6.83}}