{"set": ["CLO/USDT", "EDGEX/USDT", "SKYAI/USDT", "TAG/USDT", "VANRY/USDT"], "left": {"APE/USDT": 1783556172.0513215, "KAITO/USDT": 1783556172.0513215, "RAVE/USDT": 1783556172.0513215, "FET/USDT": 1783556172.0513215, "ANSEM/USDT": 1783556172.0513215, "UAI/USDT": 1783556172.0513215, "OGN/USDT": 1783556172.0513215, "EVAA/USDT": 1783559488.4230435, "LAB/USDT": 1783564557.8091063, "POWER/USDT": 1783576557.8307416, "UNI/USDT": 1783577155.783662}, "vals": {"TAG/USDT": 3.0, "EDGEX/USDT": 4.5, "VANRY/USDT": 9.62, "SKYAI/USDT": 10.87, "CLO/USDT": 12.41}}