{"set": ["AKE/USDT", "KAITO/USDT", "ONDO/USDT", "US/USDT"], "left": {"ESPORTS/USDT": 1784289361.5060365, "BILL/USDT": 1784291480.5933228, "BANK/USDT": 1784295673.2114139}, "vals": {"AKE/USDT": 24.24, "US/USDT": 5.78, "KAITO/USDT": 9.0, "ONDO/USDT": 3.08}}