{"set": ["BILL/USDT", "ENA/USDT", "LAB/USDT", "TRIA/USDT"], "left": {"ZBT/USDT": 1784013089.8568041, "VELVET/USDT": 1784020563.9516664, "B/USDT": 1784023889.0924473}, "vals": {"BILL/USDT": 10.36, "TRIA/USDT": 19.51, "LAB/USDT": 10.27, "ENA/USDT": 5.86}}