{"set": ["ANSEM/USDT", "B/USDT", "FARTCOIN/USDT", "MMT/USDT", "TAC/USDT", "TRIA/USDT", "US/USDT", "VIRTUAL/USDT"], "left": {"SLX/USDT": 1783721489.1890903, "SKYAI/USDT": 1783724761.2142422, "VELVET/USDT": 1783725365.3378487, "SKL/USDT": 1783728101.8741095, "PEPE/USDT": 1783728101.8741095, "EVAA/USDT": 1783728101.8741095, "TAG/USDT": 1783728101.8741095, "ARB/USDT": 1783728101.8741095, "ENA/USDT": 1783728101.8741095}, "vals": {"TRIA/USDT": 5.47, "B/USDT": 8.15, "VIRTUAL/USDT": 13.84, "US/USDT": 8.19, "ANSEM/USDT": 11.45, "TAC/USDT": 3.08, "FARTCOIN/USDT": 3.67, "MMT/USDT": 15.35}}