{"set": ["BANK/USDT", "NIGHT/USDT", "RIF/USDT", "ZAMA/USDT"], "left": {"ONDO/USDT": 1784762466.1418607, "ENA/USDT": 1784764885.4666567, "LAB/USDT": 1784764885.4666567, "US/USDT": 1784764885.4666567, "RE/USDT": 1784764885.4666567, "ERA/USDT": 1784766670.9598453, "MIRA/USDT": 1784766954.4311965, "AKE/USDT": 1784767561.2758641}, "vals": {"BANK/USDT": 28.55, "NIGHT/USDT": 9.9, "ZAMA/USDT": 17.03, "RIF/USDT": 13.68}}