{"set": ["ESPORTS/USDT", "JELLYJELLY/USDT", "SIREN/USDT"], "left": {"TRADOOR/USDT": 1781481361.106416, "CLO/USDT": 1781481673.613035, "BTW/USDT": 1781481673.613035, "LAB/USDT": 1781481673.613035, "XRP/USDT": 1781481673.613035, "SKYAI/USDT": 1781481673.613035, "ADA/USDT": 1781481673.613035, "H/USDT": 1781481673.613035, "OPG/USDT": 1781481960.80605, "EVAA/USDT": 1781482253.3253715, "JCT/USDT": 1781482857.8721397}, "vals": {"SIREN/USDT": 3.07, "ESPORTS/USDT": 6.04, "JELLYJELLY/USDT": 4.05}}