{"set": ["NASDAQ:AHMA", "NASDAQ:CCTG", "NASDAQ:CRE", "NASDAQ:CRVO", "NASDAQ:GDHG", "NASDAQ:MAMO", "NASDAQ:OBAI", "NASDAQ:SUGP", "NASDAQ:WNW"], "left": {"NASDAQ:GLXG": 1781683303.2196813, "NASDAQ:HUBC": 1781683303.2196813, "NASDAQ:BYAH": 1781683303.2196813, "NASDAQ:VSME": 1781683303.2196813, "NASDAQ:CAST": 1781683303.2196813, "NASDAQ:MTEN": 1781683303.2196813, "AMEX:RGNT": 1781683303.2196813, "NASDAQ:TDIC": 1781683303.2196813}, "vals": {"NASDAQ:GDHG": 40.49, "NASDAQ:OBAI": 69.64, "NASDAQ:MAMO": 17.93, "NASDAQ:CRVO": 34.68, "NASDAQ:CRE": 33.65, "NASDAQ:WNW": 18.4, "NASDAQ:SUGP": 172.57, "NASDAQ:CCTG": 16.41, "NASDAQ:AHMA": 55.7}}