{"set": ["EPIC/USDT", "HMSTR/USDT", "LIT/USDT", "VANRY/USDT"], "left": {"SLX/USDT": 1783339560.0558045, "NES/USDT": 1783341687.403493, "TLM/USDT": 1783357913.22757}, "vals": {"VANRY/USDT": 35.44, "HMSTR/USDT": 23.77, "LIT/USDT": 7.44, "EPIC/USDT": 3.92}}