{"set": ["T/USDT"], "left": {"US/USDT": 1783972934.413395, "BEAT/USDT": 1783974732.8572874, "JCT/USDT": 1783987300.7984977, "BILL/USDT": 1783987300.7984977, "AIOT/USDT": 1783987803.5524895, "ALLO/USDT": 1783987803.5524895, "DEXE/USDT": 1783987803.5524895, "LAB/USDT": 1783988484.2526884, "VELVET/USDT": 1783988484.2526884}, "vals": {"T/USDT": 12.22}}