{"set": ["ACT/USDT"], "left": {"ENA/USDT": 1782758799.5168116, "WLFI/USDT": 1782773166.404553, "BEAT/USDT": 1782776765.6729114, "AGLD/USDT": 1782777687.2265365, "O/USDT": 1782777687.2265365, "BAS/USDT": 1782777687.2265365, "RAVE/USDT": 1782777687.2265365, "RE/USDT": 1782777687.2265365, "PUMPFUN/USDT": 1782777967.3393908, "SYN/USDT": 1782778255.6105034, "UB/USDT": 1782778255.6105034, "TAC/USDT": 1782778255.6105034, "KAS/USDT": 1782778255.6105034, "POWR/USDT": 1782778255.6105034}, "vals": {"ACT/USDT": 3.4}}