{"set": ["BEAT/USDT", "CLO/USDT", "H/USDT", "SKYAI/USDT", "XLM/USDT"], "left": {"CFX/USDT": 1781738757.260513, "BSB/USDT": 1781740871.493052, "SPX/USDT": 1781740871.493052, "AGT/USDT": 1781740871.493052, "XPL/USDT": 1781740871.493052, "ASTER/USDT": 1781740871.493052, "ENA/USDT": 1781750162.3179739, "BIO/USDT": 1781754965.8192444, "ESPORTS/USDT": 1781756461.3962245, "SIREN/USDT": 1781756461.3962245, "LAB/USDT": 1781756461.3962245}, "vals": {"CLO/USDT": 9.18, "BEAT/USDT": 3.77, "H/USDT": 5.63, "SKYAI/USDT": 8.37, "XLM/USDT": 3.13}}