{"set": ["BAS/USDT", "HMSTR/USDT", "LAB/USDT", "TLM/USDT", "VELVET/USDT"], "left": {"PEPE/USDT": 1783138560.072619, "BEAT/USDT": 1783152087.5974643, "ARPA/USDT": 1783155067.7548878, "M/USDT": 1783156866.0673656}, "vals": {"HMSTR/USDT": 21.31, "BAS/USDT": 14.74, "LAB/USDT": 62.75, "VELVET/USDT": 12.79, "TLM/USDT": 4.02}}