{"set": ["ADA/USDT", "ARPA/USDT", "BAS/USDT", "DOGE/USDT", "PEPE/USDT", "THE/USDT", "XPL/USDT", "ZKP/USDT"], "left": {"US/USDT": 1783076497.9331872, "M/USDT": 1783077676.7961626, "TLM/USDT": 1783086711.4939227, "GUA/USDT": 1783090924.7562869, "MAGMA/USDT": 1783090924.7562869}, "vals": {"PEPE/USDT": 5.49, "ARPA/USDT": 33.91, "ZKP/USDT": 26.13, "BAS/USDT": 10.81, "THE/USDT": 15.77, "XPL/USDT": 17.77, "ADA/USDT": 6.07, "DOGE/USDT": 3.61}}