{"set": ["ARB/USDT", "ENA/USDT", "PEPE/USDT", "SKL/USDT", "SLX/USDT", "TAG/USDT", "VELVET/USDT"], "left": {"EVAA/USDT": 1783689119.642727, "NES/USDT": 1783699326.616672, "LAB/USDT": 1783700519.6662383, "SKYAI/USDT": 1783701715.5496628}, "vals": {"PEPE/USDT": 8.95, "TAG/USDT": 8.64, "SKL/USDT": 25.79, "VELVET/USDT": 4.29, "ENA/USDT": 4.07, "ARB/USDT": 3.06, "SLX/USDT": 7.24}}