{"set": ["ASTEROID/USDT", "BSB/USDT", "FARTCOIN/USDT", "H/USDT", "JTO/USDT", "LAB/USDT", "SKYAI/USDT", "SPACE/USDT", "UNI/USDT", "XLM/USDT", "\u9f99\u867e/USDT"], "left": {"ZRO/USDT": 1781607718.8485653, "CHIP/USDT": 1781613111.0452197, "ENA/USDT": 1781615200.7178867, "VELVET/USDT": 1781619706.3217, "OPG/USDT": 1781623605.6902158}, "vals": {"ASTEROID/USDT": 21.87, "SPACE/USDT": 12.14, "\u9f99\u867e/USDT": 39.8, "LAB/USDT": 38.65, "H/USDT": 6.94, "SKYAI/USDT": 18.35, "BSB/USDT": 46.48, "XLM/USDT": 3.54, "JTO/USDT": 9.86, "UNI/USDT": 6.47, "FARTCOIN/USDT": 3.95}}