{"set": ["ADA/USDT", "ARPA/USDT", "BAS/USDT", "DOGE/USDT", "PEPE/USDT", "THE/USDT", "TLM/USDT", "XPL/USDT", "ZKP/USDT"], "left": {"US/USDT": 1783076497.9331872, "M/USDT": 1783077676.7961626, "GUA/USDT": 1783090924.7562869, "ENA/USDT": 1783092107.0772421, "XRP/USDT": 1783092994.5928607, "MAGMA/USDT": 1783092994.5928607}, "vals": {"PEPE/USDT": 4.87, "ARPA/USDT": 30.9, "ZKP/USDT": 25.57, "BAS/USDT": 6.82, "THE/USDT": 25.35, "TLM/USDT": 3.05, "XPL/USDT": 18.08, "ADA/USDT": 6.2, "DOGE/USDT": 3.1}}