{"set": ["ADA/USDT", "BASED/USDT", "BTW/USDT", "DYDX/USDT", "O/USDT", "SKYAI/USDT", "TAIKO/USDT", "XLM/USDT"], "left": {"H/USDT": 1782878264.681469, "RAVE/USDT": 1782880563.4311125, "RE/USDT": 1782882087.2449737, "BEAT/USDT": 1782887166.1826334, "M/USDT": 1782890466.8994803, "BAS/USDT": 1782893770.2541168}, "vals": {"BTW/USDT": 18.06, "BASED/USDT": 18.7, "TAIKO/USDT": 19.62, "XLM/USDT": 5.92, "ADA/USDT": 4.3, "O/USDT": 3.48, "SKYAI/USDT": 11.93, "DYDX/USDT": 4.59}}