{"set": ["ASTEROID/USDT", "BSB/USDT", "EVAA/USDT", "FARTCOIN/USDT", "JTO/USDT", "SIREN/USDT", "XLM/USDT", "XRP/USDT", "ZRO/USDT"], "left": {"TRADOOR/USDT": 1781535721.159713, "ADA/USDT": 1781542302.2382748, "WLFI/USDT": 1781545603.9212775, "CHIP/USDT": 1781550146.310581, "PEPE/USDT": 1781551306.9101093, "CLO/USDT": 1781555509.6523776, "ESPORTS/USDT": 1781556408.3552203, "ENA/USDT": 1781556408.3552203}, "vals": {"ASTEROID/USDT": 75.0, "SIREN/USDT": 5.49, "EVAA/USDT": 57.78, "XRP/USDT": 7.05, "ZRO/USDT": 17.64, "XLM/USDT": 15.65, "JTO/USDT": 35.03, "BSB/USDT": 33.4, "FARTCOIN/USDT": 4.04}}