{"set": ["LIT/USDT", "TLM/USDT", "VANRY/USDT"], "left": {"UB/USDT": 1783329958.4682093, "LAB/USDT": 1783336275.4230828, "SLX/USDT": 1783339560.0558045, "NES/USDT": 1783341687.403493, "HMSTR/USDT": 1783348303.759548}, "vals": {"VANRY/USDT": 68.0, "TLM/USDT": 8.58, "LIT/USDT": 4.43}}