{"set": ["AIGENSYN/USDT", "BEAT/USDT", "H/USDT", "M/USDT", "TAC/USDT", "XLM/USDT"], "left": {"SLX/USDT": 1782838920.917782, "IN/USDT": 1782840398.3848712, "VELVET/USDT": 1782843094.4822547, "BTW/USDT": 1782852996.825036}, "vals": {"AIGENSYN/USDT": 7.99, "TAC/USDT": 3.0, "M/USDT": 21.11, "XLM/USDT": 4.35, "H/USDT": 22.07, "BEAT/USDT": 5.16}}