{"set": ["BEAT/USDT", "BTW/USDT", "ESPORTS/USDT", "SKYAI/USDT", "UNI/USDT", "XLM/USDT", "\u9f99\u867e/USDT"], "left": {"SPX/USDT": 1781654485.207243, "JTO/USDT": 1781654485.207243, "SPACE/USDT": 1781654485.207243, "ASTEROID/USDT": 1781654485.207243, "LUNC/USDT": 1781654750.7251735, "BLESS/USDT": 1781654750.7251735, "VELVET/USDT": 1781654750.7251735, "BSB/USDT": 1781655354.1214187, "EVAA/USDT": 1781655959.2465234, "BR/USDT": 1781660456.923042, "H/USDT": 1781668262.6370485, "LAB/USDT": 1781668262.6370485}, "vals": {"\u9f99\u867e/USDT": 4.73, "BTW/USDT": 7.47, "ESPORTS/USDT": 12.99, "BEAT/USDT": 11.46, "SKYAI/USDT": 3.9, "XLM/USDT": 3.99, "UNI/USDT": 6.66}}