{"set": ["B/USDT", "ENA/USDT", "LAB/USDT", "VELVET/USDT"], "left": {"T/USDT": 1784000475.9117653, "ZBT/USDT": 1784013089.8568041, "BILL/USDT": 1784016964.7876046}, "vals": {"LAB/USDT": 4.74, "VELVET/USDT": 4.52, "B/USDT": 3.24, "ENA/USDT": 6.7}}