{"set": ["NASDAQ:ZYBT"], "left": {"NASDAQ:PMAX": 1784620901.221559, "AMEX:SLND": 1784620901.221559, "NASDAQ:ADVB": 1784622089.4135, "NASDAQ:SKYQ": 1784622089.4135, "AMEX:BRIA": 1784622089.4135, "NASDAQ:BIYA": 1784622089.4135}, "vals": {"NASDAQ:ZYBT": 81.95}}