{"set": ["ARB/USDT", "EDGEX/USDT", "ENA/USDT", "EVAA/USDT", "TAG/USDT", "US/USDT"], "left": {"ESPORTS/USDT": 1783641690.7023995, "BASED/USDT": 1783641690.7023995, "SKYAI/USDT": 1783641690.7023995, "TAC/USDT": 1783645561.3696177, "LAB/USDT": 1783655770.6820495, "VANRY/USDT": 1783656092.6123552}, "vals": {"TAG/USDT": 9.76, "US/USDT": 3.31, "EDGEX/USDT": 3.98, "ENA/USDT": 3.01, "EVAA/USDT": 10.77, "ARB/USDT": 4.33}}