{"set": ["BTW/USDT", "ESPORTS/USDT", "LAYER/USDT", "MMT/USDT", "RESOLV/USDT"], "left": {"H/USDT": 1782193564.0633771, "HMSTR/USDT": 1782194477.5189312, "ID/USDT": 1782203167.1947546, "BEL/USDT": 1782203478.1150124, "FOLKS/USDT": 1782206171.7866685, "CLO/USDT": 1782212175.997281}, "vals": {"BTW/USDT": 4.46, "RESOLV/USDT": 25.46, "MMT/USDT": 5.29, "ESPORTS/USDT": 16.27, "LAYER/USDT": 6.29}}