{"set": ["MAGMA/USDT", "US/USDT", "VELVET/USDT"], "left": {"CLO/USDT": 1783900898.0197139, "VANRY/USDT": 1783900898.0197139, "PIPPIN/USDT": 1783901479.7070339, "ANSEM/USDT": 1783901479.7070339, "DODO/USDT": 1783901479.7070339, "EVAA/USDT": 1783904780.384812, "B/USDT": 1783905680.3467035, "T/USDT": 1783912286.0091739, "BEAT/USDT": 1783916167.5853467, "LAB/USDT": 1783919158.873399}, "vals": {"US/USDT": 5.25, "VELVET/USDT": 13.19, "MAGMA/USDT": 14.94}}