{"set": ["AGT/USDT", "ASTEROID/USDT", "BIO/USDT", "CLO/USDT", "LAB/USDT", "VELVET/USDT", "XLM/USDT"], "left": {"H/USDT": 1781811111.6969812, "FOLKS/USDT": 1781813494.8512738, "SKYAI/USDT": 1781818561.0220134, "BTW/USDT": 1781819758.0372095}, "vals": {"ASTEROID/USDT": 133.87, "AGT/USDT": 3.67, "VELVET/USDT": 27.15, "LAB/USDT": 32.86, "CLO/USDT": 10.38, "XLM/USDT": 3.21, "BIO/USDT": 6.65}}