{"set": ["ADA/USDT", "ARPA/USDT", "BAS/USDT", "GUA/USDT", "PEPE/USDT"], "left": {"TAC/USDT": 1783066278.9986367, "MAGMA/USDT": 1783074080.1558797, "US/USDT": 1783076497.9331872, "M/USDT": 1783077676.7961626, "TLM/USDT": 1783079495.179191}, "vals": {"PEPE/USDT": 5.16, "ARPA/USDT": 59.68, "BAS/USDT": 24.34, "GUA/USDT": 10.62, "ADA/USDT": 4.89}}