{"set": ["BEAT/USDT", "BTW/USDT", "CLO/USDT", "HEI/USDT"], "left": {"FOLKS/USDT": 1781877095.3719654, "BSB/USDT": 1781879573.9431124, "SKYAI/USDT": 1781883996.51313}, "vals": {"BTW/USDT": 43.5, "CLO/USDT": 4.87, "BEAT/USDT": 14.5, "HEI/USDT": 32.81}}