{"set": ["BAS/USDT", "HMSTR/USDT", "LAB/USDT", "M/USDT", "TLM/USDT"], "left": {"THE/USDT": 1783123297.2848868, "ZKP/USDT": 1783123297.2848868, "ENA/USDT": 1783123297.2848868, "GUA/USDT": 1783123297.2848868, "ADA/USDT": 1783123297.2848868, "UB/USDT": 1783123297.2848868, "ARPA/USDT": 1783123297.2848868, "DOGE/USDT": 1783123297.2848868, "XRP/USDT": 1783123297.2848868, "XPL/USDT": 1783123297.2848868, "PIPPIN/USDT": 1783123297.2848868, "NOM/USDT": 1783123568.217241, "BASED/USDT": 1783123862.1217744, "1000BONK/USDT": 1783123862.1217744, "FLOKI/USDT": 1783123862.1217744, "ANSEM/USDT": 1783123862.1217744, "MAGMA/USDT": 1783123862.1217744, "NEX/USDT": 1783123862.1217744, "VELVET/USDT": 1783135872.1377704, "PEPE/USDT": 1783138560.072619, "BEAT/USDT": 1783139472.7572594}, "vals": {"HMSTR/USDT": 23.14, "BAS/USDT": 7.31, "LAB/USDT": 25.81, "M/USDT": 3.85, "TLM/USDT": 8.8}}