{"set": ["ASTER/USDT", "BSB/USDT", "BTW/USDT", "ENA/USDT", "ESPORTS/USDT", "SPX/USDT", "XLM/USDT", "XPL/USDT"], "left": {"\u9f99\u867e/USDT": 1781693503.6220849, "UNI/USDT": 1781694395.6005182, "BR/USDT": 1781704931.8404937, "SIREN/USDT": 1781706106.1390588, "BLESS/USDT": 1781707612.2553997}, "vals": {"ESPORTS/USDT": 32.06, "SPX/USDT": 13.18, "BTW/USDT": 5.27, "ASTER/USDT": 16.62, "XPL/USDT": 27.01, "BSB/USDT": 11.32, "ENA/USDT": 6.6, "XLM/USDT": 4.13}}