{"set": ["ACT/USDT", "LAB/USDT", "O/USDT", "RAVE/USDT", "UB/USDT", "VELVET/USDT", "WIF/USDT"], "left": {"BAS/USDT": 1782632469.004419, "BEAT/USDT": 1782640559.905485, "BTW/USDT": 1782645662.3460834, "SLX/USDT": 1782647162.4819467}, "vals": {"UB/USDT": 11.78, "VELVET/USDT": 12.76, "ACT/USDT": 91.48, "LAB/USDT": 4.31, "RAVE/USDT": 18.11, "O/USDT": 19.88, "WIF/USDT": 6.27}}