{"set": ["BEAT/USDT", "H/USDT", "HEI/USDT", "LAB/USDT", "MAGMA/USDT", "SKYAI/USDT", "TNSR/USDT", "UB/USDT", "VELVET/USDT"], "left": {"PUMP/USDT": 1782461769.381446, "G/USDT": 1782471687.5486228, "SLX/USDT": 1782476197.4772115, "BTW/USDT": 1782479795.881762, "BAS/USDT": 1782481300.0111523}, "vals": {"UB/USDT": 7.97, "LAB/USDT": 3.01, "MAGMA/USDT": 61.86, "VELVET/USDT": 25.43, "BEAT/USDT": 12.65, "SKYAI/USDT": 17.95, "TNSR/USDT": 3.54, "H/USDT": 5.39, "HEI/USDT": 9.31}}