{"set": ["CLO/USDT", "EPIC/USDT", "ESPORTS/USDT"], "left": {"BLESS/USDT": 1781982081.5463178, "BEAT/USDT": 1781987474.5337448, "BICO/USDT": 1782000069.9734209, "GALA/USDT": 1782000069.9734209, "LAB/USDT": 1782000069.9734209, "SLX/USDT": 1782000069.9734209, "BEL/USDT": 1782003355.8145847, "BTW/USDT": 1782003672.5144403}, "vals": {"ESPORTS/USDT": 3.04, "CLO/USDT": 3.32, "EPIC/USDT": 4.54}}