{"set": ["EDGEX/USDT", "KAITO/USDT", "SKYAI/USDT", "TAG/USDT", "VANRY/USDT"], "left": {"CLO/USDT": 1783587968.868174, "POWER/USDT": 1783589763.6256015, "UNI/USDT": 1783592763.5796893, "ENA/USDT": 1783592763.5796893}, "vals": {"TAG/USDT": 67.44, "EDGEX/USDT": 6.37, "VANRY/USDT": 15.24, "SKYAI/USDT": 6.03, "KAITO/USDT": 4.18}}