{"set": ["COAI/USDT", "ESPORTS/USDT", "H/USDT", "LAB/USDT", "MEGA/USDT", "VELVET/USDT"], "left": {"BEAT/USDT": 1781413867.731363, "SIREN/USDT": 1781419275.604243, "JCT/USDT": 1781421883.298276, "BTW/USDT": 1781424415.2144573, "SKYAI/USDT": 1781425022.4669201}, "vals": {"ESPORTS/USDT": 9.47, "VELVET/USDT": 32.09, "COAI/USDT": 12.18, "MEGA/USDT": 3.09, "H/USDT": 65.97, "LAB/USDT": 8.21}}