{"set": ["ALICE/USDT", "EIGEN/USDT", "EPIC/USDT", "ESPORTS/USDT", "SLX/USDT"], "left": {"BEAT/USDT": 1781987474.5337448, "BICO/USDT": 1782000069.9734209, "GALA/USDT": 1782000069.9734209, "LAB/USDT": 1782000069.9734209, "BEL/USDT": 1782003355.8145847, "BTW/USDT": 1782003672.5144403, "CLO/USDT": 1782003954.350042}, "vals": {"ESPORTS/USDT": 3.35, "SLX/USDT": 11.91, "EIGEN/USDT": 5.8, "EPIC/USDT": 7.07, "ALICE/USDT": 17.48}}