{"set": ["BIO/USDT", "BTW/USDT", "CLO/USDT", "FOLKS/USDT", "H/USDT", "LAB/USDT", "XLM/USDT", "\u9f99\u867e/USDT"], "left": {"SIREN/USDT": 1781781403.490746, "HOME/USDT": 1781787725.655748, "AGT/USDT": 1781787725.655748, "SKYAI/USDT": 1781792499.600806}, "vals": {"\u9f99\u867e/USDT": 7.81, "LAB/USDT": 22.31, "BTW/USDT": 5.92, "CLO/USDT": 18.46, "H/USDT": 14.15, "XLM/USDT": 10.49, "FOLKS/USDT": 18.86, "BIO/USDT": 4.12}}