{"set": ["AKE/USDT", "LAB/USDT"], "left": {"FWDISTOCK/USDT": 1784679653.758968, "ESPORTS/USDT": 1784679653.758968, "NIGHT/USDT": 1784679653.758968, "B/USDT": 1784679653.758968, "PUMPFUN/USDT": 1784679653.758968, "BANK/USDT": 1784698861.5060885, "US/USDT": 1784700656.3782835}, "vals": {"AKE/USDT": 4.39, "LAB/USDT": 18.89}}