{"set": ["BAS/USDT", "BEAT/USDT", "LAB/USDT", "SKYAI/USDT", "SLX/USDT", "UB/USDT"], "left": {"PUMP/USDT": 1782461769.381446, "TNSR/USDT": 1782470169.4527218, "G/USDT": 1782471687.5486228, "H/USDT": 1782471687.5486228, "BTW/USDT": 1782472278.3477647}, "vals": {"UB/USDT": 10.69, "BAS/USDT": 5.29, "LAB/USDT": 3.52, "SLX/USDT": 6.91, "BEAT/USDT": 17.04, "SKYAI/USDT": 11.04}}