{"set": ["ACE/USDT", "BANK/USDT", "BONK/USDT", "HANA/USDT", "KAITO/USDT", "PI/USDT", "PROM/USDT", "PUMP/USDT"], "left": {"HOME/USDT": 1784561775.2969363, "PEPE/USDT": 1784564500.1598353, "LAB/USDT": 1784568398.64854, "B/USDT": 1784570799.41474, "ENA/USDT": 1784574394.6410167, "ONDO/USDT": 1784576195.8675315}, "vals": {"BONK/USDT": 8.4, "PUMP/USDT": 3.5, "HANA/USDT": 17.83, "BANK/USDT": 24.79, "ACE/USDT": 62.87, "PROM/USDT": 35.71, "KAITO/USDT": 4.2, "PI/USDT": 7.24}}