{"set": ["AKE/USDT", "BANK/USDT", "BILL/USDT", "KAITO/USDT", "ONDO/USDT"], "left": {"SKYAI/USDT": 1784269265.0068219, "US/USDT": 1784274962.0930705, "TAC/USDT": 1784275556.5844533, "ESPORTS/USDT": 1784289361.5060365}, "vals": {"AKE/USDT": 14.2, "BANK/USDT": 33.99, "BILL/USDT": 3.28, "KAITO/USDT": 4.76, "ONDO/USDT": 4.65}}