{"set": ["ASTEROID/USDT", "CHIP/USDT", "CLO/USDT", "EVAA/USDT", "H/USDT", "JCT/USDT", "JELLYJELLY/USDT", "SIREN/USDT"], "left": {"TRADOOR/USDT": 1781481361.106416, "BTW/USDT": 1781481673.613035, "XRP/USDT": 1781481673.613035, "ADA/USDT": 1781481673.613035, "COAI/USDT": 1781484059.012646, "LAB/USDT": 1781486463.1124449, "OPG/USDT": 1781488257.9583573, "BEAT/USDT": 1781490960.807529, "VELVET/USDT": 1781493062.1771092, "ESPORTS/USDT": 1781499372.4338498, "SKYAI/USDT": 1781499372.4338498}, "vals": {"ASTEROID/USDT": 115.94, "JCT/USDT": 6.77, "SIREN/USDT": 20.69, "CHIP/USDT": 5.04, "JELLYJELLY/USDT": 5.51, "H/USDT": 3.96, "CLO/USDT": 28.23, "EVAA/USDT": 28.68}}