{"set": ["ARB/USDT", "EDGEX/USDT", "ENA/USDT", "EVAA/USDT", "TAG/USDT"], "left": {"ESPORTS/USDT": 1783641690.7023995, "BASED/USDT": 1783641690.7023995, "SKYAI/USDT": 1783641690.7023995, "TAC/USDT": 1783645561.3696177, "LAB/USDT": 1783655770.6820495, "US/USDT": 1783656092.6123552, "VANRY/USDT": 1783656092.6123552}, "vals": {"TAG/USDT": 9.02, "EDGEX/USDT": 6.19, "ENA/USDT": 3.57, "EVAA/USDT": 7.28, "ARB/USDT": 4.55}}