{"set": ["CLO/USDT", "ESPORTS/USDT", "LAYER/USDT", "MMT/USDT", "RESOLV/USDT"], "left": {"H/USDT": 1782193564.0633771, "HMSTR/USDT": 1782194477.5189312, "ID/USDT": 1782203167.1947546, "BEL/USDT": 1782203478.1150124, "FOLKS/USDT": 1782206171.7866685}, "vals": {"RESOLV/USDT": 9.93, "MMT/USDT": 5.87, "ESPORTS/USDT": 14.58, "CLO/USDT": 12.85, "LAYER/USDT": 12.66}}