{"set": ["BTW/USDT", "H/USDT", "IN/USDT", "TAC/USDT", "XLM/USDT"], "left": {"BSB/USDT": 1782820889.3240445, "AIGENSYN/USDT": 1782837695.0527358, "SLX/USDT": 1782838920.917782}, "vals": {"IN/USDT": 25.94, "TAC/USDT": 5.89, "BTW/USDT": 5.57, "XLM/USDT": 4.71, "H/USDT": 24.87}}