{"set": ["BAS/USDT", "GUA/USDT", "M/USDT", "MAGMA/USDT", "TAC/USDT", "TLM/USDT"], "left": {"TAIKO/USDT": 1783045553.4454162, "ADA/USDT": 1783051553.579309, "NFP/USDT": 1783054882.8246603, "VELVET/USDT": 1783057559.6459973, "US/USDT": 1783065972.9090137}, "vals": {"BAS/USDT": 9.11, "M/USDT": 8.29, "GUA/USDT": 11.55, "TLM/USDT": 13.18, "MAGMA/USDT": 3.29, "TAC/USDT": 3.24}}