{"set": ["EPIC/USDT", "TLM/USDT", "VANRY/USDT"], "left": {"LIT/USDT": 1783382508.6813967, "US/USDT": 1783383355.9862242, "BILL/USDT": 1783383355.9862242, "BLUR/USDT": 1783383355.9862242, "HMSTR/USDT": 1783383355.9862242, "TRIA/USDT": 1783383355.9862242, "ANSEM/USDT": 1783383355.9862242, "NES/USDT": 1783389692.3853424, "LAB/USDT": 1783392672.6208339}, "vals": {"VANRY/USDT": 11.21, "TLM/USDT": 3.32, "EPIC/USDT": 16.97}}