{"set": ["B/USDT", "BEAT/USDT", "SKL/USDT", "VIRTUAL/USDT", "XPIN/USDT"], "left": {"PEPE/USDT": 1783728101.8741095, "ARB/USDT": 1783728101.8741095, "ENA/USDT": 1783728101.8741095, "TRIA/USDT": 1783728352.145342, "TAC/USDT": 1783728352.145342, "FARTCOIN/USDT": 1783728352.145342, "US/USDT": 1783728352.145342, "ANSEM/USDT": 1783728352.145342, "MMT/USDT": 1783728352.145342, "EVAA/USDT": 1783735287.41563, "SKYAI/USDT": 1783746087.935097, "TAG/USDT": 1783746087.935097}, "vals": {"XPIN/USDT": 6.52, "SKL/USDT": 10.1, "B/USDT": 16.4, "VIRTUAL/USDT": 3.78, "BEAT/USDT": 3.55}}