{"set": ["AKE/USDT", "US/USDT", "VANRY/USDT"], "left": {"BEAT/USDT": 1784160096.0925872, "PUMP/USDT": 1784160096.0925872, "ROAM/USDT": 1784160352.5193465, "ONDO/USDT": 1784160352.5193465, "LAB/USDT": 1784160957.2544622, "PI/USDT": 1784169683.306033, "VELVET/USDT": 1784170555.7320085, "RAVE/USDT": 1784172951.8677135}, "vals": {"AKE/USDT": 10.91, "US/USDT": 12.07, "VANRY/USDT": 3.21}}