{"set": ["BAS/USDT", "BEAT/USDT", "LAB/USDT", "MAGMA/USDT", "SKYAI/USDT", "UB/USDT", "VELVET/USDT"], "left": {"G/USDT": 1782471687.5486228, "SLX/USDT": 1782476197.4772115, "BTW/USDT": 1782479795.881762, "PUMP/USDT": 1782482520.7389536, "TNSR/USDT": 1782483095.3601108, "HEI/USDT": 1782483095.3601108, "H/USDT": 1782486396.0759606}, "vals": {"UB/USDT": 6.02, "BAS/USDT": 7.13, "MAGMA/USDT": 67.68, "LAB/USDT": 3.65, "VELVET/USDT": 16.9, "BEAT/USDT": 13.41, "SKYAI/USDT": 16.34}}