{"set": ["AGT/USDT", "ASTER/USDT", "BSB/USDT", "BTW/USDT", "ENA/USDT", "ESPORTS/USDT", "SPX/USDT", "XLM/USDT", "XPL/USDT"], "left": {"\u9f99\u867e/USDT": 1781693503.6220849, "UNI/USDT": 1781694395.6005182, "BR/USDT": 1781704931.8404937, "SIREN/USDT": 1781706106.1390588, "BLESS/USDT": 1781708195.3541362}, "vals": {"AGT/USDT": 109.44, "ESPORTS/USDT": 31.7, "SPX/USDT": 13.36, "ASTER/USDT": 16.81, "BTW/USDT": 3.43, "XPL/USDT": 24.41, "BSB/USDT": 13.09, "ENA/USDT": 5.41, "XLM/USDT": 3.93}}