{"set": ["ASTEROID/USDT", "BSB/USDT", "JTO/USDT", "LAB/USDT", "SKYAI/USDT", "SPACE/USDT", "UNI/USDT", "XLM/USDT"], "left": {"ZRO/USDT": 1781607718.8485653, "CHIP/USDT": 1781613111.0452197, "ENA/USDT": 1781615200.7178867, "VELVET/USDT": 1781619706.3217, "OPG/USDT": 1781619706.3217, "FARTCOIN/USDT": 1781619706.3217}, "vals": {"ASTEROID/USDT": 28.29, "SPACE/USDT": 13.82, "LAB/USDT": 36.99, "SKYAI/USDT": 20.63, "XLM/USDT": 4.33, "BSB/USDT": 47.82, "JTO/USDT": 16.5, "UNI/USDT": 5.1}}