{"set": ["CRO/USDT", "KAITO/USDT", "SKYAI/USDT", "TAC/USDT", "US/USDT"], "left": {"PUMP/USDT": 1784240758.4403362, "FLOCK/USDT": 1784246480.3950748, "AKE/USDT": 1784247964.9534473, "LAB/USDT": 1784248559.4605422, "BANK/USDT": 1784249759.4090028, "RAVE/USDT": 1784250962.934766, "ESPORTS/USDT": 1784257872.7741404}, "vals": {"CRO/USDT": 3.02, "US/USDT": 3.65, "SKYAI/USDT": 10.78, "TAC/USDT": 12.01, "KAITO/USDT": 11.31}}