{"set": ["ASTEROID/USDT", "BEAT/USDT", "BEL/USDT", "BTW/USDT", "CLO/USDT", "EIGEN/USDT", "ESPORTS/USDT", "UB/USDT"], "left": {"SKYAI/USDT": 1781911872.545053, "SYN/USDT": 1781913954.9455822, "BLESS/USDT": 1781913954.9455822, "BASED/USDT": 1781915763.145682, "LAB/USDT": 1781916662.773172, "BICO/USDT": 1781921462.5297523, "HEI/USDT": 1781924153.5218754, "BSB/USDT": 1781928667.8585749}, "vals": {"ASTEROID/USDT": 5.26, "UB/USDT": 3.53, "BTW/USDT": 5.66, "ESPORTS/USDT": 5.55, "BEL/USDT": 6.8, "CLO/USDT": 8.61, "BEAT/USDT": 9.02, "EIGEN/USDT": 9.97}}