{"set": ["BILL/USDT", "JCT/USDT", "VELVET/USDT"], "left": {"MAGMA/USDT": 1783962140.1435876, "B/USDT": 1783963328.5499465, "US/USDT": 1783965729.0602973}, "vals": {"JCT/USDT": 18.36, "BILL/USDT": 14.37, "VELVET/USDT": 19.7}}