{"set": ["AIGENSYN/USDT", "BSB/USDT", "BTW/USDT"], "left": {"BAS/USDT": 1782792959.6378183, "BEAT/USDT": 1782793259.0445502, "O/USDT": 1782797758.5825481, "VELVET/USDT": 1782799858.5735085, "CAP/USDT": 1782805859.594563, "MYX/USDT": 1782805859.594563, "KAS/USDT": 1782805859.594563, "SYN/USDT": 1782805859.594563, "XLM/USDT": 1782809160.032642, "TAC/USDT": 1782812785.3219488}, "vals": {"AIGENSYN/USDT": 5.25, "BTW/USDT": 36.0, "BSB/USDT": 3.97}}