{"set": ["BIO/USDT", "CLO/USDT", "FOLKS/USDT", "LAB/USDT", "SKYAI/USDT", "VELVET/USDT", "XLM/USDT"], "left": {"HOME/USDT": 1781787725.655748, "\u9f99\u867e/USDT": 1781794001.5678475, "AGT/USDT": 1781802703.5421944, "H/USDT": 1781803907.6361732, "BTW/USDT": 1781806601.9071543}, "vals": {"VELVET/USDT": 59.32, "LAB/USDT": 28.87, "CLO/USDT": 16.5, "XLM/USDT": 4.11, "FOLKS/USDT": 5.98, "SKYAI/USDT": 3.66, "BIO/USDT": 4.69}}