{"set": ["EPIC/USDT", "HMSTR/USDT", "LIT/USDT", "TLM/USDT", "VANRY/USDT"], "left": {"LAB/USDT": 1783336275.4230828, "SLX/USDT": 1783339560.0558045, "NES/USDT": 1783341687.403493}, "vals": {"VANRY/USDT": 40.92, "HMSTR/USDT": 13.49, "TLM/USDT": 4.44, "LIT/USDT": 9.19, "EPIC/USDT": 3.34}}