{"set": ["BIO/USDT", "CLO/USDT", "H/USDT", "HOME/USDT", "LAB/USDT", "SKYAI/USDT", "XLM/USDT"], "left": {"ESPORTS/USDT": 1781770868.3157644, "BTW/USDT": 1781780192.775756, "AGT/USDT": 1781780578.2122939, "SIREN/USDT": 1781781403.490746}, "vals": {"HOME/USDT": 14.22, "LAB/USDT": 19.66, "CLO/USDT": 23.55, "H/USDT": 8.54, "XLM/USDT": 4.54, "SKYAI/USDT": 9.73, "BIO/USDT": 6.19}}