{"set": ["ALLO/USDT", "BEL/USDT", "BTW/USDT", "CLO/USDT", "EIGEN/USDT", "ENA/USDT", "ID/USDT", "LAB/USDT", "LAYER/USDT"], "left": {"DOGE/USDT": 1782137202.693339, "UB/USDT": 1782137510.7530808, "XRP/USDT": 1782137510.7530808, "ADA/USDT": 1782138403.9731681, "PEPE/USDT": 1782142915.8657644, "RESOLV/USDT": 1782148301.422766, "HMSTR/USDT": 1782150701.943051, "RE/USDT": 1782153397.2343817}, "vals": {"BTW/USDT": 9.54, "LAB/USDT": 3.99, "CLO/USDT": 30.38, "LAYER/USDT": 15.98, "BEL/USDT": 20.56, "ENA/USDT": 6.5, "ID/USDT": 22.77, "ALLO/USDT": 11.87, "EIGEN/USDT": 9.05}}