{"set": ["AGT/USDT", "ASTER/USDT", "BTW/USDT", "ENA/USDT", "ESPORTS/USDT", "SPX/USDT", "XLM/USDT", "XPL/USDT"], "left": {"UNI/USDT": 1781694395.6005182, "BR/USDT": 1781704931.8404937, "SIREN/USDT": 1781706106.1390588, "BSB/USDT": 1781712126.3949327, "BLESS/USDT": 1781715110.8391185}, "vals": {"AGT/USDT": 107.64, "ESPORTS/USDT": 34.38, "SPX/USDT": 16.33, "ASTER/USDT": 12.84, "BTW/USDT": 10.01, "XPL/USDT": 29.68, "ENA/USDT": 8.8, "XLM/USDT": 4.04}}