{"set": ["BEL/USDT", "LAB/USDT", "O/USDT", "SLX/USDT"], "left": {"ESPORTS/USDT": 1782285955.3146243, "BTW/USDT": 1782288361.8589675, "BEAT/USDT": 1782288361.8589675, "CLO/USDT": 1782294664.5462575, "G/USDT": 1782302490.2419248}, "vals": {"LAB/USDT": 14.19, "O/USDT": 23.52, "SLX/USDT": 31.39, "BEL/USDT": 4.65}}