{"set": ["AKE/USDT", "ESPORTS/USDT", "KAITO/USDT", "US/USDT"], "left": {"LAB/USDT": 1784419277.0800655, "AVAAI/USDT": 1784419277.0800655, "B/USDT": 1784420159.8236463, "BILL/USDT": 1784420159.8236463, "FARTCOIN/USDT": 1784420159.8236463, "BANK/USDT": 1784420159.8236463}, "vals": {"AKE/USDT": 5.08, "ESPORTS/USDT": 22.29, "US/USDT": 5.2, "KAITO/USDT": 3.17}}