{"set": ["BTW/USDT", "CLO/USDT", "ENA/USDT", "RESOLV/USDT", "UB/USDT"], "left": {"ESPORTS/USDT": 1782081082.4611847, "WLFI/USDT": 1782084972.3252332, "BEL/USDT": 1782086498.4360116, "BEAT/USDT": 1782086498.4360116, "STO/USDT": 1782087057.9893005, "NAORIS/USDT": 1782087057.9893005, "LAB/USDT": 1782090977.8595104, "TNSR/USDT": 1782091261.0422153}, "vals": {"UB/USDT": 3.18, "BTW/USDT": 6.46, "RESOLV/USDT": 3.03, "CLO/USDT": 12.16, "ENA/USDT": 5.43}}