{"set": ["AKE/USDT", "PUMP/USDT", "US/USDT", "VANRY/USDT"], "left": {"KAITO/USDT": 1784117169.435723, "BEAT/USDT": 1784123508.6452532, "PEPE/USDT": 1784123508.6452532, "PI/USDT": 1784126525.5811718}, "vals": {"AKE/USDT": 331.56, "PUMP/USDT": 7.73, "US/USDT": 27.91, "VANRY/USDT": 6.69}}