{"set": ["ENA/USDT", "EPIC/USDT", "LAB/USDT", "SIREN/USDT", "TNSR/USDT"], "left": {"EIGEN/USDT": 1782018075.8703148, "BEL/USDT": 1782018959.8330061, "ALICE/USDT": 1782018959.8330061, "BEAT/USDT": 1782026755.5463672, "ESPORTS/USDT": 1782030669.844566, "UB/USDT": 1782036080.2975166}, "vals": {"TNSR/USDT": 58.91, "LAB/USDT": 13.75, "SIREN/USDT": 4.45, "ENA/USDT": 4.52, "EPIC/USDT": 10.44}}