{"set": ["BLESS/USDT", "BR/USDT", "BTW/USDT", "ESPORTS/USDT", "EVAA/USDT", "LAB/USDT", "SPX/USDT", "UNI/USDT", "XLM/USDT"], "left": {"JTO/USDT": 1781654485.207243, "ASTEROID/USDT": 1781654485.207243, "LUNC/USDT": 1781654750.7251735, "VELVET/USDT": 1781654750.7251735, "BSB/USDT": 1781655354.1214187, "H/USDT": 1781668262.6370485, "SKYAI/USDT": 1781669465.9265976, "SPACE/USDT": 1781669767.8997996, "SIREN/USDT": 1781672760.9604423, "BEAT/USDT": 1781673664.3652246, "\u9f99\u867e/USDT": 1781673967.258475}, "vals": {"BLESS/USDT": 8.1, "BR/USDT": 4.12, "LAB/USDT": 4.33, "SPX/USDT": 22.94, "BTW/USDT": 15.93, "ESPORTS/USDT": 11.22, "XLM/USDT": 3.52, "UNI/USDT": 5.96, "EVAA/USDT": 3.77}}