{"set": ["ASTER/USDT", "BSB/USDT", "BTW/USDT", "ENA/USDT", "ESPORTS/USDT", "SPX/USDT", "XLM/USDT", "XPL/USDT"], "left": {"\u9f99\u867e/USDT": 1781693503.6220849, "UNI/USDT": 1781694395.6005182, "BR/USDT": 1781704931.8404937, "SIREN/USDT": 1781705200.4045317}, "vals": {"ESPORTS/USDT": 35.46, "SPX/USDT": 13.16, "BTW/USDT": 13.24, "ASTER/USDT": 13.75, "XPL/USDT": 24.98, "BSB/USDT": 14.77, "ENA/USDT": 4.76, "XLM/USDT": 3.63}}