{"set": ["ARB/USDT", "CLO/USDT", "ENA/USDT", "HMSTR/USDT"], "left": {"SKL/USDT": 1783765557.1738527, "TAG/USDT": 1783768558.0159066, "XPIN/USDT": 1783776956.3977575, "SKYAI/USDT": 1783782026.1493845, "BEAT/USDT": 1783782026.1493845}, "vals": {"HMSTR/USDT": 4.22, "ENA/USDT": 3.37, "CLO/USDT": 25.93, "ARB/USDT": 4.7}}