{"set": ["CLO/USDT", "H/USDT", "LAB/USDT", "SIREN/USDT", "SKYAI/USDT", "XLM/USDT"], "left": {"BLESS/USDT": 1781732498.5417356, "CFX/USDT": 1781738757.260513, "BSB/USDT": 1781740871.493052, "SPX/USDT": 1781740871.493052, "AGT/USDT": 1781740871.493052, "XPL/USDT": 1781740871.493052, "ASTER/USDT": 1781740871.493052, "BEAT/USDT": 1781744158.7403486, "ESPORTS/USDT": 1781749869.9408722, "ENA/USDT": 1781750162.3179739}, "vals": {"SIREN/USDT": 6.95, "LAB/USDT": 5.9, "CLO/USDT": 10.34, "H/USDT": 5.57, "SKYAI/USDT": 7.02, "XLM/USDT": 6.13}}