{"set": ["SKYAI/USDT", "TAG/USDT", "VANRY/USDT"], "left": {"POWER/USDT": 1783589763.6256015, "UNI/USDT": 1783592763.5796893, "ENA/USDT": 1783592763.5796893, "EDGEX/USDT": 1783603011.964125, "KAITO/USDT": 1783610518.0952425}, "vals": {"TAG/USDT": 10.14, "VANRY/USDT": 8.31, "SKYAI/USDT": 5.13}}