{"set": ["ESPORTS/USDT", "JTO/USDT", "SLX/USDT", "VELVET/USDT"], "left": {"AGLD/USDT": 1782536758.01099, "MAGMA/USDT": 1782536758.01099, "G/USDT": 1782546058.3500926}, "vals": {"VELVET/USDT": 33.65, "ESPORTS/USDT": 10.6, "SLX/USDT": 8.64, "JTO/USDT": 3.27}}