{"set": ["EDGEX/USDT", "KAITO/USDT", "SKYAI/USDT", "TAG/USDT", "VANRY/USDT"], "left": {"CLO/USDT": 1783587968.868174, "POWER/USDT": 1783589763.6256015, "UNI/USDT": 1783592763.5796893, "ENA/USDT": 1783592763.5796893}, "vals": {"TAG/USDT": 40.96, "EDGEX/USDT": 3.12, "VANRY/USDT": 8.13, "SKYAI/USDT": 14.04, "KAITO/USDT": 4.35}}