{"set": ["GUA/USDT", "M/USDT", "TAC/USDT", "TLM/USDT"], "left": {"BASED/USDT": 1783040754.4473329, "SKYAI/USDT": 1783042550.1302118, "TAIKO/USDT": 1783045553.4454162, "ADA/USDT": 1783051553.579309, "NFP/USDT": 1783054882.8246603, "VELVET/USDT": 1783057559.6459973, "MAGMA/USDT": 1783059666.432575, "US/USDT": 1783060275.1343594}, "vals": {"M/USDT": 7.18, "GUA/USDT": 8.03, "TLM/USDT": 19.33, "TAC/USDT": 4.21}}