{"set": ["BEAT/USDT", "BTW/USDT", "LAB/USDT", "RAVE/USDT", "UB/USDT"], "left": {"WIF/USDT": 1782604885.0212393, "S/USDT": 1782605457.9097173, "RE/USDT": 1782605457.9097173, "VELVET/USDT": 1782605457.9097173, "SLX/USDT": 1782606666.9862638, "M/USDT": 1782607259.478217, "MYX/USDT": 1782612657.5769546, "PIEVERSE/USDT": 1782620755.9253287}, "vals": {"UB/USDT": 10.22, "LAB/USDT": 4.55, "BTW/USDT": 13.74, "RAVE/USDT": 6.45, "BEAT/USDT": 4.69}}