{"set": ["ASTEROID/USDT", "BSB/USDT", "CLO/USDT", "ESPORTS/USDT", "EVAA/USDT", "FARTCOIN/USDT", "JTO/USDT", "SIREN/USDT", "XLM/USDT", "XRP/USDT", "ZRO/USDT"], "left": {"TRADOOR/USDT": 1781535721.159713, "ADA/USDT": 1781542302.2382748, "WLFI/USDT": 1781545603.9212775, "CHIP/USDT": 1781550146.310581, "ENA/USDT": 1781551306.9101093, "PEPE/USDT": 1781551306.9101093}, "vals": {"ASTEROID/USDT": 68.12, "SIREN/USDT": 4.22, "EVAA/USDT": 73.89, "ESPORTS/USDT": 7.75, "CLO/USDT": 3.37, "XRP/USDT": 7.53, "ZRO/USDT": 16.91, "XLM/USDT": 16.31, "JTO/USDT": 37.9, "BSB/USDT": 32.53, "FARTCOIN/USDT": 16.15}}