{"set": ["HMSTR/USDT", "LIT/USDT", "VANRY/USDT"], "left": {"NES/USDT": 1783341687.403493, "EPIC/USDT": 1783361610.174204, "TLM/USDT": 1783362991.2425597}, "vals": {"VANRY/USDT": 37.73, "HMSTR/USDT": 26.25, "LIT/USDT": 6.83}}