{"set": ["ACT/USDT", "LAB/USDT", "MANTA/USDT", "O/USDT", "RAVE/USDT", "UB/USDT", "VELVET/USDT", "WIF/USDT", "\u5e01\u5b89\u4eba\u751f/USDT"], "left": {"BEAT/USDT": 1782640559.905485, "BTW/USDT": 1782645662.3460834, "PUMP/USDT": 1782655279.7240782, "SLX/USDT": 1782660357.979782}, "vals": {"ACT/USDT": 62.98, "UB/USDT": 11.3, "VELVET/USDT": 13.7, "LAB/USDT": 5.82, "RAVE/USDT": 22.14, "\u5e01\u5b89\u4eba\u751f/USDT": 3.28, "MANTA/USDT": 78.91, "O/USDT": 19.04, "WIF/USDT": 4.94}}