{"set": ["ASTEROID/USDT", "CHIP/USDT", "CLO/USDT", "ESPORTS/USDT", "EVAA/USDT", "H/USDT", "JCT/USDT", "SIREN/USDT", "TRADOOR/USDT"], "left": {"OPG/USDT": 1781488257.9583573, "VELVET/USDT": 1781493062.1771092, "BEAT/USDT": 1781503571.7424152, "ENA/USDT": 1781503867.7316256, "SKYAI/USDT": 1781503867.7316256, "WLFI/USDT": 1781506271.419499, "JELLYJELLY/USDT": 1781507773.5114925}, "vals": {"ASTEROID/USDT": 78.86, "JCT/USDT": 10.69, "SIREN/USDT": 11.79, "CHIP/USDT": 15.75, "ESPORTS/USDT": 10.32, "EVAA/USDT": 39.99, "H/USDT": 4.69, "CLO/USDT": 36.88, "TRADOOR/USDT": 15.87}}