{"set": ["ADA/USDT", "BIRB/USDT", "BREV/USDT", "ENA/USDT", "M/USDT", "PEPE/USDT", "TLM/USDT", "UB/USDT", "XRP/USDT"], "left": {"SLX/USDT": 1782988872.3451953, "BAS/USDT": 1782990368.4244921, "TAC/USDT": 1782992775.2916791, "LAB/USDT": 1782997570.1451452, "LIT/USDT": 1783003309.3451247, "DOGE/USDT": 1783004195.363327, "BEAT/USDT": 1783004195.363327}, "vals": {"PEPE/USDT": 4.87, "UB/USDT": 3.87, "BIRB/USDT": 66.26, "BREV/USDT": 27.59, "M/USDT": 36.43, "TLM/USDT": 16.05, "XRP/USDT": 3.45, "ENA/USDT": 8.57, "ADA/USDT": 3.9}}