{"set": ["BTW/USDT", "CAP/USDT", "LAB/USDT", "LIT/USDT", "NES/USDT", "TLM/USDT", "UB/USDT", "VANRY/USDT"], "left": {"HMSTR/USDT": 1783266363.6915896, "M/USDT": 1783269086.9972239, "MIRA/USDT": 1783278677.6371796, "WLFI/USDT": 1783279278.0503263, "VELVET/USDT": 1783286758.6978898}, "vals": {"UB/USDT": 15.02, "VANRY/USDT": 23.12, "CAP/USDT": 11.63, "LAB/USDT": 7.43, "BTW/USDT": 14.9, "NES/USDT": 21.51, "TLM/USDT": 38.08, "LIT/USDT": 9.68}}