{"set": ["ADA/USDT", "ENA/USDT", "ERA/USDT", "NIGHT/USDT", "US/USDT"], "left": {"AKE/USDT": 1784610684.0711584, "ESPORTS/USDT": 1784620901.218681, "BANK/USDT": 1784620901.218681, "B/USDT": 1784621474.4346163}, "vals": {"ERA/USDT": 54.83, "NIGHT/USDT": 5.15, "US/USDT": 9.85, "ADA/USDT": 3.48, "ENA/USDT": 3.2}}