{"set": ["BAS/USDT", "BEAT/USDT", "H/USDT", "HEI/USDT", "LAB/USDT", "SKYAI/USDT", "TNSR/USDT", "UB/USDT"], "left": {"PUMP/USDT": 1782461769.381446, "G/USDT": 1782471687.5486228, "SLX/USDT": 1782476197.4772115, "BTW/USDT": 1782478302.3623264}, "vals": {"UB/USDT": 4.1, "BAS/USDT": 4.12, "LAB/USDT": 4.77, "BEAT/USDT": 13.59, "SKYAI/USDT": 16.05, "TNSR/USDT": 3.69, "H/USDT": 6.12, "HEI/USDT": 7.43}}