{"set": ["AMEX:VTAK", "NASDAQ:EHGO", "NASDAQ:PLSM"], "left": {"NASDAQ:BOLD": 1782374494.0398533, "NASDAQ:RDGT": 1782374494.0398533, "NASDAQ:HSCS": 1782374494.0398533, "NASDAQ:GITS": 1782374494.0398533, "NASDAQ:UBXG": 1782375970.80536, "NASDAQ:MODD": 1782375970.80536, "NASDAQ:CUPR": 1782375970.80536}, "vals": {"NASDAQ:PLSM": 206.45, "AMEX:VTAK": 57.61, "NASDAQ:EHGO": 17.25}}