{"set": ["AGT/USDT", "ASTER/USDT", "BLESS/USDT", "CLO/USDT", "ENA/USDT", "ESPORTS/USDT", "SPX/USDT", "XLM/USDT", "XPL/USDT"], "left": {"SIREN/USDT": 1781706106.1390588, "BSB/USDT": 1781717796.7338169, "BTW/USDT": 1781719603.0196798, "BR/USDT": 1781720501.8672824, "CFX/USDT": 1781722917.0172505}, "vals": {"AGT/USDT": 109.87, "BLESS/USDT": 3.13, "ESPORTS/USDT": 44.85, "SPX/USDT": 15.41, "ASTER/USDT": 12.15, "XPL/USDT": 31.59, "CLO/USDT": 17.59, "ENA/USDT": 8.53, "XLM/USDT": 4.01}}