{"set": ["CLO/USDT", "ESPORTS/USDT", "LAYER/USDT", "RESOLV/USDT"], "left": {"ALLO/USDT": 1782172893.931539, "EIGEN/USDT": 1782172893.931539, "BEL/USDT": 1782172893.931539, "ENA/USDT": 1782172893.931539, "VELVET/USDT": 1782173246.1022189, "UB/USDT": 1782173246.1022189, "RE/USDT": 1782173246.1022189, "TNSR/USDT": 1782173246.1022189, "LAB/USDT": 1782173246.1022189, "BTW/USDT": 1782173246.1022189, "SYN/USDT": 1782173246.1022189, "NAORIS/USDT": 1782173246.1022189, "HMSTR/USDT": 1782180358.9899545, "BLESS/USDT": 1782181261.7121751, "ID/USDT": 1782181556.6657395}, "vals": {"RESOLV/USDT": 6.39, "ESPORTS/USDT": 5.21, "CLO/USDT": 15.45, "LAYER/USDT": 3.49}}