{"set": ["BEAT/USDT", "CLO/USDT", "ESPORTS/USDT", "H/USDT", "LAB/USDT", "SIREN/USDT", "SKYAI/USDT", "XLM/USDT"], "left": {"CFX/USDT": 1781738757.260513, "BSB/USDT": 1781740871.493052, "SPX/USDT": 1781740871.493052, "AGT/USDT": 1781740871.493052, "XPL/USDT": 1781740871.493052, "ASTER/USDT": 1781740871.493052, "ENA/USDT": 1781750162.3179739, "BIO/USDT": 1781754965.8192444}, "vals": {"ESPORTS/USDT": 6.27, "SIREN/USDT": 6.45, "LAB/USDT": 9.34, "CLO/USDT": 12.38, "BEAT/USDT": 3.21, "H/USDT": 10.81, "SKYAI/USDT": 9.55, "XLM/USDT": 3.03}}