{"set": ["BTW/USDT", "CLO/USDT", "FOLKS/USDT", "H/USDT", "LAB/USDT", "VELVET/USDT", "XLM/USDT"], "left": {"SIREN/USDT": 1781781403.490746, "HOME/USDT": 1781787725.655748, "AGT/USDT": 1781787725.655748, "BIO/USDT": 1781794001.5678475, "\u9f99\u867e/USDT": 1781794001.5678475, "SKYAI/USDT": 1781796394.919524}, "vals": {"LAB/USDT": 21.96, "VELVET/USDT": 35.3, "BTW/USDT": 9.27, "CLO/USDT": 21.76, "H/USDT": 6.65, "XLM/USDT": 7.54, "FOLKS/USDT": 16.16}}