{"set": ["ENA/USDT", "EPIC/USDT", "LAB/USDT", "TNSR/USDT"], "left": {"BEL/USDT": 1782018959.8330061, "ALICE/USDT": 1782018959.8330061, "BEAT/USDT": 1782026755.5463672, "UB/USDT": 1782036080.2975166, "ESPORTS/USDT": 1782039356.6699903, "SIREN/USDT": 1782039679.0422156}, "vals": {"TNSR/USDT": 56.31, "LAB/USDT": 15.24, "ENA/USDT": 3.3, "EPIC/USDT": 9.58}}