{"set": ["CLO/USDT", "H/USDT", "HOME/USDT", "LAB/USDT", "SKYAI/USDT", "XLM/USDT"], "left": {"ESPORTS/USDT": 1781770868.3157644, "BTW/USDT": 1781780192.775756, "AGT/USDT": 1781780578.2122939, "SIREN/USDT": 1781781403.490746, "BIO/USDT": 1781781998.9987228}, "vals": {"HOME/USDT": 4.87, "LAB/USDT": 18.09, "CLO/USDT": 24.63, "H/USDT": 9.16, "XLM/USDT": 4.65, "SKYAI/USDT": 9.56}}