{"set": ["LAB/USDT", "T/USDT"], "left": {"JCT/USDT": 1783987300.7984977, "BILL/USDT": 1783987300.7984977, "ALLO/USDT": 1783989679.3426087, "DEXE/USDT": 1783989679.3426087, "ANSEM/USDT": 1783989679.3426087, "AIOT/USDT": 1783989679.3426087, "VELVET/USDT": 1783999881.1834915}, "vals": {"T/USDT": 4.16, "LAB/USDT": 19.42}}