{"set": ["BSB/USDT", "BTW/USDT", "CLO/USDT", "FOLKS/USDT", "HEI/USDT"], "left": {"ESPORTS/USDT": 1781844956.9527075, "VELVET/USDT": 1781861480.8552368, "BEAT/USDT": 1781862711.2695851}, "vals": {"BTW/USDT": 31.12, "CLO/USDT": 8.32, "BSB/USDT": 6.21, "FOLKS/USDT": 4.01, "HEI/USDT": 46.67}}