{"set": ["LAB/USDT", "US/USDT"], "left": {"BANK/USDT": 1784698861.5060885, "AKE/USDT": 1784705756.3834856}, "vals": {"US/USDT": 6.88, "LAB/USDT": 10.68}}