{"set": ["LAB/USDT", "M/USDT", "VANRY/USDT"], "left": {"ARPA/USDT": 1783211755.6816056, "MAGMA/USDT": 1783214152.3033066, "HMSTR/USDT": 1783216271.6822398, "VELVET/USDT": 1783231287.6714854, "BAS/USDT": 1783232752.8429573}, "vals": {"VANRY/USDT": 14.9, "LAB/USDT": 5.51, "M/USDT": 3.07}}