{"set": ["BAS/USDT", "EVAA/USDT", "LAB/USDT", "O/USDT", "SLX/USDT"], "left": {"BLESS/USDT": 1782306969.3825095, "BEL/USDT": 1782312703.391626, "BTW/USDT": 1782317201.2082245, "SAHARA/USDT": 1782319301.0276217, "CLO/USDT": 1782328373.224639}, "vals": {"BAS/USDT": 37.81, "LAB/USDT": 5.69, "SLX/USDT": 13.2, "O/USDT": 23.88, "EVAA/USDT": 5.82}}