{"set": ["BEL/USDT", "BICO/USDT", "BTW/USDT", "CLO/USDT", "EPIC/USDT", "ESPORTS/USDT", "GALA/USDT", "SLX/USDT"], "left": {"AGT/USDT": 1781977705.1725569, "EIGEN/USDT": 1781981786.5062947, "BLESS/USDT": 1781982081.5463178, "BEAT/USDT": 1781987474.5337448, "LAB/USDT": 1781995864.896989}, "vals": {"BTW/USDT": 39.08, "BEL/USDT": 36.38, "ESPORTS/USDT": 9.15, "CLO/USDT": 18.8, "GALA/USDT": 6.57, "BICO/USDT": 70.28, "SLX/USDT": 20.36, "EPIC/USDT": 7.56}}