{"set": ["ACE/USDT", "BANK/USDT", "BONK/USDT", "ENA/USDT", "HANA/USDT", "KAITO/USDT", "ONDO/USDT", "PI/USDT", "PROM/USDT"], "left": {"HOME/USDT": 1784561775.2969363, "PEPE/USDT": 1784564500.1598353, "LAB/USDT": 1784568398.64854, "B/USDT": 1784570799.41474, "PUMP/USDT": 1784580096.9017098}, "vals": {"BONK/USDT": 9.37, "HANA/USDT": 15.25, "BANK/USDT": 24.46, "ACE/USDT": 43.06, "PROM/USDT": 30.14, "ENA/USDT": 3.84, "KAITO/USDT": 3.98, "PI/USDT": 7.99, "ONDO/USDT": 3.62}}