{"set": ["BTW/USDT", "ESPORTS/USDT", "LAYER/USDT", "RESOLV/USDT"], "left": {"H/USDT": 1782193564.0633771, "HMSTR/USDT": 1782194477.5189312, "ID/USDT": 1782203167.1947546, "BEL/USDT": 1782203478.1150124, "FOLKS/USDT": 1782206171.7866685, "CLO/USDT": 1782211266.876929, "MMT/USDT": 1782211266.876929}, "vals": {"BTW/USDT": 5.15, "RESOLV/USDT": 22.52, "ESPORTS/USDT": 16.97, "LAYER/USDT": 8.29}}