{"set": ["BEAT/USDT", "CLO/USDT", "T/USDT", "VANRY/USDT"], "left": {"ARB/USDT": 1783843886.3491313, "XPIN/USDT": 1783846554.796885, "ENA/USDT": 1783850157.7283676, "SKYAI/USDT": 1783850492.040027, "B/USDT": 1783855292.1361494}, "vals": {"T/USDT": 24.95, "CLO/USDT": 8.74, "VANRY/USDT": 14.42, "BEAT/USDT": 14.92}}