{"set": ["AKE/USDT", "BANK/USDT", "ESPORTS/USDT", "LRC/USDT", "US/USDT"], "left": {"KAITO/USDT": 1784310101.07536, "ONDO/USDT": 1784318797.1005747, "ADA/USDT": 1784327474.2005503}, "vals": {"AKE/USDT": 47.34, "BANK/USDT": 6.37, "US/USDT": 12.8, "ESPORTS/USDT": 15.3, "LRC/USDT": 29.43}}