{"set": ["CLO/USDT", "FOLKS/USDT", "LAB/USDT", "VELVET/USDT", "XLM/USDT"], "left": {"HOME/USDT": 1781787725.655748, "\u9f99\u867e/USDT": 1781794001.5678475, "BTW/USDT": 1781799711.271432, "AGT/USDT": 1781802703.5421944, "BIO/USDT": 1781803300.866273, "H/USDT": 1781803907.6361732, "SKYAI/USDT": 1781803907.6361732}, "vals": {"VELVET/USDT": 55.69, "LAB/USDT": 24.52, "CLO/USDT": 9.23, "XLM/USDT": 5.25, "FOLKS/USDT": 7.85}}