{"set": ["BANK/USDT", "RE/USDT", "RIF/USDT", "ZAMA/USDT"], "left": {"INTC/USDT": 1784841393.8192284, "WLFI/USDT": 1784845876.5699863, "KAITO/USDT": 1784851293.2312274, "IDOL/USDT": 1784851293.2312274, "BEAT/USDT": 1784851293.2312274, "B/USDT": 1784851567.6280499, "AKE/USDT": 1784852753.7318985, "ON/USDT": 1784852753.7318985, "BILL/USDT": 1784852753.7318985, "ERA/USDT": 1784855475.504297, "ESPORTS/USDT": 1784855763.4696994, "LAB/USDT": 1784855763.4696994}, "vals": {"BANK/USDT": 6.38, "ZAMA/USDT": 3.86, "RIF/USDT": 9.02, "RE/USDT": 4.87}}