{"set": ["ASTEROID/USDT", "CHIP/USDT", "CLO/USDT", "ENA/USDT", "ESPORTS/USDT", "EVAA/USDT", "JCT/USDT", "JELLYJELLY/USDT", "SKYAI/USDT"], "left": {"COAI/USDT": 1781484059.012646, "LAB/USDT": 1781486463.1124449, "OPG/USDT": 1781488257.9583573, "VELVET/USDT": 1781493062.1771092, "H/USDT": 1781499688.6071773, "SIREN/USDT": 1781502669.016521, "BEAT/USDT": 1781503571.7424152}, "vals": {"ASTEROID/USDT": 92.95, "JCT/USDT": 6.39, "CHIP/USDT": 12.89, "ESPORTS/USDT": 11.58, "JELLYJELLY/USDT": 6.62, "EVAA/USDT": 19.25, "CLO/USDT": 29.25, "SKYAI/USDT": 3.41, "ENA/USDT": 3.36}}