{"set": ["ARB/USDT", "B/USDT", "T/USDT", "VIRTUAL/USDT", "XPIN/USDT"], "left": {"CLO/USDT": 1783814490.6812153, "TAG/USDT": 1783819280.2722335, "SXT/USDT": 1783820756.6568308, "SKL/USDT": 1783821077.7561285}, "vals": {"XPIN/USDT": 5.28, "T/USDT": 13.46, "B/USDT": 7.08, "VIRTUAL/USDT": 3.19, "ARB/USDT": 5.57}}