{"set": ["LAB/USDT"], "left": {"VANRY/USDT": 1784150762.7552814, "BEAT/USDT": 1784160096.0925872, "PUMP/USDT": 1784160096.0925872, "RAVE/USDT": 1784160096.0925872, "AKE/USDT": 1784160096.0925872, "US/USDT": 1784160096.0925872, "ROAM/USDT": 1784160352.5193465, "ONDO/USDT": 1784160352.5193465}, "vals": {"LAB/USDT": 5.43}}