{"set": ["AIGENSYN/USDT", "BTW/USDT", "RE/USDT"], "left": {"VELVET/USDT": 1782858063.506421, "M/USDT": 1782864086.2911942, "BAS/USDT": 1782864352.1316218, "TAC/USDT": 1782866152.8073266, "BEAT/USDT": 1782867058.0822861, "H/USDT": 1782867354.088253, "XLM/USDT": 1782867955.2676673, "TAIKO/USDT": 1782867955.2676673}, "vals": {"AIGENSYN/USDT": 3.92, "BTW/USDT": 12.11, "RE/USDT": 3.71}}