{"set": ["AKE/USDT"], "left": {"BANK/USDT": 1784349071.2925286, "ESPORTS/USDT": 1784354475.1167405, "LAB/USDT": 1784368253.9399543}, "vals": {"AKE/USDT": 14.63}}