{"set": ["BIO/USDT", "CLO/USDT", "FOLKS/USDT", "H/USDT", "LAB/USDT", "XLM/USDT", "\u9f99\u867e/USDT"], "left": {"SIREN/USDT": 1781781403.490746, "HOME/USDT": 1781787725.655748, "AGT/USDT": 1781787725.655748, "BTW/USDT": 1781792674.8736277, "SKYAI/USDT": 1781792800.6587915}, "vals": {"\u9f99\u867e/USDT": 7.82, "LAB/USDT": 22.03, "CLO/USDT": 18.88, "H/USDT": 12.63, "XLM/USDT": 10.93, "FOLKS/USDT": 18.94, "BIO/USDT": 3.8}}