{"set": ["BTW/USDT", "ESPORTS/USDT", "H/USDT", "LAB/USDT", "VELVET/USDT"], "left": {"BEAT/USDT": 1781413867.731363, "SIREN/USDT": 1781419275.604243, "MEGA/USDT": 1781430421.0614576, "JCT/USDT": 1781430726.673498, "COAI/USDT": 1781430726.673498, "SKYAI/USDT": 1781434601.3338828, "XPL/USDT": 1781434933.697731}, "vals": {"VELVET/USDT": 14.73, "ESPORTS/USDT": 6.16, "H/USDT": 69.26, "BTW/USDT": 3.69, "LAB/USDT": 5.38}}