{"set": ["DODO/USDT", "PUMPFUN/USDT", "TRIA/USDT", "VELVET/USDT"], "left": {"XRP/USDT": 1784073695.6998954, "KAITO/USDT": 1784073695.6998954, "PEPE/USDT": 1784073695.6998954, "ADA/USDT": 1784073695.6998954, "DOGE/USDT": 1784073695.6998954, "ENA/USDT": 1784073695.6998954, "BSB/USDT": 1784077559.998516, "LAB/USDT": 1784077559.998516}, "vals": {"TRIA/USDT": 4.06, "PUMPFUN/USDT": 3.21, "DODO/USDT": 34.83, "VELVET/USDT": 10.76}}