{"set": ["AKE/USDT", "LAB/USDT"], "left": {"BANK/USDT": 1784349071.2925286, "ESPORTS/USDT": 1784354475.1167405}, "vals": {"AKE/USDT": 20.96, "LAB/USDT": 3.03}}