{"set": ["BLUR/USDT", "OPG/USDT", "TAC/USDT", "TLM/USDT", "WLFI/USDT"], "left": {"M/USDT": 1783429313.8417206, "VANRY/USDT": 1783430493.8190887, "LIT/USDT": 1783434117.5776558, "NES/USDT": 1783434395.521181}, "vals": {"BLUR/USDT": 10.04, "OPG/USDT": 6.23, "TAC/USDT": 48.94, "WLFI/USDT": 3.34, "TLM/USDT": 4.0}}