{"set": ["BEAT/USDT", "BLESS/USDT", "BR/USDT", "BTW/USDT", "ESPORTS/USDT", "LAB/USDT", "SPX/USDT", "UNI/USDT", "XLM/USDT", "\u9f99\u867e/USDT"], "left": {"JTO/USDT": 1781654485.207243, "ASTEROID/USDT": 1781654485.207243, "LUNC/USDT": 1781654750.7251735, "VELVET/USDT": 1781654750.7251735, "BSB/USDT": 1781655354.1214187, "EVAA/USDT": 1781655959.2465234, "H/USDT": 1781668262.6370485, "SKYAI/USDT": 1781669465.9265976, "SPACE/USDT": 1781669767.8997996}, "vals": {"\u9f99\u867e/USDT": 3.73, "BLESS/USDT": 6.1, "BR/USDT": 3.25, "LAB/USDT": 4.65, "SPX/USDT": 22.53, "BTW/USDT": 31.19, "ESPORTS/USDT": 15.93, "BEAT/USDT": 9.71, "XLM/USDT": 3.81, "UNI/USDT": 8.91}}