{"set": ["EDGEX/USDT", "LAB/USDT", "TLM/USDT"], "left": {"EVAA/USDT": 1783468890.0904126, "OPG/USDT": 1783468890.0904126, "NES/USDT": 1783468890.0904126, "BLUR/USDT": 1783469755.6902192}, "vals": {"LAB/USDT": 19.35, "EDGEX/USDT": 3.35, "TLM/USDT": 3.55}}