{"set": ["ARB/USDT", "EDGEX/USDT", "ENA/USDT", "EVAA/USDT", "LAB/USDT", "TAG/USDT"], "left": {"ESPORTS/USDT": 1783641690.7023995, "BASED/USDT": 1783641690.7023995, "SKYAI/USDT": 1783641690.7023995, "TAC/USDT": 1783645561.3696177, "VANRY/USDT": 1783656092.6123552, "US/USDT": 1783657283.3935373}, "vals": {"TAG/USDT": 11.43, "LAB/USDT": 3.83, "EDGEX/USDT": 4.45, "ENA/USDT": 3.49, "EVAA/USDT": 11.73, "ARB/USDT": 4.34}}