{"set": ["ASTEROID/USDT", "BSB/USDT", "FARTCOIN/USDT", "JTO/USDT", "LAB/USDT", "SKYAI/USDT", "SPACE/USDT", "UNI/USDT", "VELVET/USDT", "\u9f99\u867e/USDT"], "left": {"ZRO/USDT": 1781607718.8485653, "CHIP/USDT": 1781613111.0452197, "ENA/USDT": 1781615200.7178867, "OPG/USDT": 1781623605.6902158, "XLM/USDT": 1781625741.3454776, "H/USDT": 1781627802.694088}, "vals": {"ASTEROID/USDT": 21.45, "SPACE/USDT": 10.84, "\u9f99\u867e/USDT": 40.59, "VELVET/USDT": 8.89, "LAB/USDT": 32.68, "SKYAI/USDT": 21.0, "BSB/USDT": 57.58, "JTO/USDT": 9.13, "UNI/USDT": 7.95, "FARTCOIN/USDT": 4.13}}