{"set": ["AGT/USDT", "BIO/USDT", "CLO/USDT", "LAB/USDT", "VELVET/USDT"], "left": {"H/USDT": 1781811111.6969812, "FOLKS/USDT": 1781813494.8512738, "BTW/USDT": 1781817075.7974675, "SKYAI/USDT": 1781818561.0220134, "XLM/USDT": 1781818867.4912863}, "vals": {"AGT/USDT": 3.22, "VELVET/USDT": 38.57, "LAB/USDT": 32.92, "CLO/USDT": 14.44, "BIO/USDT": 6.97}}