{"set": ["ARB/USDT", "CLO/USDT", "ENA/USDT", "T/USDT"], "left": {"SKYAI/USDT": 1783782026.1493845, "BEAT/USDT": 1783782026.1493845, "HMSTR/USDT": 1783783887.6966646, "XPIN/USDT": 1783798881.144609, "ADA/USDT": 1783800684.3606055}, "vals": {"T/USDT": 28.93, "CLO/USDT": 28.71, "ENA/USDT": 3.33, "ARB/USDT": 5.05}}