{"set": ["BAS/USDT", "BEAT/USDT", "H/USDT", "HEI/USDT", "MAGMA/USDT", "SKYAI/USDT", "TNSR/USDT", "UB/USDT", "VELVET/USDT"], "left": {"G/USDT": 1782471687.5486228, "SLX/USDT": 1782476197.4772115, "BTW/USDT": 1782479795.881762, "LAB/USDT": 1782481596.3106234, "PUMP/USDT": 1782482520.7389536}, "vals": {"UB/USDT": 6.21, "BAS/USDT": 5.5, "MAGMA/USDT": 67.76, "VELVET/USDT": 17.71, "BEAT/USDT": 14.6, "SKYAI/USDT": 14.14, "TNSR/USDT": 3.0, "HEI/USDT": 8.19, "H/USDT": 3.14}}