{"set": ["BEAT/USDT", "BTW/USDT", "CLO/USDT", "HEI/USDT", "SKYAI/USDT"], "left": {"VELVET/USDT": 1781861480.8552368, "FOLKS/USDT": 1781877095.3719654, "BSB/USDT": 1781879573.9431124}, "vals": {"BTW/USDT": 39.45, "CLO/USDT": 4.3, "BEAT/USDT": 14.08, "SKYAI/USDT": 3.5, "HEI/USDT": 29.35}}