{"set": ["BAS/USDT", "EVAA/USDT", "LAB/USDT", "RESOLV/USDT", "SKYAI/USDT", "SLX/USDT"], "left": {"ID/USDT": 1782356478.811467, "BTW/USDT": 1782358562.166448, "H/USDT": 1782372364.9331696, "ESPORTS/USDT": 1782374784.7962978, "BEAT/USDT": 1782376275.9278917}, "vals": {"BAS/USDT": 21.22, "LAB/USDT": 5.29, "SLX/USDT": 14.24, "RESOLV/USDT": 11.44, "SKYAI/USDT": 11.07, "EVAA/USDT": 10.26}}