{"set": ["NES/USDT", "OPG/USDT", "TLM/USDT", "WLFI/USDT"], "left": {"LAB/USDT": 1783405900.8362122, "EPIC/USDT": 1783410365.9587643, "VANRY/USDT": 1783413093.3344767}, "vals": {"OPG/USDT": 14.98, "NES/USDT": 5.15, "WLFI/USDT": 4.63, "TLM/USDT": 13.04}}