{"set": ["ENA/USDT", "EPIC/USDT", "LAB/USDT", "SIREN/USDT", "TNSR/USDT"], "left": {"BEAT/USDT": 1782026755.5463672, "UB/USDT": 1782036080.2975166, "ESPORTS/USDT": 1782039356.6699903}, "vals": {"TNSR/USDT": 60.5, "LAB/USDT": 16.57, "SIREN/USDT": 7.85, "ENA/USDT": 3.11, "EPIC/USDT": 10.56}}