{"set": ["ADA/USDT", "ARPA/USDT", "DOGE/USDT", "GUA/USDT", "MAGMA/USDT", "PEPE/USDT", "THE/USDT", "TLM/USDT", "XPL/USDT", "ZKP/USDT"], "left": {"US/USDT": 1783076497.9331872, "M/USDT": 1783077676.7961626, "BAS/USDT": 1783093300.9886749, "ENA/USDT": 1783093900.4055955, "XRP/USDT": 1783094526.7540724, "PIPPIN/USDT": 1783096596.9146833}, "vals": {"PEPE/USDT": 4.99, "ARPA/USDT": 32.09, "ZKP/USDT": 31.23, "THE/USDT": 8.19, "MAGMA/USDT": 29.54, "GUA/USDT": 25.21, "TLM/USDT": 5.9, "XPL/USDT": 19.27, "ADA/USDT": 7.68, "DOGE/USDT": 3.09}}