{"set": ["BEAT/USDT", "CLO/USDT", "H/USDT", "SIREN/USDT", "SKYAI/USDT", "XLM/USDT"], "left": {"CFX/USDT": 1781738757.260513, "BSB/USDT": 1781740871.493052, "SPX/USDT": 1781740871.493052, "AGT/USDT": 1781740871.493052, "XPL/USDT": 1781740871.493052, "ASTER/USDT": 1781740871.493052, "ENA/USDT": 1781750162.3179739, "BIO/USDT": 1781754965.8192444, "ESPORTS/USDT": 1781756461.3962245, "LAB/USDT": 1781756461.3962245}, "vals": {"SIREN/USDT": 3.45, "CLO/USDT": 8.31, "BEAT/USDT": 5.71, "H/USDT": 7.97, "SKYAI/USDT": 8.41, "XLM/USDT": 3.42}}