{"set": ["NASDAQ:CLRO", "NASDAQ:CWD"], "left": {"NASDAQ:WHLR": 1783326082.3620617, "NASDAQ:DSY": 1783326082.3620617, "NASDAQ:PPCB": 1783326082.3620617, "NASDAQ:CETX": 1783326082.3620617, "NASDAQ:USDE": 1783326082.3620617, "AMEX:SDEV": 1783326082.3620617}, "vals": {"NASDAQ:CWD": 126.25, "NASDAQ:CLRO": 11.8}}