{"set": ["BIO/USDT", "CLO/USDT", "HOME/USDT", "LAB/USDT", "SKYAI/USDT", "XLM/USDT"], "left": {"BEAT/USDT": 1781759162.5846694, "SIREN/USDT": 1781760061.2154665, "ESPORTS/USDT": 1781770868.3157644, "BTW/USDT": 1781772670.426987, "H/USDT": 1781775080.2026787}, "vals": {"HOME/USDT": 26.27, "LAB/USDT": 19.69, "CLO/USDT": 24.27, "SKYAI/USDT": 11.45, "XLM/USDT": 7.89, "BIO/USDT": 6.88}}