{"set": ["ALLO/USDT", "BEL/USDT", "BTW/USDT", "CLO/USDT", "EIGEN/USDT", "ENA/USDT", "ID/USDT", "PEPE/USDT", "RESOLV/USDT"], "left": {"HMSTR/USDT": 1782124881.5059009, "DOGE/USDT": 1782137202.693339, "UB/USDT": 1782137510.7530808, "XRP/USDT": 1782137510.7530808, "ADA/USDT": 1782138403.9731681}, "vals": {"PEPE/USDT": 3.3, "BTW/USDT": 50.22, "RESOLV/USDT": 5.48, "CLO/USDT": 29.15, "ENA/USDT": 12.49, "BEL/USDT": 22.21, "ID/USDT": 18.81, "EIGEN/USDT": 13.1, "ALLO/USDT": 14.03}}