{"set": ["BEL/USDT", "BICO/USDT", "BTW/USDT", "EIGEN/USDT", "ESPORTS/USDT", "HEI/USDT", "SKYAI/USDT"], "left": {"ENA/USDT": 1781936761.9218526, "BSB/USDT": 1781937073.213171, "CLO/USDT": 1781938881.122302, "ASTEROID/USDT": 1781940674.0638392, "BEAT/USDT": 1781944562.8452747, "UB/USDT": 1781944562.8452747}, "vals": {"BTW/USDT": 30.51, "ESPORTS/USDT": 6.09, "BEL/USDT": 32.93, "EIGEN/USDT": 10.37, "BICO/USDT": 21.13, "SKYAI/USDT": 4.04, "HEI/USDT": 4.86}}