{"set": ["BEAT/USDT", "BSB/USDT", "EVAA/USDT"], "left": {"FARTCOIN/USDT": 1781640126.1878064, "ENA/USDT": 1781643962.4595675, "XLM/USDT": 1781651172.5437033, "LAB/USDT": 1781654485.207243, "\u9f99\u867e/USDT": 1781654485.207243, "SPX/USDT": 1781654485.207243, "UNI/USDT": 1781654485.207243, "JTO/USDT": 1781654485.207243, "SPACE/USDT": 1781654485.207243, "SKYAI/USDT": 1781654485.207243, "ASTEROID/USDT": 1781654485.207243, "LUNC/USDT": 1781654750.7251735, "BLESS/USDT": 1781654750.7251735, "VELVET/USDT": 1781654750.7251735, "BR/USDT": 1781654750.7251735, "H/USDT": 1781654750.7251735}, "vals": {"BSB/USDT": 3.86, "BEAT/USDT": 4.2, "EVAA/USDT": 3.3}}