{"set": ["BTW/USDT", "ESPORTS/USDT", "SPX/USDT", "UNI/USDT", "\u9f99\u867e/USDT"], "left": {"H/USDT": 1781668262.6370485, "SKYAI/USDT": 1781669465.9265976, "SIREN/USDT": 1781672760.9604423, "BEAT/USDT": 1781673664.3652246, "SPACE/USDT": 1781676091.3308692, "BLESS/USDT": 1781676970.9589026, "EVAA/USDT": 1781680868.9426517, "XLM/USDT": 1781682371.3704596, "LAB/USDT": 1781682667.3037412, "BR/USDT": 1781686562.916723}, "vals": {"\u9f99\u867e/USDT": 3.57, "SPX/USDT": 13.9, "ESPORTS/USDT": 29.02, "BTW/USDT": 11.18, "UNI/USDT": 7.03}}