{"set": ["BEAT/USDT", "BSB/USDT", "BTW/USDT", "CLO/USDT", "FOLKS/USDT"], "left": {"LAB/USDT": 1781839260.977391, "BIO/USDT": 1781841958.741841, "VELVET/USDT": 1781843471.1378145, "BASED/USDT": 1781844062.1616166, "ESPORTS/USDT": 1781844956.9527075}, "vals": {"BTW/USDT": 20.55, "CLO/USDT": 6.21, "BEAT/USDT": 21.68, "BSB/USDT": 6.52, "FOLKS/USDT": 4.72}}