{"set": ["ACT/USDT", "RAVE/USDT", "SLX/USDT", "UB/USDT"], "left": {"BTW/USDT": 1782694552.992421, "AGLD/USDT": 1782698160.6993742, "SKYAI/USDT": 1782700551.8194292, "BEAT/USDT": 1782701760.3329859, "MANTA/USDT": 1782703264.1026807, "VELVET/USDT": 1782703871.3559985, "O/USDT": 1782714362.6655598, "BAS/USDT": 1782714672.0819025, "ENA/USDT": 1782715260.836869}, "vals": {"UB/USDT": 11.87, "ACT/USDT": 16.55, "RAVE/USDT": 41.37, "SLX/USDT": 12.38}}