{"set": ["BTW/USDT", "LAB/USDT", "NES/USDT", "TLM/USDT", "UB/USDT", "VANRY/USDT", "VELVET/USDT"], "left": {"HMSTR/USDT": 1783266363.6915896, "M/USDT": 1783269086.9972239, "LIT/USDT": 1783274498.418961, "MIRA/USDT": 1783278677.6371796, "WLFI/USDT": 1783279278.0503263}, "vals": {"UB/USDT": 15.57, "VANRY/USDT": 19.31, "LAB/USDT": 8.59, "BTW/USDT": 16.19, "NES/USDT": 26.33, "VELVET/USDT": 3.28, "TLM/USDT": 47.94}}