{"set": ["BTW/USDT", "ESPORTS/USDT", "LAYER/USDT", "MMT/USDT", "RESOLV/USDT"], "left": {"ID/USDT": 1782203167.1947546, "BEL/USDT": 1782203478.1150124, "FOLKS/USDT": 1782206171.7866685, "CLO/USDT": 1782216369.631479}, "vals": {"BTW/USDT": 10.87, "RESOLV/USDT": 19.03, "MMT/USDT": 5.82, "ESPORTS/USDT": 15.33, "LAYER/USDT": 5.47}}