{"set": ["ACE/USDT", "BANK/USDT", "BONK/USDT", "ENA/USDT", "HANA/USDT", "KAITO/USDT", "PI/USDT", "PROM/USDT", "PUMP/USDT"], "left": {"HOME/USDT": 1784561775.2969363, "PEPE/USDT": 1784564500.1598353, "LAB/USDT": 1784568398.64854, "B/USDT": 1784570799.41474, "ONDO/USDT": 1784577998.3437328}, "vals": {"BONK/USDT": 8.04, "PUMP/USDT": 4.0, "HANA/USDT": 16.09, "BANK/USDT": 25.08, "ACE/USDT": 47.09, "PROM/USDT": 31.64, "ENA/USDT": 3.34, "KAITO/USDT": 4.22, "PI/USDT": 7.13}}