{"set": ["ERA/USDT", "ESPORTS/USDT"], "left": {"PEPE/USDT": 1784585161.0402923, "HANA/USDT": 1784592090.7344356, "PI/USDT": 1784592090.7344356, "BONK/USDT": 1784592090.7344356, "ENA/USDT": 1784592090.7344356, "KAITO/USDT": 1784592090.7344356, "1000BONK/USDT": 1784592358.0541646, "ACE/USDT": 1784592657.724769, "PROM/USDT": 1784595064.241671, "HEMI/USDT": 1784595359.653175, "BANK/USDT": 1784601073.8639216, "AKE/USDT": 1784606754.3338852}, "vals": {"ERA/USDT": 62.12, "ESPORTS/USDT": 7.24}}