{"JCT/USDT": 1781384600.1676564, "COAI/USDT": 1781384600.1676564, "VELVET/USDT": 1781384600.1676564, "RIF/USDT": 1781384600.1676564, "BEAT/USDT": 1781384600.1676564, "XPL/USDT": 1781384600.1676564, "H/USDT": 1781384600.1676564, "SKYAI/USDT": 1781384600.1676564, "ENA/USDT": 1781384600.1676564}