{"set": ["ACE/USDT", "AVAAI/USDT", "BANK/USDT", "BONK/USDT", "PI/USDT"], "left": {"ESPORTS/USDT": 1784523357.0800269, "TLM/USDT": 1784527554.2372587, "HOME/USDT": 1784541064.47958, "KAITO/USDT": 1784541365.1198459}, "vals": {"BONK/USDT": 7.47, "BANK/USDT": 21.84, "AVAAI/USDT": 5.65, "ACE/USDT": 70.11, "PI/USDT": 7.99}}