{"set": ["BAS/USDT", "BEAT/USDT", "EVAA/USDT", "LAB/USDT", "RESOLV/USDT", "SKYAI/USDT", "SLX/USDT"], "left": {"ID/USDT": 1782356478.811467, "BTW/USDT": 1782358562.166448, "H/USDT": 1782372364.9331696, "ESPORTS/USDT": 1782374784.7962978}, "vals": {"BAS/USDT": 16.99, "LAB/USDT": 9.2, "SLX/USDT": 12.32, "RESOLV/USDT": 10.63, "BEAT/USDT": 9.04, "SKYAI/USDT": 9.71, "EVAA/USDT": 13.0}}