{"set": ["ACE/USDT", "BANK/USDT", "BONK/USDT", "PI/USDT"], "left": {"PEPE/USDT": 1784548567.946957, "AVAAI/USDT": 1784549465.5360234, "ENA/USDT": 1784554878.473591, "KAITO/USDT": 1784555764.3856475, "HOME/USDT": 1784556108.9179082}, "vals": {"BONK/USDT": 9.41, "BANK/USDT": 27.48, "ACE/USDT": 47.81, "PI/USDT": 6.7}}