{"set": ["BLESS/USDT", "BR/USDT", "BTW/USDT", "ESPORTS/USDT", "EVAA/USDT", "LAB/USDT", "SPX/USDT", "UNI/USDT", "XLM/USDT", "\u9f99\u867e/USDT"], "left": {"LUNC/USDT": 1781654750.7251735, "VELVET/USDT": 1781654750.7251735, "BSB/USDT": 1781655354.1214187, "H/USDT": 1781668262.6370485, "SKYAI/USDT": 1781669465.9265976, "SIREN/USDT": 1781672760.9604423, "BEAT/USDT": 1781673664.3652246, "SPACE/USDT": 1781676091.3308692}, "vals": {"\u9f99\u867e/USDT": 3.74, "BLESS/USDT": 8.01, "BR/USDT": 5.4, "LAB/USDT": 3.5, "SPX/USDT": 24.4, "BTW/USDT": 13.56, "ESPORTS/USDT": 12.02, "XLM/USDT": 3.64, "UNI/USDT": 6.75, "EVAA/USDT": 15.09}}