{"set": ["AGT/USDT", "ASTER/USDT", "CFX/USDT", "CLO/USDT", "ENA/USDT", "ESPORTS/USDT", "SPX/USDT", "XLM/USDT", "XPL/USDT"], "left": {"SIREN/USDT": 1781706106.1390588, "BSB/USDT": 1781717796.7338169, "BLESS/USDT": 1781718711.243285, "BTW/USDT": 1781719603.0196798, "BR/USDT": 1781720501.8672824}, "vals": {"AGT/USDT": 100.03, "ESPORTS/USDT": 31.81, "SPX/USDT": 19.43, "ASTER/USDT": 11.0, "XPL/USDT": 30.73, "CFX/USDT": 3.22, "CLO/USDT": 17.55, "ENA/USDT": 10.9, "XLM/USDT": 4.86}}