{"set": ["ARB/USDT", "BASED/USDT", "ESPORTS/USDT", "SKYAI/USDT", "TAG/USDT"], "left": {"EDGEX/USDT": 1783603011.964125, "ENA/USDT": 1783611999.8889506, "KAITO/USDT": 1783613852.2735386, "VANRY/USDT": 1783617121.3957415}, "vals": {"TAG/USDT": 5.64, "ESPORTS/USDT": 18.72, "SKYAI/USDT": 5.77, "BASED/USDT": 19.27, "ARB/USDT": 11.83}}