{"set": ["ARB/USDT", "CLO/USDT", "ENA/USDT", "T/USDT"], "left": {"SKYAI/USDT": 1783782026.1493845, "BEAT/USDT": 1783782026.1493845, "HMSTR/USDT": 1783783887.6966646, "XPIN/USDT": 1783791690.6547346, "ADA/USDT": 1783795878.8152895}, "vals": {"T/USDT": 29.57, "CLO/USDT": 27.17, "ENA/USDT": 3.43, "ARB/USDT": 4.93}}