{"set": ["ACE/USDT", "BANK/USDT", "BONK/USDT", "HANA/USDT", "ONDO/USDT", "PI/USDT", "PROM/USDT"], "left": {"HOME/USDT": 1784561775.2969363, "PEPE/USDT": 1784564500.1598353, "LAB/USDT": 1784568398.64854, "B/USDT": 1784570799.41474, "ENA/USDT": 1784574394.6410167, "KAITO/USDT": 1784574999.5386314}, "vals": {"BONK/USDT": 8.47, "HANA/USDT": 17.28, "BANK/USDT": 25.48, "ACE/USDT": 60.5, "PROM/USDT": 33.02, "ONDO/USDT": 3.04, "PI/USDT": 7.45}}