{"set": ["LAB/USDT"], "left": {"JCT/USDT": 1783987300.7984977, "BILL/USDT": 1783987300.7984977, "ALLO/USDT": 1783989679.3426087, "DEXE/USDT": 1783989679.3426087, "ANSEM/USDT": 1783989679.3426087, "AIOT/USDT": 1783989679.3426087, "VELVET/USDT": 1783999881.1834915, "T/USDT": 1784000475.9117653}, "vals": {"LAB/USDT": 31.63}}