{"set": ["XPIN/USDT"], "left": {"ENA/USDT": 1783801277.7370703, "ADA/USDT": 1783801277.7370703, "ARB/USDT": 1783812358.1646605, "T/USDT": 1783814490.6812153, "CLO/USDT": 1783814490.6812153, "B/USDT": 1783815955.6448395, "SXT/USDT": 1783815955.6448395}, "vals": {"XPIN/USDT": 3.26}}