{"set": ["ADA/USDT", "ARPA/USDT", "BAS/USDT", "GUA/USDT", "PEPE/USDT", "TLM/USDT", "ZKP/USDT"], "left": {"TAC/USDT": 1783066278.9986367, "MAGMA/USDT": 1783074080.1558797, "US/USDT": 1783076497.9331872, "M/USDT": 1783077676.7961626}, "vals": {"PEPE/USDT": 4.54, "ARPA/USDT": 45.02, "ZKP/USDT": 25.23, "BAS/USDT": 16.51, "GUA/USDT": 7.96, "TLM/USDT": 3.36, "ADA/USDT": 4.28}}