{"set": ["ASTEROID/USDT", "BEAT/USDT", "BEL/USDT", "BICO/USDT", "BSB/USDT", "BTW/USDT", "CLO/USDT", "EIGEN/USDT", "ESPORTS/USDT"], "left": {"SYN/USDT": 1781913954.9455822, "BLESS/USDT": 1781913954.9455822, "BASED/USDT": 1781915763.145682, "LAB/USDT": 1781916662.773172, "HEI/USDT": 1781924153.5218754, "UB/USDT": 1781934068.8611097}, "vals": {"ASTEROID/USDT": 6.94, "BTW/USDT": 10.24, "ESPORTS/USDT": 6.26, "BEL/USDT": 9.18, "CLO/USDT": 11.42, "BEAT/USDT": 8.22, "BSB/USDT": 5.74, "EIGEN/USDT": 10.17, "BICO/USDT": 9.02}}