{"set": ["CHIP/USDT", "CLO/USDT", "ESPORTS/USDT", "EVAA/USDT", "JCT/USDT", "JELLYJELLY/USDT"], "left": {"TRADOOR/USDT": 1781481361.106416, "BTW/USDT": 1781481673.613035, "XRP/USDT": 1781481673.613035, "SKYAI/USDT": 1781481673.613035, "ADA/USDT": 1781481673.613035, "COAI/USDT": 1781484059.012646, "LAB/USDT": 1781486463.1124449, "OPG/USDT": 1781488257.9583573, "H/USDT": 1781490069.5972364, "BEAT/USDT": 1781490960.807529, "VELVET/USDT": 1781491863.8475912, "SIREN/USDT": 1781492157.4935095}, "vals": {"JCT/USDT": 6.97, "CHIP/USDT": 4.96, "ESPORTS/USDT": 6.71, "JELLYJELLY/USDT": 5.23, "CLO/USDT": 27.82, "EVAA/USDT": 4.15}}