{"set": ["BTW/USDT", "CLO/USDT", "ESPORTS/USDT", "EVAA/USDT", "H/USDT", "LAB/USDT", "SKYAI/USDT"], "left": {"VELVET/USDT": 1781444792.1403408, "JCT/USDT": 1781446321.9346998, "MEGA/USDT": 1781457131.357136, "OPG/USDT": 1781460081.093906, "TRADOOR/USDT": 1781460368.7243822}, "vals": {"ESPORTS/USDT": 7.17, "H/USDT": 6.24, "BTW/USDT": 10.78, "CLO/USDT": 35.46, "EVAA/USDT": 43.07, "LAB/USDT": 3.29, "SKYAI/USDT": 3.04}}