{"set": ["AGT/USDT", "ASTER/USDT", "BSB/USDT", "CLO/USDT", "ENA/USDT", "ESPORTS/USDT", "SPX/USDT", "XPL/USDT"], "left": {"BTW/USDT": 1781719603.0196798, "BR/USDT": 1781720501.8672824, "CFX/USDT": 1781722917.0172505, "BLESS/USDT": 1781732498.5417356, "XLM/USDT": 1781733967.5503628}, "vals": {"AGT/USDT": 105.54, "ESPORTS/USDT": 28.15, "SPX/USDT": 11.65, "ASTER/USDT": 6.72, "XPL/USDT": 17.64, "CLO/USDT": 17.33, "ENA/USDT": 4.02, "BSB/USDT": 7.97}}