{"set": ["ACT/USDT", "AGLD/USDT", "O/USDT", "RAVE/USDT", "RE/USDT", "TAC/USDT", "UB/USDT"], "left": {"WIF/USDT": 1782748298.6996446, "GWEI/USDT": 1782751299.420819, "ADA/USDT": 1782755498.7968976, "ENA/USDT": 1782758799.5168116, "BEAT/USDT": 1782768365.9959419}, "vals": {"TAC/USDT": 169.09, "UB/USDT": 40.57, "RAVE/USDT": 31.21, "ACT/USDT": 15.09, "O/USDT": 9.65, "RE/USDT": 31.05, "AGLD/USDT": 21.35}}