{"set": ["ACE/USDT", "AVAAI/USDT", "BANK/USDT", "BONK/USDT", "PI/USDT"], "left": {"ESPORTS/USDT": 1784523357.0800269, "TLM/USDT": 1784527554.2372587, "HOME/USDT": 1784536559.0636837, "KAITO/USDT": 1784538966.6874323}, "vals": {"BONK/USDT": 8.58, "BANK/USDT": 11.93, "AVAAI/USDT": 4.18, "ACE/USDT": 61.8, "PI/USDT": 6.8}}