{"set": ["BTW/USDT", "NES/USDT", "TLM/USDT", "VANRY/USDT"], "left": {"VELVET/USDT": 1783231287.6714854, "BAS/USDT": 1783236069.9352868, "M/USDT": 1783247485.2696817, "HMSTR/USDT": 1783247756.0110407, "LAB/USDT": 1783251082.637929}, "vals": {"VANRY/USDT": 10.11, "BTW/USDT": 27.38, "NES/USDT": 9.95, "TLM/USDT": 16.63}}