{"set": ["BEAT/USDT", "ESPORTS/USDT"], "left": {"ENA/USDT": 1782346254.9399734, "O/USDT": 1782346254.9399734, "FET/USDT": 1782346254.9399734, "UB/USDT": 1782346254.9399734, "JUP/USDT": 1782346254.9399734, "SEI/USDT": 1782346254.9399734, "SLX/USDT": 1782346254.9399734, "ONDO/USDT": 1782346254.9399734, "CLO/USDT": 1782349281.2013028, "SAHARA/USDT": 1782350757.2498891, "LAB/USDT": 1782352566.9077063, "ID/USDT": 1782356478.811467, "BTW/USDT": 1782358562.166448, "RESOLV/USDT": 1782359162.2877514, "EVAA/USDT": 1782360077.2447712, "BAS/USDT": 1782360354.8983526}, "vals": {"ESPORTS/USDT": 7.36, "BEAT/USDT": 4.01}}