{"set": ["CHIP/USDT", "CLO/USDT", "ESPORTS/USDT", "H/USDT", "JCT/USDT", "JELLYJELLY/USDT", "SIREN/USDT", "VELVET/USDT"], "left": {"TRADOOR/USDT": 1781481361.106416, "BTW/USDT": 1781481673.613035, "XRP/USDT": 1781481673.613035, "SKYAI/USDT": 1781481673.613035, "ADA/USDT": 1781481673.613035, "COAI/USDT": 1781484059.012646, "LAB/USDT": 1781486463.1124449, "OPG/USDT": 1781488257.9583573, "BEAT/USDT": 1781490960.807529, "EVAA/USDT": 1781492769.3099172}, "vals": {"JCT/USDT": 5.26, "SIREN/USDT": 8.25, "VELVET/USDT": 3.14, "CHIP/USDT": 5.2, "ESPORTS/USDT": 7.55, "JELLYJELLY/USDT": 5.41, "H/USDT": 7.24, "CLO/USDT": 26.96}}