{"set": ["BEAT/USDT", "BEL/USDT", "LAB/USDT", "RESOLV/USDT", "SKYAI/USDT", "SLX/USDT"], "left": {"EVAA/USDT": 1782385286.939095, "BLESS/USDT": 1782388917.2101676, "BAS/USDT": 1782403324.4644468, "XPL/USDT": 1782404195.4882438, "WLFI/USDT": 1782405113.9938495, "H/USDT": 1782405701.5401418}, "vals": {"SLX/USDT": 21.5, "LAB/USDT": 15.68, "RESOLV/USDT": 12.71, "SKYAI/USDT": 10.67, "BEAT/USDT": 20.29, "BEL/USDT": 8.39}}