{"set": ["ASTEROID/USDT", "BSB/USDT", "H/USDT", "JTO/USDT", "LAB/USDT", "OPG/USDT", "SKYAI/USDT", "SPACE/USDT", "UNI/USDT", "\u9f99\u867e/USDT"], "left": {"ZRO/USDT": 1781607718.8485653, "CHIP/USDT": 1781613111.0452197, "ENA/USDT": 1781615200.7178867, "VELVET/USDT": 1781619706.3217, "FARTCOIN/USDT": 1781619706.3217, "XLM/USDT": 1781623012.3440986}, "vals": {"ASTEROID/USDT": 23.21, "SPACE/USDT": 11.29, "\u9f99\u867e/USDT": 41.27, "LAB/USDT": 37.75, "OPG/USDT": 3.59, "H/USDT": 3.0, "SKYAI/USDT": 20.03, "BSB/USDT": 45.21, "JTO/USDT": 12.22, "UNI/USDT": 4.96}}