{"set": ["AGLD/USDT", "MAGMA/USDT", "SLX/USDT", "VELVET/USDT"], "left": {"H/USDT": 1782514894.6638541, "JTO/USDT": 1782518468.9153395, "ESPORTS/USDT": 1782518468.9153395, "BEAT/USDT": 1782518468.9153395, "ADA/USDT": 1782518468.9153395, "G/USDT": 1782518764.362656, "UB/USDT": 1782519069.0075705, "SKYAI/USDT": 1782519069.0075705, "WIF/USDT": 1782519069.0075705, "FARTCOIN/USDT": 1782519069.0075705, "PUMPFUN/USDT": 1782519069.0075705, "BAS/USDT": 1782519366.7886963, "LAB/USDT": 1782524459.6813502}, "vals": {"MAGMA/USDT": 3.59, "VELVET/USDT": 20.26, "AGLD/USDT": 5.3, "SLX/USDT": 10.92}}