{"set": ["BLUR/USDT", "NES/USDT", "OPG/USDT", "WLFI/USDT"], "left": {"M/USDT": 1783429313.8417206, "VANRY/USDT": 1783430493.8190887, "LIT/USDT": 1783434117.5776558, "TLM/USDT": 1783435315.3536253, "TAC/USDT": 1783437114.274098}, "vals": {"BLUR/USDT": 10.42, "OPG/USDT": 4.86, "NES/USDT": 3.41, "WLFI/USDT": 3.11}}