{"set": ["LAB/USDT", "PUMPFUN/USDT", "SKYAI/USDT", "SLX/USDT", "UB/USDT", "VELVET/USDT", "WIF/USDT"], "left": {"H/USDT": 1782514894.6638541, "BAS/USDT": 1782516682.3019545, "JTO/USDT": 1782518468.9153395, "ESPORTS/USDT": 1782518468.9153395, "AGLD/USDT": 1782518468.9153395, "BEAT/USDT": 1782518468.9153395, "ADA/USDT": 1782518468.9153395, "MAGMA/USDT": 1782518468.9153395, "G/USDT": 1782518764.362656}, "vals": {"PUMPFUN/USDT": 5.5, "UB/USDT": 6.52, "SLX/USDT": 6.63, "VELVET/USDT": 10.59, "WIF/USDT": 5.0, "SKYAI/USDT": 6.44, "LAB/USDT": 5.31}}