{"set": ["B/USDT", "BILL/USDT", "JCT/USDT", "US/USDT", "VELVET/USDT"], "left": {"LAB/USDT": 1783921560.2379856, "BEAT/USDT": 1783939288.251734, "MAGMA/USDT": 1783941370.7750535}, "vals": {"JCT/USDT": 21.19, "BILL/USDT": 9.75, "US/USDT": 3.15, "VELVET/USDT": 28.15, "B/USDT": 13.02}}