{"set": ["BAS/USDT", "LAB/USDT", "M/USDT", "VANRY/USDT"], "left": {"ADA/USDT": 1783209700.0057917, "MIRA/USDT": 1783209700.0057917, "RAVE/USDT": 1783210271.3595967, "ANSEM/USDT": 1783210271.3595967, "TLM/USDT": 1783210798.1525428, "ARPA/USDT": 1783211755.6816056, "MAGMA/USDT": 1783214152.3033066, "HMSTR/USDT": 1783216271.6822398, "VELVET/USDT": 1783231287.6714854}, "vals": {"VANRY/USDT": 13.11, "LAB/USDT": 8.92, "BAS/USDT": 9.2, "M/USDT": 3.32}}