{"set": ["ADA/USDT", "BIRB/USDT", "BREV/USDT", "DOGE/USDT", "ENA/USDT", "LIT/USDT", "M/USDT", "PEPE/USDT", "TLM/USDT", "XRP/USDT"], "left": {"SLX/USDT": 1782988872.3451953, "BAS/USDT": 1782990368.4244921, "TAC/USDT": 1782992775.2916791, "LAB/USDT": 1782997570.1451452, "UB/USDT": 1783002113.1760826}, "vals": {"PEPE/USDT": 5.3, "BIRB/USDT": 64.18, "BREV/USDT": 26.75, "M/USDT": 33.91, "TLM/USDT": 10.28, "XRP/USDT": 4.08, "DOGE/USDT": 3.27, "ENA/USDT": 8.45, "ADA/USDT": 4.16, "LIT/USDT": 3.24}}