{"set": ["ACT/USDT", "BAS/USDT", "BEAT/USDT", "SKYAI/USDT"], "left": {"LAB/USDT": 1782682330.3504665, "MANTA/USDT": 1782691284.653991, "UB/USDT": 1782691284.653991, "VELVET/USDT": 1782691854.3490047, "POWR/USDT": 1782693061.7186444, "SLX/USDT": 1782693061.7186444, "MAGIC/USDT": 1782693061.7186444, "BTW/USDT": 1782694552.992421, "AGLD/USDT": 1782698160.6993742, "RAVE/USDT": 1782698478.4867175, "O/USDT": 1782698759.4098055}, "vals": {"BAS/USDT": 6.28, "ACT/USDT": 5.0, "SKYAI/USDT": 4.31, "BEAT/USDT": 3.75}}