{"set": ["BAS/USDT", "BEAT/USDT", "G/USDT", "H/USDT", "SKYAI/USDT", "SLX/USDT", "TNSR/USDT", "UB/USDT"], "left": {"BEL/USDT": 1782447364.0422156, "IP/USDT": 1782447662.282406, "ESPORTS/USDT": 1782448274.1921105, "BTW/USDT": 1782451870.6836007, "LAB/USDT": 1782456664.1921847, "PUMP/USDT": 1782461769.381446}, "vals": {"G/USDT": 10.9, "BAS/USDT": 3.32, "UB/USDT": 10.37, "SLX/USDT": 11.51, "BEAT/USDT": 14.55, "SKYAI/USDT": 12.89, "H/USDT": 12.15, "TNSR/USDT": 3.48}}