{"set": ["NASDAQ:CAST", "NASDAQ:TDIC"], "left": {"NASDAQ:MTEN": 1781598075.7840223, "NASDAQ:DXST": 1781598075.7840223, "NASDAQ:GLXG": 1781598075.7840223, "NASDAQ:CUPR": 1781598075.7840223, "NASDAQ:AHMA": 1781598075.7840223, "NASDAQ:GMM": 1781598075.7840223, "NASDAQ:HUBC": 1781598075.7840223, "NASDAQ:JRSH": 1781598075.7840223, "NASDAQ:CRMT": 1781598075.7840223, "NASDAQ:BYAH": 1781598075.7840223, "NASDAQ:VSME": 1781598075.7840223}, "vals": {"NASDAQ:CAST": 212.26, "NASDAQ:TDIC": 12.15}}