{"set": ["BEAT/USDT", "BTW/USDT", "CLO/USDT"], "left": {"LAB/USDT": 1781839260.977391, "BIO/USDT": 1781841958.741841, "BASED/USDT": 1781844062.1616166, "ESPORTS/USDT": 1781844956.9527075, "BSB/USDT": 1781854554.125682, "FOLKS/USDT": 1781858170.196095, "VELVET/USDT": 1781858774.363372}, "vals": {"BTW/USDT": 26.22, "CLO/USDT": 5.54, "BEAT/USDT": 5.8}}