{"set": ["AKE/USDT", "AVAAI/USDT", "B/USDT", "BANK/USDT"], "left": {"US/USDT": 1784382660.189706, "LAB/USDT": 1784401283.1758833, "ESPORTS/USDT": 1784402756.8192394}, "vals": {"AKE/USDT": 33.64, "BANK/USDT": 57.1, "AVAAI/USDT": 13.14, "B/USDT": 41.38}}