{"set": ["AKE/USDT", "ERA/USDT", "ESPORTS/USDT", "US/USDT"], "left": {"BANK/USDT": 1784620901.218681, "B/USDT": 1784621474.4346163, "ENA/USDT": 1784624502.970529, "NIGHT/USDT": 1784625079.2304957, "ADA/USDT": 1784625376.9897943}, "vals": {"ERA/USDT": 53.09, "AKE/USDT": 3.88, "ESPORTS/USDT": 7.39, "US/USDT": 10.33}}