{"set": ["BEL/USDT", "BICO/USDT", "BTW/USDT", "EIGEN/USDT"], "left": {"ENA/USDT": 1781936761.9218526, "BSB/USDT": 1781937073.213171, "ASTEROID/USDT": 1781940674.0638392, "BEAT/USDT": 1781944562.8452747, "UB/USDT": 1781944562.8452747, "HEI/USDT": 1781949681.8658605, "CLO/USDT": 1781949681.8658605, "GALA/USDT": 1781951164.1377556, "SKYAI/USDT": 1781951164.1377556, "ESPORTS/USDT": 1781952062.982629, "AGT/USDT": 1781952361.9818175}, "vals": {"BTW/USDT": 37.14, "BEL/USDT": 50.6, "EIGEN/USDT": 7.67, "BICO/USDT": 18.83}}