{"set": ["EVAA/USDT", "TAG/USDT"], "left": {"KAITO/USDT": 1783631165.7486725, "ENA/USDT": 1783638688.140897, "ESPORTS/USDT": 1783641690.7023995, "BASED/USDT": 1783641690.7023995, "ARB/USDT": 1783641690.7023995, "SKYAI/USDT": 1783641690.7023995, "TAC/USDT": 1783645561.3696177, "US/USDT": 1783647355.6420429, "LAB/USDT": 1783648884.6974123, "VANRY/USDT": 1783648884.6974123, "EDGEX/USDT": 1783649153.2064257}, "vals": {"TAG/USDT": 7.12, "EVAA/USDT": 3.61}}