{"set": ["BTW/USDT", "CLO/USDT", "EIGEN/USDT", "ENA/USDT", "ID/USDT", "UB/USDT"], "left": {"TNSR/USDT": 1782107467.06685, "BEAT/USDT": 1782109558.5650342, "ADA/USDT": 1782118283.6734467, "BEL/USDT": 1782123675.9632735, "HMSTR/USDT": 1782124881.5059009, "RESOLV/USDT": 1782125482.773718}, "vals": {"UB/USDT": 8.49, "BTW/USDT": 45.25, "CLO/USDT": 28.86, "ENA/USDT": 10.0, "ID/USDT": 18.62, "EIGEN/USDT": 10.8}}