{"set": ["B/USDT", "BANK/USDT", "ESPORTS/USDT", "HOME/USDT", "KAITO/USDT"], "left": {"LAB/USDT": 1784419277.0800655, "AVAAI/USDT": 1784419277.0800655, "BILL/USDT": 1784420159.8236463, "FARTCOIN/USDT": 1784420159.8236463, "AKE/USDT": 1784422881.7681973, "US/USDT": 1784428858.6133661, "NES/USDT": 1784432757.9521945}, "vals": {"BANK/USDT": 3.35, "ESPORTS/USDT": 58.54, "HOME/USDT": 6.67, "B/USDT": 9.0, "KAITO/USDT": 10.47}}