{"set": ["AKE/USDT", "AVAAI/USDT", "B/USDT", "BANK/USDT"], "left": {"US/USDT": 1784405760.0420237, "ESPORTS/USDT": 1784408154.8933892, "LAB/USDT": 1784408154.8933892}, "vals": {"AKE/USDT": 39.12, "BANK/USDT": 53.07, "AVAAI/USDT": 7.48, "B/USDT": 41.64}}