{"set": ["BLESS/USDT", "BR/USDT", "H/USDT", "LUNC/USDT", "VELVET/USDT"], "left": {"FARTCOIN/USDT": 1781640126.1878064, "ENA/USDT": 1781643962.4595675, "XLM/USDT": 1781651172.5437033, "BSB/USDT": 1781654485.207243, "LAB/USDT": 1781654485.207243, "\u9f99\u867e/USDT": 1781654485.207243, "SPX/USDT": 1781654485.207243, "UNI/USDT": 1781654485.207243, "JTO/USDT": 1781654485.207243, "SPACE/USDT": 1781654485.207243, "SKYAI/USDT": 1781654485.207243, "ASTEROID/USDT": 1781654485.207243}, "vals": {"LUNC/USDT": 7.48, "BR/USDT": 5.54, "BLESS/USDT": 23.53, "VELVET/USDT": 17.78, "H/USDT": 15.51}}