{"set": ["AKE/USDT", "BANK/USDT", "ONDO/USDT", "US/USDT"], "left": {"ESPORTS/USDT": 1784289361.5060365, "BILL/USDT": 1784291480.5933228, "KAITO/USDT": 1784304671.823142}, "vals": {"AKE/USDT": 23.1, "BANK/USDT": 8.89, "US/USDT": 8.49, "ONDO/USDT": 3.52}}