{"set": ["CLO/USDT", "ESPORTS/USDT", "HOME/USDT", "LAB/USDT", "SKYAI/USDT", "XLM/USDT"], "left": {"ENA/USDT": 1781750162.3179739, "BEAT/USDT": 1781759162.5846694, "SIREN/USDT": 1781760061.2154665, "BIO/USDT": 1781768167.1081972, "H/USDT": 1781768167.1081972}, "vals": {"ESPORTS/USDT": 6.62, "HOME/USDT": 21.23, "LAB/USDT": 12.31, "CLO/USDT": 9.58, "SKYAI/USDT": 8.37, "XLM/USDT": 4.96}}