{"set": ["ANSEM/USDT", "APE/USDT", "FET/USDT", "KAITO/USDT", "OGN/USDT", "RAVE/USDT", "SKYAI/USDT", "TAG/USDT", "UAI/USDT", "VANRY/USDT"], "left": {"UNI/USDT": 1783544196.627076, "LDO/USDT": 1783553159.1583135, "NES/USDT": 1783555311.7287774, "EDGEX/USDT": 1783555311.7287774, "EVAA/USDT": 1783555311.7287774, "SLX/USDT": 1783555311.7287774, "LAB/USDT": 1783555569.4570467}, "vals": {"TAG/USDT": 88.85, "VANRY/USDT": 9.55, "ANSEM/USDT": 9.13, "FET/USDT": 3.15, "OGN/USDT": 16.72, "SKYAI/USDT": 5.49, "KAITO/USDT": 3.75, "RAVE/USDT": 7.26, "APE/USDT": 6.58, "UAI/USDT": 4.59}}