{"set": ["KAITO/USDT", "SKYAI/USDT", "TAG/USDT"], "left": {"CLO/USDT": 1783587968.868174, "POWER/USDT": 1783589763.6256015, "UNI/USDT": 1783592763.5796893, "ENA/USDT": 1783592763.5796893, "EDGEX/USDT": 1783595162.7151136, "VANRY/USDT": 1783595492.7154055}, "vals": {"TAG/USDT": 36.43, "SKYAI/USDT": 12.54, "KAITO/USDT": 3.97}}