{"set": ["BEAT/USDT", "CLO/USDT", "ESPORTS/USDT", "H/USDT", "SIREN/USDT", "SKYAI/USDT"], "left": {"CFX/USDT": 1781738757.260513, "BSB/USDT": 1781740871.493052, "SPX/USDT": 1781740871.493052, "AGT/USDT": 1781740871.493052, "XPL/USDT": 1781740871.493052, "ASTER/USDT": 1781740871.493052, "ENA/USDT": 1781750162.3179739, "BIO/USDT": 1781754965.8192444, "LAB/USDT": 1781756461.3962245, "XLM/USDT": 1781757078.326818}, "vals": {"ESPORTS/USDT": 3.36, "SIREN/USDT": 3.12, "CLO/USDT": 7.79, "BEAT/USDT": 6.3, "H/USDT": 8.36, "SKYAI/USDT": 8.77}}