{"set": ["ADA/USDT", "AKE/USDT", "BANK/USDT", "ONDO/USDT", "US/USDT"], "left": {"ESPORTS/USDT": 1784289361.5060365, "BILL/USDT": 1784291480.5933228, "KAITO/USDT": 1784304671.823142}, "vals": {"AKE/USDT": 25.97, "BANK/USDT": 7.68, "US/USDT": 6.63, "ADA/USDT": 3.36, "ONDO/USDT": 3.8}}