{"set": ["LAB/USDT", "TAG/USDT"], "left": {"KAITO/USDT": 1783631165.7486725, "ENA/USDT": 1783638688.140897, "ESPORTS/USDT": 1783641690.7023995, "BASED/USDT": 1783641690.7023995, "ARB/USDT": 1783641690.7023995, "SKYAI/USDT": 1783641690.7023995, "US/USDT": 1783643485.5325227, "EVAA/USDT": 1783645561.3696177, "EDGEX/USDT": 1783645561.3696177, "TAC/USDT": 1783645561.3696177}, "vals": {"TAG/USDT": 10.96, "LAB/USDT": 12.13}}