{"set": ["BEAT/USDT", "BSB/USDT", "BTW/USDT", "CLO/USDT", "FOLKS/USDT"], "left": {"LAB/USDT": 1781839260.977391, "BIO/USDT": 1781841958.741841, "VELVET/USDT": 1781843471.1378145, "BASED/USDT": 1781844062.1616166, "ESPORTS/USDT": 1781844956.9527075}, "vals": {"BTW/USDT": 19.14, "CLO/USDT": 3.62, "BEAT/USDT": 26.94, "BSB/USDT": 6.06, "FOLKS/USDT": 6.42}}