{"set": ["CLO/USDT", "EDGEX/USDT", "POWER/USDT", "SKYAI/USDT", "VANRY/USDT"], "left": {"EVAA/USDT": 1783559488.4230435, "LAB/USDT": 1783564557.8091063, "UNI/USDT": 1783577155.783662, "TAG/USDT": 1783578081.9351764}, "vals": {"EDGEX/USDT": 8.14, "POWER/USDT": 6.0, "VANRY/USDT": 11.38, "SKYAI/USDT": 3.63, "CLO/USDT": 10.23}}