{"set": ["BEAT/USDT", "EPIC/USDT", "LAB/USDT", "UB/USDT"], "left": {"BTW/USDT": 1782012064.233977, "SLX/USDT": 1782012667.6009367, "EIGEN/USDT": 1782018075.8703148, "BEL/USDT": 1782018959.8330061, "ALICE/USDT": 1782018959.8330061, "ESPORTS/USDT": 1782023755.1606114, "SIREN/USDT": 1782025725.7103992}, "vals": {"UB/USDT": 16.47, "LAB/USDT": 13.86, "EPIC/USDT": 12.56, "BEAT/USDT": 3.13}}