{"set": ["NES/USDT", "UB/USDT", "VANRY/USDT"], "left": {"HMSTR/USDT": 1783314962.4727664, "EPIC/USDT": 1783317960.707354, "LAB/USDT": 1783319753.3504353, "VELVET/USDT": 1783326359.0054882, "LIT/USDT": 1783329680.3628118}, "vals": {"UB/USDT": 4.04, "VANRY/USDT": 5.7, "NES/USDT": 8.01}}