{"set": ["ASTEROID/USDT", "BEAT/USDT", "BSB/USDT", "CLO/USDT", "EIGEN/USDT", "ESPORTS/USDT", "UB/USDT"], "left": {"SKYAI/USDT": 1781911872.545053, "SYN/USDT": 1781913954.9455822, "BLESS/USDT": 1781913954.9455822, "BASED/USDT": 1781915763.145682, "LAB/USDT": 1781916662.773172, "BICO/USDT": 1781921462.5297523, "HEI/USDT": 1781924153.5218754, "BTW/USDT": 1781925665.8882604, "BEL/USDT": 1781926866.2770963}, "vals": {"ASTEROID/USDT": 5.19, "UB/USDT": 4.25, "ESPORTS/USDT": 6.16, "CLO/USDT": 6.32, "BEAT/USDT": 8.35, "BSB/USDT": 3.2, "EIGEN/USDT": 9.56}}