{"set": ["BEAT/USDT", "EPIC/USDT", "RESOLV/USDT", "TNSR/USDT", "UB/USDT"], "left": {"SIREN/USDT": 1782054081.0560644, "LAB/USDT": 1782055871.3949046, "ENA/USDT": 1782058561.4018724}, "vals": {"UB/USDT": 43.72, "TNSR/USDT": 40.31, "RESOLV/USDT": 23.02, "BEAT/USDT": 3.14, "EPIC/USDT": 3.07}}