{"set": ["CLO/USDT", "LAB/USDT", "TNSR/USDT", "UB/USDT"], "left": {"ESPORTS/USDT": 1782081082.4611847, "RESOLV/USDT": 1782084972.3252332, "WLFI/USDT": 1782084972.3252332, "BEL/USDT": 1782086498.4360116, "BEAT/USDT": 1782086498.4360116, "STO/USDT": 1782087057.9893005, "NAORIS/USDT": 1782087057.9893005, "BTW/USDT": 1782089474.391936}, "vals": {"UB/USDT": 5.92, "LAB/USDT": 10.08, "TNSR/USDT": 3.24, "CLO/USDT": 7.26}}