{"set": ["NASDAQ:CHSN", "NASDAQ:ELAB", "NASDAQ:GMM", "NASDAQ:JZXN", "NASDAQ:PMA", "NASDAQ:WOK", "NASDAQ:YYGH"], "left": {"NASDAQ:BJDX": 1783929701.7555168, "NASDAQ:JLHL": 1783929701.7555168, "NASDAQ:SUNE": 1783929701.7555168, "NASDAQ:VRAX": 1783929701.7555168, "NASDAQ:RPGL": 1783929701.7555168, "AMEX:INUV": 1783931492.8795018, "NASDAQ:CRE": 1783931492.8795018}, "vals": {"NASDAQ:CHSN": 23.08, "NASDAQ:JZXN": 38.46, "NASDAQ:GMM": 207.5, "NASDAQ:WOK": 17.33, "NASDAQ:PMA": 24.03, "NASDAQ:ELAB": 18.4, "NASDAQ:YYGH": 10.58}}