{"set": ["NASDAQ:CELZ", "NASDAQ:DGNX", "NASDAQ:GVH", "NASDAQ:LGCL"], "left": {"NASDAQ:KUST": 1782892894.0014622, "NASDAQ:UPC": 1782892894.0014622, "NASDAQ:TNMG": 1782892894.0014622, "NASDAQ:SKYQ": 1782894682.2342443, "NASDAQ:CTNT": 1782894682.2342443, "NASDAQ:CUPR": 1782894682.2342443, "NASDAQ:CAST": 1782894682.2342443}, "vals": {"NASDAQ:GVH": 15.1, "NASDAQ:CELZ": 222.14, "NASDAQ:LGCL": 11.49, "NASDAQ:DGNX": 14.29}}