{"set": ["BTW/USDT", "CLO/USDT", "ESPORTS/USDT", "H/USDT", "LAB/USDT"], "left": {"MEGA/USDT": 1781430421.0614576, "COAI/USDT": 1781430726.673498, "XPL/USDT": 1781434933.697731, "VELVET/USDT": 1781444792.1403408, "JCT/USDT": 1781446321.9346998, "SKYAI/USDT": 1781448125.603795}, "vals": {"ESPORTS/USDT": 13.39, "H/USDT": 10.93, "BTW/USDT": 4.78, "CLO/USDT": 31.55, "LAB/USDT": 5.82}}