{"set": ["BAS/USDT", "ESPORTS/USDT", "EVAA/USDT", "ID/USDT", "LAB/USDT"], "left": {"ENA/USDT": 1782346254.9399734, "O/USDT": 1782346254.9399734, "FET/USDT": 1782346254.9399734, "UB/USDT": 1782346254.9399734, "JUP/USDT": 1782346254.9399734, "SEI/USDT": 1782346254.9399734, "SLX/USDT": 1782346254.9399734, "ONDO/USDT": 1782346254.9399734, "CLO/USDT": 1782349281.2013028, "BTW/USDT": 1782349281.2013028, "SAHARA/USDT": 1782350757.2498891, "BEAT/USDT": 1782351355.3770232}, "vals": {"BAS/USDT": 3.28, "LAB/USDT": 3.45, "ESPORTS/USDT": 4.75, "ID/USDT": 10.71, "EVAA/USDT": 3.73}}