{"set": ["M/USDT", "SLX/USDT", "UB/USDT"], "left": {"WIF/USDT": 1782604885.0212393, "MYX/USDT": 1782605457.9097173, "S/USDT": 1782605457.9097173, "RE/USDT": 1782605457.9097173, "VELVET/USDT": 1782605457.9097173, "LAB/USDT": 1782606058.9261541}, "vals": {"UB/USDT": 5.33, "SLX/USDT": 3.5, "M/USDT": 4.4}}