{"set": ["BEAT/USDT", "BEL/USDT", "ESPORTS/USDT", "RESOLV/USDT", "TNSR/USDT", "UB/USDT", "WLFI/USDT"], "left": {"SIREN/USDT": 1782054081.0560644, "LAB/USDT": 1782055871.3949046, "ENA/USDT": 1782058561.4018724, "EPIC/USDT": 1782063361.0904973}, "vals": {"UB/USDT": 56.57, "TNSR/USDT": 49.84, "RESOLV/USDT": 11.61, "ESPORTS/USDT": 4.07, "WLFI/USDT": 5.03, "BEL/USDT": 8.29, "BEAT/USDT": 3.6}}