{"set": ["NASDAQ:ILLR"], "left": {"NASDAQ:EHGO": 1782720086.748199, "NASDAQ:NEXR": 1782720086.748199, "NASDAQ:AZI": 1782720086.748199, "NASDAQ:IQST": 1782720086.748199, "NASDAQ:KUST": 1782720086.748199, "NASDAQ:IVF": 1782721261.0482345, "NASDAQ:SKYQ": 1782721261.0482345, "NASDAQ:SHPH": 1782721261.0482345, "NASDAQ:ZDAI": 1782721261.0482345, "NASDAQ:CNVS": 1782721261.0482345}, "vals": {"NASDAQ:ILLR": 68.19}}