{"set": ["ALLO/USDT", "BEL/USDT", "BLESS/USDT", "BTW/USDT", "CLO/USDT", "EIGEN/USDT", "ENA/USDT", "ID/USDT", "LAB/USDT", "LAYER/USDT"], "left": {"DOGE/USDT": 1782137202.693339, "UB/USDT": 1782137510.7530808, "XRP/USDT": 1782137510.7530808, "ADA/USDT": 1782138403.9731681, "PEPE/USDT": 1782142915.8657644, "RESOLV/USDT": 1782148301.422766, "HMSTR/USDT": 1782150701.943051, "RE/USDT": 1782153397.2343817}, "vals": {"BTW/USDT": 10.13, "BLESS/USDT": 30.93, "LAB/USDT": 3.54, "CLO/USDT": 30.4, "LAYER/USDT": 12.51, "BEL/USDT": 17.4, "ENA/USDT": 6.16, "ID/USDT": 21.86, "EIGEN/USDT": 6.05, "ALLO/USDT": 11.27}}