{"set": ["BANK/USDT", "ESPORTS/USDT", "HOME/USDT", "KAITO/USDT", "PI/USDT"], "left": {"BONK/USDT": 1784495464.7845154, "PEPE/USDT": 1784496063.9469194, "TLM/USDT": 1784505693.7150998, "B/USDT": 1784506264.8048582, "PUMPFUN/USDT": 1784506264.8048582, "AKE/USDT": 1784512260.9563913}, "vals": {"BANK/USDT": 8.69, "ESPORTS/USDT": 11.71, "HOME/USDT": 4.82, "KAITO/USDT": 5.16, "PI/USDT": 5.08}}