{"set": ["AKE/USDT", "BANK/USDT", "BEAT/USDT", "KAITO/USDT", "RIF/USDT", "SNXX/USDT", "WLFI/USDT", "ZAMA/USDT"], "left": {"O/USDT": 1784806279.7565594, "ERA/USDT": 1784808101.9070883, "LAB/USDT": 1784812590.830063, "ESPORTS/USDT": 1784825495.000704, "RE/USDT": 1784826125.8993177}, "vals": {"AKE/USDT": 46.73, "BANK/USDT": 11.75, "ZAMA/USDT": 16.07, "RIF/USDT": 74.68, "WLFI/USDT": 7.49, "SNXX/USDT": 6.52, "KAITO/USDT": 5.31, "BEAT/USDT": 11.36}}