{"set": ["ENA/USDT", "LAB/USDT", "VELVET/USDT"], "left": {"T/USDT": 1784000475.9117653, "ZBT/USDT": 1784013089.8568041, "BILL/USDT": 1784017289.719911, "B/USDT": 1784017898.2028096}, "vals": {"LAB/USDT": 6.27, "VELVET/USDT": 6.09, "ENA/USDT": 6.66}}