{"set": ["ADA/USDT", "BASED/USDT", "BTW/USDT", "LIT/USDT", "M/USDT", "NFP/USDT", "TAIKO/USDT", "XLM/USDT", "ZBT/USDT"], "left": {"DYDX/USDT": 1782928922.848585, "BAS/USDT": 1782931300.4252787, "O/USDT": 1782936117.144154, "AIGENSYN/USDT": 1782936117.144154, "SKYAI/USDT": 1782940285.1011455, "XRP/USDT": 1782945079.1081045}, "vals": {"TAIKO/USDT": 212.23, "NFP/USDT": 674.73, "BASED/USDT": 24.43, "ZBT/USDT": 23.54, "M/USDT": 65.94, "BTW/USDT": 25.06, "ADA/USDT": 8.32, "XLM/USDT": 6.3, "LIT/USDT": 13.68}}