{"set": ["BAS/USDT", "BEAT/USDT", "LAB/USDT", "SKYAI/USDT", "SLX/USDT"], "left": {"HEI/USDT": 1782432091.6756217, "XPL/USDT": 1782432091.6756217, "M/USDT": 1782432363.2367258, "FARTCOIN/USDT": 1782432673.1264422, "H/USDT": 1782433259.2305038, "RESOLV/USDT": 1782436260.641591, "BEL/USDT": 1782447364.0422156, "IP/USDT": 1782447662.282406, "ESPORTS/USDT": 1782448274.1921105, "UB/USDT": 1782448274.1921105, "BTW/USDT": 1782451870.6836007}, "vals": {"BAS/USDT": 4.25, "SLX/USDT": 4.25, "LAB/USDT": 4.03, "SKYAI/USDT": 8.0, "BEAT/USDT": 15.68}}