{"set": ["BTW/USDT", "NES/USDT", "TLM/USDT", "UB/USDT", "VANRY/USDT", "WLFI/USDT"], "left": {"M/USDT": 1783258287.1343338, "LAB/USDT": 1783265758.4910336, "HMSTR/USDT": 1783266363.6915896}, "vals": {"VANRY/USDT": 17.52, "UB/USDT": 11.11, "BTW/USDT": 17.83, "NES/USDT": 16.17, "WLFI/USDT": 3.0, "TLM/USDT": 29.41}}