{"set": ["BTW/USDT", "LAB/USDT", "NES/USDT", "TLM/USDT", "UB/USDT", "VANRY/USDT"], "left": {"HMSTR/USDT": 1783266363.6915896, "M/USDT": 1783269086.9972239, "LIT/USDT": 1783274498.418961, "MIRA/USDT": 1783278677.6371796, "WLFI/USDT": 1783279278.0503263, "VELVET/USDT": 1783282878.8373895}, "vals": {"UB/USDT": 15.2, "VANRY/USDT": 16.67, "LAB/USDT": 6.51, "BTW/USDT": 17.84, "NES/USDT": 25.66, "TLM/USDT": 50.99}}