{"set": ["ADA/USDT", "BIRB/USDT", "BREV/USDT", "ENA/USDT", "LIT/USDT", "M/USDT", "PEPE/USDT"], "left": {"BASED/USDT": 1782969670.7670445, "LAB/USDT": 1782981670.6143816, "UB/USDT": 1782988568.046464, "SLX/USDT": 1782988872.3451953, "BAS/USDT": 1782990368.4244921}, "vals": {"PEPE/USDT": 4.52, "BIRB/USDT": 55.85, "BREV/USDT": 42.86, "M/USDT": 16.01, "ADA/USDT": 3.32, "ENA/USDT": 7.72, "LIT/USDT": 3.48}}