{"set": ["ASTEROID/USDT", "BEAT/USDT", "BEL/USDT", "BICO/USDT", "BTW/USDT", "CLO/USDT", "EIGEN/USDT", "ESPORTS/USDT", "UB/USDT"], "left": {"BASED/USDT": 1781915763.145682, "LAB/USDT": 1781916662.773172, "HEI/USDT": 1781924153.5218754, "ENA/USDT": 1781936761.9218526, "BSB/USDT": 1781937073.213171}, "vals": {"ASTEROID/USDT": 8.97, "UB/USDT": 6.81, "BTW/USDT": 17.25, "ESPORTS/USDT": 10.55, "BEL/USDT": 18.4, "CLO/USDT": 12.7, "BEAT/USDT": 11.28, "EIGEN/USDT": 11.99, "BICO/USDT": 8.11}}