{"set": ["ASTEROID/USDT", "BSB/USDT", "ESPORTS/USDT", "EVAA/USDT", "FARTCOIN/USDT", "JTO/USDT", "SIREN/USDT", "XLM/USDT", "XRP/USDT", "ZRO/USDT"], "left": {"TRADOOR/USDT": 1781535721.159713, "ADA/USDT": 1781542302.2382748, "WLFI/USDT": 1781545603.9212775, "CHIP/USDT": 1781550146.310581, "PEPE/USDT": 1781551306.9101093, "CLO/USDT": 1781555509.6523776, "ENA/USDT": 1781556408.3552203}, "vals": {"ASTEROID/USDT": 77.52, "SIREN/USDT": 4.03, "EVAA/USDT": 62.03, "ESPORTS/USDT": 3.83, "XRP/USDT": 6.5, "ZRO/USDT": 16.7, "XLM/USDT": 16.0, "JTO/USDT": 34.78, "BSB/USDT": 32.65, "FARTCOIN/USDT": 4.24}}