{"set": ["BEAT/USDT", "BEL/USDT", "LAB/USDT", "RESOLV/USDT", "SKYAI/USDT", "SLX/USDT", "WLFI/USDT"], "left": {"EVAA/USDT": 1782385286.939095, "BLESS/USDT": 1782388917.2101676, "XPL/USDT": 1782402396.8013263, "BAS/USDT": 1782403324.4644468}, "vals": {"SLX/USDT": 18.92, "LAB/USDT": 13.99, "RESOLV/USDT": 10.21, "WLFI/USDT": 3.32, "SKYAI/USDT": 10.64, "BEAT/USDT": 19.12, "BEL/USDT": 9.09}}