{"set": ["BTW/USDT", "LAB/USDT", "NES/USDT", "TLM/USDT", "VANRY/USDT"], "left": {"VELVET/USDT": 1783231287.6714854, "BAS/USDT": 1783236069.9352868, "M/USDT": 1783247485.2696817, "HMSTR/USDT": 1783247756.0110407}, "vals": {"VANRY/USDT": 10.62, "LAB/USDT": 3.34, "BTW/USDT": 27.23, "NES/USDT": 11.39, "TLM/USDT": 14.15}}