{"set": ["ASTEROID/USDT", "BSB/USDT", "FARTCOIN/USDT", "JTO/USDT", "LAB/USDT", "SKYAI/USDT", "SPACE/USDT", "UNI/USDT", "VELVET/USDT", "XLM/USDT"], "left": {"SIREN/USDT": 1781597485.4952133, "WLFI/USDT": 1781597485.4952133, "ZRO/USDT": 1781607718.8485653, "ENA/USDT": 1781608296.8504572, "CHIP/USDT": 1781613111.0452197, "OPG/USDT": 1781614007.5893953}, "vals": {"ASTEROID/USDT": 25.18, "SPACE/USDT": 16.72, "VELVET/USDT": 4.6, "LAB/USDT": 37.64, "XLM/USDT": 6.21, "SKYAI/USDT": 22.62, "BSB/USDT": 40.76, "JTO/USDT": 18.54, "FARTCOIN/USDT": 5.42, "UNI/USDT": 6.43}}