{"set": ["ACT/USDT", "ENA/USDT", "O/USDT", "RAVE/USDT", "RE/USDT", "TAC/USDT", "UB/USDT"], "left": {"WIF/USDT": 1782748298.6996446, "GWEI/USDT": 1782751299.420819, "BEAT/USDT": 1782752518.4309266, "ADA/USDT": 1782753698.9068134}, "vals": {"TAC/USDT": 161.51, "UB/USDT": 30.84, "RAVE/USDT": 33.86, "ACT/USDT": 16.36, "ENA/USDT": 5.03, "O/USDT": 9.91, "RE/USDT": 27.46}}