{"set": ["BANK/USDT"], "left": {"CRO/USDT": 1784260880.8118584, "US/USDT": 1784269265.0068219, "SKYAI/USDT": 1784269265.0068219, "ESPORTS/USDT": 1784272554.7914135, "KAITO/USDT": 1784274358.1388228, "AKE/USDT": 1784274358.1388228, "TAC/USDT": 1784274358.1388228}, "vals": {"BANK/USDT": 3.19}}