{"set": ["BTW/USDT", "H/USDT", "IN/USDT"], "left": {"BSB/USDT": 1782820889.3240445, "TAC/USDT": 1782833481.4853766, "XLM/USDT": 1782834078.33661, "AIGENSYN/USDT": 1782834078.33661}, "vals": {"IN/USDT": 97.75, "BTW/USDT": 5.17, "H/USDT": 16.84}}