{"set": ["ASTEROID/USDT", "BIO/USDT", "BTW/USDT", "CLO/USDT", "LAB/USDT", "VELVET/USDT"], "left": {"H/USDT": 1781811111.6969812, "FOLKS/USDT": 1781813494.8512738, "SKYAI/USDT": 1781818561.0220134, "AGT/USDT": 1781822466.085143, "XLM/USDT": 1781823957.3112144}, "vals": {"ASTEROID/USDT": 90.26, "VELVET/USDT": 29.92, "LAB/USDT": 35.67, "BTW/USDT": 3.21, "CLO/USDT": 13.59, "BIO/USDT": 4.64}}