{"set": ["LAB/USDT", "TNSR/USDT", "UB/USDT", "WLFI/USDT"], "left": {"EPIC/USDT": 1782063361.0904973, "BEL/USDT": 1782079277.833041, "ESPORTS/USDT": 1782081082.4611847, "RESOLV/USDT": 1782081082.4611847, "BEAT/USDT": 1782081082.4611847}, "vals": {"UB/USDT": 48.99, "TNSR/USDT": 50.0, "LAB/USDT": 3.61, "WLFI/USDT": 3.07}}