{"set": ["BEL/USDT", "G/USDT", "LAB/USDT", "SLX/USDT"], "left": {"ID/USDT": 1782270078.2248478, "H/USDT": 1782278166.2508242, "ESPORTS/USDT": 1782285955.3146243, "BTW/USDT": 1782288361.8589675, "BEAT/USDT": 1782288361.8589675, "CLO/USDT": 1782291064.9250205}, "vals": {"G/USDT": 10.1, "LAB/USDT": 10.62, "SLX/USDT": 21.61, "BEL/USDT": 7.82}}