{"set": ["NASDAQ:SOBR"], "left": {"NASDAQ:JZXN": 1784016107.2714097, "NASDAQ:YYGH": 1784016107.2714097, "NASDAQ:CHSN": 1784016107.2714097, "NASDAQ:ELAB": 1784016107.2714097, "NASDAQ:GMM": 1784016107.2714097, "NASDAQ:WOK": 1784016107.2714097, "NASDAQ:PMA": 1784016107.2714097, "NASDAQ:PLSM": 1784017121.8157642, "NASDAQ:MIMI": 1784017121.8157642, "NASDAQ:EHGO": 1784017121.8157642, "NASDAQ:SKYQ": 1784017121.8157642, "NASDAQ:AURE": 1784017121.8157642, "AMEX:LGPS": 1784017121.8157642}, "vals": {"NASDAQ:SOBR": 22.79}}