{"set": ["BEAT/USDT", "MYX/USDT", "UB/USDT"], "left": {"WIF/USDT": 1782604885.0212393, "S/USDT": 1782605457.9097173, "RE/USDT": 1782605457.9097173, "VELVET/USDT": 1782605457.9097173, "SLX/USDT": 1782606666.9862638, "M/USDT": 1782607259.478217, "LAB/USDT": 1782612355.0922854}, "vals": {"UB/USDT": 7.55, "BEAT/USDT": 6.7, "MYX/USDT": 4.66}}