{"set": ["ANSEM/USDT", "HMSTR/USDT", "MAGMA/USDT", "RAVE/USDT"], "left": {"TLM/USDT": 1783191361.11306, "XRP/USDT": 1783196478.0427783, "XLM/USDT": 1783201563.3615756, "TAC/USDT": 1783205481.4531302, "VANRY/USDT": 1783209700.0057917, "ADA/USDT": 1783209700.0057917, "VELVET/USDT": 1783209700.0057917, "MIRA/USDT": 1783209700.0057917, "ARPA/USDT": 1783209700.0057917, "BAS/USDT": 1783209700.0057917, "LAB/USDT": 1783209700.0057917}, "vals": {"HMSTR/USDT": 3.75, "MAGMA/USDT": 9.9, "ANSEM/USDT": 6.41, "RAVE/USDT": 3.34}}