{"set": ["ENA/USDT", "ERA/USDT", "ESPORTS/USDT", "NIGHT/USDT", "ONDO/USDT"], "left": {"BANK/USDT": 1784620901.218681, "AKE/USDT": 1784625686.5113473, "ADA/USDT": 1784634969.5105956, "US/USDT": 1784635308.7513838, "B/USDT": 1784635308.7513838}, "vals": {"ERA/USDT": 54.36, "ESPORTS/USDT": 33.56, "NIGHT/USDT": 8.11, "ENA/USDT": 5.07, "ONDO/USDT": 12.29}}