{"set": ["BAS/USDT", "LAB/USDT", "M/USDT", "VANRY/USDT", "VELVET/USDT"], "left": {"XLM/USDT": 1783201563.3615756, "TAC/USDT": 1783205481.4531302, "ADA/USDT": 1783209700.0057917, "MIRA/USDT": 1783209700.0057917, "RAVE/USDT": 1783210271.3595967, "ANSEM/USDT": 1783210271.3595967, "TLM/USDT": 1783210798.1525428, "ARPA/USDT": 1783211755.6816056, "MAGMA/USDT": 1783214152.3033066, "HMSTR/USDT": 1783216271.6822398}, "vals": {"LAB/USDT": 6.83, "VANRY/USDT": 4.19, "BAS/USDT": 6.44, "VELVET/USDT": 7.38, "M/USDT": 3.92}}