{"set": ["BEAT/USDT", "BTW/USDT", "ESPORTS/USDT", "LAB/USDT", "UNI/USDT", "XLM/USDT"], "left": {"SPX/USDT": 1781654485.207243, "JTO/USDT": 1781654485.207243, "ASTEROID/USDT": 1781654485.207243, "LUNC/USDT": 1781654750.7251735, "BLESS/USDT": 1781654750.7251735, "VELVET/USDT": 1781654750.7251735, "BSB/USDT": 1781655354.1214187, "EVAA/USDT": 1781655959.2465234, "BR/USDT": 1781660456.923042, "H/USDT": 1781668262.6370485, "\u9f99\u867e/USDT": 1781669166.0623226, "SKYAI/USDT": 1781669465.9265976, "SPACE/USDT": 1781669767.8997996}, "vals": {"LAB/USDT": 5.7, "BTW/USDT": 24.25, "ESPORTS/USDT": 14.54, "BEAT/USDT": 15.03, "XLM/USDT": 3.96, "UNI/USDT": 6.33}}