{"set": ["EPIC/USDT", "LAB/USDT", "SIREN/USDT", "TNSR/USDT"], "left": {"BEAT/USDT": 1782026755.5463672, "UB/USDT": 1782036080.2975166, "ESPORTS/USDT": 1782039356.6699903, "ENA/USDT": 1782040857.9481757}, "vals": {"TNSR/USDT": 60.6, "LAB/USDT": 16.32, "SIREN/USDT": 7.62, "EPIC/USDT": 10.54}}