{"set": ["BIO/USDT", "CLO/USDT", "H/USDT", "HOME/USDT", "LAB/USDT", "SKYAI/USDT", "XLM/USDT"], "left": {"BEAT/USDT": 1781759162.5846694, "SIREN/USDT": 1781760061.2154665, "ESPORTS/USDT": 1781770868.3157644, "BTW/USDT": 1781772670.426987}, "vals": {"HOME/USDT": 28.79, "LAB/USDT": 17.37, "CLO/USDT": 23.19, "H/USDT": 3.94, "SKYAI/USDT": 13.52, "XLM/USDT": 8.86, "BIO/USDT": 6.68}}