{"set": ["BIO/USDT", "CLO/USDT", "FOLKS/USDT", "LAB/USDT", "SKYAI/USDT", "VELVET/USDT", "XLM/USDT"], "left": {"HOME/USDT": 1781787725.655748, "\u9f99\u867e/USDT": 1781794001.5678475, "BTW/USDT": 1781799711.271432, "H/USDT": 1781802119.5223782, "AGT/USDT": 1781802703.5421944}, "vals": {"VELVET/USDT": 68.45, "LAB/USDT": 25.18, "CLO/USDT": 12.27, "XLM/USDT": 6.9, "FOLKS/USDT": 10.64, "SKYAI/USDT": 3.82, "BIO/USDT": 3.11}}