{"set": ["ALLO/USDT", "BEL/USDT", "BTW/USDT", "CLO/USDT", "ENA/USDT", "ID/USDT", "LAYER/USDT"], "left": {"DOGE/USDT": 1782137202.693339, "UB/USDT": 1782137510.7530808, "XRP/USDT": 1782137510.7530808, "ADA/USDT": 1782138403.9731681, "PEPE/USDT": 1782142915.8657644, "EIGEN/USDT": 1782147720.151777, "RESOLV/USDT": 1782148301.422766}, "vals": {"BTW/USDT": 11.77, "CLO/USDT": 31.26, "LAYER/USDT": 14.02, "BEL/USDT": 26.81, "ENA/USDT": 8.84, "ID/USDT": 21.38, "ALLO/USDT": 14.66}}