{"set": ["BEAT/USDT", "BTW/USDT", "SKYAI/USDT", "SLX/USDT", "UB/USDT"], "left": {"PUMP/USDT": 1782461769.381446, "TNSR/USDT": 1782470169.4527218, "G/USDT": 1782471687.5486228, "H/USDT": 1782471687.5486228, "LAB/USDT": 1782471687.5486228, "BAS/USDT": 1782471963.0648723}, "vals": {"UB/USDT": 8.84, "SLX/USDT": 8.0, "BTW/USDT": 3.33, "BEAT/USDT": 17.21, "SKYAI/USDT": 12.06}}