{"set": ["EDGEX/USDT", "EVAA/USDT"], "left": {"VANRY/USDT": 1783430493.8190887, "LIT/USDT": 1783434117.5776558, "TLM/USDT": 1783435315.3536253, "TAC/USDT": 1783437114.274098, "OPG/USDT": 1783443388.7794688, "WLFI/USDT": 1783443988.4897203, "BLUR/USDT": 1783450592.5669248, "NES/USDT": 1783450933.3713064}, "vals": {"EDGEX/USDT": 24.19, "EVAA/USDT": 167.73}}