{"set": ["BEAT/USDT", "SKYAI/USDT", "TAG/USDT", "XPIN/USDT"], "left": {"B/USDT": 1783752362.0489285, "VIRTUAL/USDT": 1783752957.3707373, "SKL/USDT": 1783765557.1738527}, "vals": {"TAG/USDT": 7.74, "XPIN/USDT": 14.19, "SKYAI/USDT": 9.93, "BEAT/USDT": 10.68}}