{"set": ["B/USDT", "CLO/USDT", "SKYAI/USDT", "T/USDT", "VANRY/USDT"], "left": {"VIRTUAL/USDT": 1783830955.5822108, "ARB/USDT": 1783843886.3491313, "XPIN/USDT": 1783846554.796885}, "vals": {"T/USDT": 11.9, "B/USDT": 15.02, "CLO/USDT": 10.28, "VANRY/USDT": 15.99, "SKYAI/USDT": 3.38}}