{"set": ["AKE/USDT", "BANK/USDT", "ENA/USDT", "LAB/USDT", "MIRA/USDT", "RE/USDT", "US/USDT"], "left": {"ONDO/USDT": 1784740923.4816012, "ADA/USDT": 1784742701.6604655, "ERA/USDT": 1784744496.099978, "BONK/USDT": 1784745117.2059247}, "vals": {"AKE/USDT": 3.05, "BANK/USDT": 26.6, "US/USDT": 9.28, "LAB/USDT": 10.73, "RE/USDT": 24.41, "ENA/USDT": 6.51, "MIRA/USDT": 15.5}}