{"set": ["JTO/USDT", "M/USDT", "SLX/USDT", "UB/USDT", "VELVET/USDT", "WIF/USDT"], "left": {"AGLD/USDT": 1782536758.01099, "MAGMA/USDT": 1782536758.01099, "G/USDT": 1782546058.3500926, "ESPORTS/USDT": 1782554482.4956775}, "vals": {"UB/USDT": 5.54, "VELVET/USDT": 82.33, "SLX/USDT": 8.6, "M/USDT": 3.21, "WIF/USDT": 7.55, "JTO/USDT": 3.44}}