{"set": ["BEL/USDT", "BICO/USDT", "BTW/USDT", "EIGEN/USDT", "ESPORTS/USDT", "HEI/USDT"], "left": {"ENA/USDT": 1781936761.9218526, "BSB/USDT": 1781937073.213171, "CLO/USDT": 1781938881.122302, "ASTEROID/USDT": 1781940674.0638392, "BEAT/USDT": 1781944562.8452747, "UB/USDT": 1781944562.8452747, "SKYAI/USDT": 1781945163.5932305}, "vals": {"BTW/USDT": 30.8, "ESPORTS/USDT": 6.26, "BEL/USDT": 32.0, "EIGEN/USDT": 9.56, "BICO/USDT": 23.01, "HEI/USDT": 5.78}}