{"set": ["BAS/USDT", "BEAT/USDT", "ESPORTS/USDT", "EVAA/USDT", "LAB/USDT", "RESOLV/USDT", "SLX/USDT"], "left": {"ID/USDT": 1782356478.811467, "BTW/USDT": 1782358562.166448, "SKYAI/USDT": 1782372364.9331696, "H/USDT": 1782372364.9331696}, "vals": {"BAS/USDT": 14.66, "LAB/USDT": 7.2, "SLX/USDT": 11.87, "ESPORTS/USDT": 7.72, "RESOLV/USDT": 11.01, "BEAT/USDT": 7.02, "EVAA/USDT": 9.76}}