{"set": ["AMEX:VTAK", "NASDAQ:CUPR", "NASDAQ:EHGO", "NASDAQ:MODD", "NASDAQ:PLSM", "NASDAQ:UBXG"], "left": {"NASDAQ:BOLD": 1782374494.0398533, "NASDAQ:RDGT": 1782374494.0398533, "NASDAQ:HSCS": 1782374494.0398533, "NASDAQ:GITS": 1782374494.0398533}, "vals": {"NASDAQ:PLSM": 206.45, "AMEX:VTAK": 57.61, "NASDAQ:MODD": 17.25, "NASDAQ:CUPR": 38.32, "NASDAQ:EHGO": 17.25, "NASDAQ:UBXG": 16.86}}