{"set": ["AKE/USDT", "BANK/USDT", "ERA/USDT", "RIF/USDT", "WLFI/USDT", "ZAMA/USDT"], "left": {"ENA/USDT": 1784764885.4666567, "LAB/USDT": 1784764885.4666567, "US/USDT": 1784764885.4666567, "NIGHT/USDT": 1784767858.7784984, "RE/USDT": 1784771754.1040137, "MIRA/USDT": 1784782552.6562068}, "vals": {"AKE/USDT": 7.95, "BANK/USDT": 5.7, "ZAMA/USDT": 4.56, "ERA/USDT": 10.72, "RIF/USDT": 18.41, "WLFI/USDT": 3.3}}