{"set": ["AGT/USDT", "ASTER/USDT", "CLO/USDT", "ENA/USDT", "ESPORTS/USDT", "SPX/USDT", "XLM/USDT", "XPL/USDT"], "left": {"SIREN/USDT": 1781706106.1390588, "BSB/USDT": 1781717796.7338169, "BTW/USDT": 1781719603.0196798, "BR/USDT": 1781720501.8672824, "CFX/USDT": 1781722917.0172505, "BLESS/USDT": 1781724110.5312235}, "vals": {"AGT/USDT": 111.31, "ESPORTS/USDT": 40.7, "SPX/USDT": 14.31, "ASTER/USDT": 11.09, "XPL/USDT": 30.94, "CLO/USDT": 18.04, "ENA/USDT": 6.9, "XLM/USDT": 3.14}}