{"set": ["BEAT/USDT", "G/USDT", "H/USDT", "SKYAI/USDT", "SLX/USDT", "UB/USDT"], "left": {"BEL/USDT": 1782447364.0422156, "IP/USDT": 1782447662.282406, "ESPORTS/USDT": 1782448274.1921105, "BTW/USDT": 1782451870.6836007, "LAB/USDT": 1782456664.1921847, "PUMP/USDT": 1782461769.381446, "TNSR/USDT": 1782466565.4646373, "BAS/USDT": 1782468361.2361228}, "vals": {"G/USDT": 9.09, "UB/USDT": 20.78, "SLX/USDT": 5.43, "BEAT/USDT": 15.39, "SKYAI/USDT": 13.47, "H/USDT": 6.34}}