{"set": ["ARB/USDT", "EDGEX/USDT", "ENA/USDT", "EVAA/USDT", "TAG/USDT"], "left": {"ESPORTS/USDT": 1783641690.7023995, "BASED/USDT": 1783641690.7023995, "SKYAI/USDT": 1783641690.7023995, "TAC/USDT": 1783645561.3696177, "LAB/USDT": 1783648884.6974123, "VANRY/USDT": 1783648884.6974123, "US/USDT": 1783653956.5049853}, "vals": {"TAG/USDT": 8.81, "EDGEX/USDT": 5.0, "ENA/USDT": 3.0, "EVAA/USDT": 7.07, "ARB/USDT": 4.61}}