{"set": ["LAB/USDT", "MAGMA/USDT", "US/USDT", "VELVET/USDT"], "left": {"PEPE/USDT": 1783890961.1996794, "CLO/USDT": 1783900898.0197139, "BEAT/USDT": 1783900898.0197139, "VANRY/USDT": 1783900898.0197139, "PIPPIN/USDT": 1783901479.7070339, "ANSEM/USDT": 1783901479.7070339, "DODO/USDT": 1783901479.7070339, "EVAA/USDT": 1783904780.384812, "B/USDT": 1783905680.3467035, "T/USDT": 1783906883.4180357}, "vals": {"US/USDT": 5.66, "LAB/USDT": 3.75, "VELVET/USDT": 6.25, "MAGMA/USDT": 6.22}}