{"set": ["AKE/USDT", "BANK/USDT", "ERA/USDT", "RIF/USDT"], "left": {"ONDO/USDT": 1784762466.1418607, "ENA/USDT": 1784764885.4666567, "LAB/USDT": 1784764885.4666567, "US/USDT": 1784764885.4666567, "RE/USDT": 1784764885.4666567, "ZAMA/USDT": 1784767858.7784984, "NIGHT/USDT": 1784767858.7784984, "MIRA/USDT": 1784768153.5253203}, "vals": {"AKE/USDT": 4.72, "BANK/USDT": 9.49, "ERA/USDT": 4.12, "RIF/USDT": 3.4}}