{"set": ["B/USDT", "SKL/USDT", "VIRTUAL/USDT", "XPIN/USDT"], "left": {"EVAA/USDT": 1783735287.41563, "SKYAI/USDT": 1783746087.935097, "TAG/USDT": 1783746087.935097, "BEAT/USDT": 1783749958.8113244}, "vals": {"XPIN/USDT": 12.4, "SKL/USDT": 7.84, "B/USDT": 12.83, "VIRTUAL/USDT": 3.55}}