{"set": ["ASTEROID/USDT", "BSB/USDT", "CLO/USDT", "ESPORTS/USDT", "EVAA/USDT", "JTO/USDT", "XLM/USDT", "XRP/USDT", "ZRO/USDT"], "left": {"CHIP/USDT": 1781550146.310581, "PEPE/USDT": 1781551306.9101093, "ENA/USDT": 1781560892.3096526, "FARTCOIN/USDT": 1781562369.5543702, "SIREN/USDT": 1781565966.33896}, "vals": {"ASTEROID/USDT": 64.93, "EVAA/USDT": 80.17, "CLO/USDT": 4.54, "ESPORTS/USDT": 5.42, "XRP/USDT": 4.55, "ZRO/USDT": 16.91, "XLM/USDT": 12.17, "JTO/USDT": 28.79, "BSB/USDT": 38.56}}