{"set": ["ACT/USDT", "GWEI/USDT", "O/USDT", "RAVE/USDT", "TAC/USDT", "UB/USDT"], "left": {"BAS/USDT": 1782714672.0819025, "SLX/USDT": 1782719161.136761, "ENA/USDT": 1782733268.7008405}, "vals": {"UB/USDT": 20.55, "GWEI/USDT": 32.96, "TAC/USDT": 131.13, "ACT/USDT": 13.18, "RAVE/USDT": 15.89, "O/USDT": 9.79}}