{"set": ["MAGMA/USDT", "US/USDT", "VELVET/USDT"], "left": {"T/USDT": 1783912286.0091739, "LAB/USDT": 1783921560.2379856, "BEAT/USDT": 1783932963.1464195}, "vals": {"US/USDT": 5.31, "VELVET/USDT": 28.42, "MAGMA/USDT": 4.65}}