{"set": ["ASTEROID/USDT", "BEAT/USDT", "BEL/USDT", "BSB/USDT", "BTW/USDT", "CLO/USDT", "EIGEN/USDT", "ESPORTS/USDT", "UB/USDT"], "left": {"SKYAI/USDT": 1781911872.545053, "SYN/USDT": 1781913954.9455822, "BLESS/USDT": 1781913954.9455822, "BASED/USDT": 1781915763.145682, "LAB/USDT": 1781916662.773172, "BICO/USDT": 1781921462.5297523, "HEI/USDT": 1781924153.5218754}, "vals": {"ASTEROID/USDT": 8.27, "UB/USDT": 3.77, "BTW/USDT": 10.26, "ESPORTS/USDT": 5.31, "BEL/USDT": 4.33, "CLO/USDT": 7.77, "BEAT/USDT": 10.08, "BSB/USDT": 4.09, "EIGEN/USDT": 9.64}}