{"set": ["BEAT/USDT", "BTW/USDT", "FOLKS/USDT"], "left": {"LAB/USDT": 1781839260.977391, "BIO/USDT": 1781841958.741841, "VELVET/USDT": 1781843471.1378145, "BASED/USDT": 1781844062.1616166, "ESPORTS/USDT": 1781844956.9527075, "BSB/USDT": 1781854554.125682, "CLO/USDT": 1781855459.7749703}, "vals": {"BTW/USDT": 16.13, "BEAT/USDT": 3.03, "FOLKS/USDT": 6.15}}