{"set": ["BAS/USDT", "BEAT/USDT", "HEI/USDT", "LAB/USDT", "MAGMA/USDT", "SKYAI/USDT", "TNSR/USDT", "UB/USDT", "VELVET/USDT"], "left": {"G/USDT": 1782471687.5486228, "SLX/USDT": 1782476197.4772115, "BTW/USDT": 1782479795.881762, "PUMP/USDT": 1782482520.7389536, "H/USDT": 1782482794.5617955}, "vals": {"UB/USDT": 6.2, "BAS/USDT": 5.91, "MAGMA/USDT": 65.24, "LAB/USDT": 3.03, "VELVET/USDT": 18.68, "BEAT/USDT": 13.83, "SKYAI/USDT": 14.38, "TNSR/USDT": 3.23, "HEI/USDT": 5.28}}