{"set": ["ASTEROID/USDT", "BSB/USDT", "SIREN/USDT"], "left": {"ENA/USDT": 1781560892.3096526, "FARTCOIN/USDT": 1781562369.5543702, "ZRO/USDT": 1781568083.7734823, "JTO/USDT": 1781568083.7734823, "XRP/USDT": 1781568083.7734823, "CLO/USDT": 1781568083.7734823, "ESPORTS/USDT": 1781568083.7734823, "VELVET/USDT": 1781568354.5492907, "EVAA/USDT": 1781570763.2897978, "XLM/USDT": 1781571065.9299102, "H/USDT": 1781571065.9299102, "BEAT/USDT": 1781572873.7776964, "LAB/USDT": 1781573159.3874712, "SKYAI/USDT": 1781573467.4803953}, "vals": {"ASTEROID/USDT": 33.47, "SIREN/USDT": 6.38, "BSB/USDT": 4.68}}