{"set": ["ADA/USDT", "ARPA/USDT", "BAS/USDT", "GUA/USDT", "PEPE/USDT", "TLM/USDT"], "left": {"VELVET/USDT": 1783057559.6459973, "TAC/USDT": 1783066278.9986367, "MAGMA/USDT": 1783074080.1558797, "US/USDT": 1783076497.9331872, "M/USDT": 1783077676.7961626}, "vals": {"PEPE/USDT": 3.85, "ARPA/USDT": 39.93, "BAS/USDT": 16.09, "GUA/USDT": 11.42, "TLM/USDT": 12.43, "ADA/USDT": 4.58}}