{"set": ["BAS/USDT", "BEAT/USDT", "ESPORTS/USDT", "LAB/USDT", "RESOLV/USDT", "SKYAI/USDT", "SLX/USDT"], "left": {"CLO/USDT": 1782349281.2013028, "SAHARA/USDT": 1782350757.2498891, "ID/USDT": 1782356478.811467, "BTW/USDT": 1782358562.166448, "EVAA/USDT": 1782360077.2447712, "H/USDT": 1782368471.936562}, "vals": {"BAS/USDT": 7.31, "LAB/USDT": 4.2, "SLX/USDT": 15.37, "ESPORTS/USDT": 15.18, "RESOLV/USDT": 7.61, "BEAT/USDT": 6.5, "SKYAI/USDT": 4.24}}