{"set": ["BEAT/USDT", "CLO/USDT", "T/USDT", "TAG/USDT", "VANRY/USDT", "VELVET/USDT"], "left": {"ENA/USDT": 1783850157.7283676, "SKYAI/USDT": 1783850492.040027, "B/USDT": 1783857087.3878386, "PEPE/USDT": 1783870290.9569135}, "vals": {"TAG/USDT": 3.24, "T/USDT": 11.06, "VELVET/USDT": 33.75, "VANRY/USDT": 15.57, "CLO/USDT": 4.71, "BEAT/USDT": 14.26}}