{"set": ["B/USDT", "CLO/USDT", "T/USDT", "VANRY/USDT"], "left": {"VIRTUAL/USDT": 1783830955.5822108, "ARB/USDT": 1783843886.3491313, "XPIN/USDT": 1783846554.796885, "SKYAI/USDT": 1783846930.2869232}, "vals": {"T/USDT": 11.81, "B/USDT": 12.37, "CLO/USDT": 9.6, "VANRY/USDT": 18.15}}