{"set": ["EDGEX/USDT", "KAITO/USDT", "SLX/USDT", "VANRY/USDT"], "left": {"VELVET/USDT": 1783520793.9343097, "CLO/USDT": 1783526794.2447305, "EVAA/USDT": 1783528919.239938, "NES/USDT": 1783534316.4784322, "LDO/USDT": 1783535191.2500618}, "vals": {"EDGEX/USDT": 9.18, "VANRY/USDT": 14.32, "KAITO/USDT": 8.84, "SLX/USDT": 8.32}}