{"set": ["BEL/USDT", "BTW/USDT", "CLO/USDT", "EIGEN/USDT", "ENA/USDT", "UB/USDT"], "left": {"LAB/USDT": 1782090977.8595104, "ADA/USDT": 1782092158.0058637, "RESOLV/USDT": 1782106571.7805967, "TNSR/USDT": 1782107467.06685, "BEAT/USDT": 1782109558.5650342}, "vals": {"UB/USDT": 23.17, "BTW/USDT": 14.55, "CLO/USDT": 30.42, "ENA/USDT": 8.05, "EIGEN/USDT": 13.1, "BEL/USDT": 3.89}}