{"set": ["ACT/USDT", "AGLD/USDT", "BAS/USDT", "BEAT/USDT", "O/USDT", "SKYAI/USDT"], "left": {"LAB/USDT": 1782682330.3504665, "MANTA/USDT": 1782691284.653991, "UB/USDT": 1782691284.653991, "VELVET/USDT": 1782691854.3490047, "POWR/USDT": 1782693061.7186444, "SLX/USDT": 1782693061.7186444, "RAVE/USDT": 1782693061.7186444, "MAGIC/USDT": 1782693061.7186444, "BTW/USDT": 1782694552.992421}, "vals": {"BAS/USDT": 4.71, "ACT/USDT": 10.45, "SKYAI/USDT": 8.07, "O/USDT": 6.28, "BEAT/USDT": 3.52, "AGLD/USDT": 3.9}}