{"set": ["ARB/USDT", "B/USDT", "T/USDT", "VANRY/USDT"], "left": {"SXT/USDT": 1783820756.6568308, "SKL/USDT": 1783821077.7561285, "VIRTUAL/USDT": 1783830955.5822108, "CLO/USDT": 1783838767.3552454, "XPIN/USDT": 1783841155.7580347}, "vals": {"T/USDT": 12.94, "B/USDT": 16.72, "VANRY/USDT": 20.47, "ARB/USDT": 3.86}}