{"set": ["ALICE/USDT", "BEAT/USDT", "EIGEN/USDT", "EPIC/USDT", "ESPORTS/USDT", "SLX/USDT"], "left": {"BICO/USDT": 1782000069.9734209, "GALA/USDT": 1782000069.9734209, "LAB/USDT": 1782000069.9734209, "BEL/USDT": 1782003355.8145847, "BTW/USDT": 1782003672.5144403, "CLO/USDT": 1782003954.350042}, "vals": {"ESPORTS/USDT": 3.91, "SLX/USDT": 9.96, "BEAT/USDT": 3.22, "EPIC/USDT": 7.68, "EIGEN/USDT": 4.09, "ALICE/USDT": 16.14}}