{"set": ["ESPORTS/USDT", "H/USDT", "JCT/USDT", "LAB/USDT"], "left": {"TRADOOR/USDT": 1781481361.106416, "CLO/USDT": 1781481673.613035, "BTW/USDT": 1781481673.613035, "XRP/USDT": 1781481673.613035, "SKYAI/USDT": 1781481673.613035, "ADA/USDT": 1781481673.613035, "EVAA/USDT": 1781482253.3253715, "COAI/USDT": 1781484059.012646, "OPG/USDT": 1781484960.8780973, "JELLYJELLY/USDT": 1781485565.6646314, "SIREN/USDT": 1781485864.4004567}, "vals": {"JCT/USDT": 3.66, "ESPORTS/USDT": 6.01, "H/USDT": 4.01, "LAB/USDT": 3.09}}