{"set": ["KAITO/USDT", "NES/USDT", "SLX/USDT", "VANRY/USDT"], "left": {"UNI/USDT": 1783544196.627076, "EDGEX/USDT": 1783549291.5444176, "LDO/USDT": 1783550484.2703545, "EVAA/USDT": 1783550484.2703545}, "vals": {"VANRY/USDT": 10.04, "NES/USDT": 4.4, "KAITO/USDT": 9.25, "SLX/USDT": 8.55}}