{"set": ["BEAT/USDT", "BTW/USDT", "H/USDT", "TAIKO/USDT"], "left": {"VELVET/USDT": 1782858063.506421, "M/USDT": 1782864086.2911942, "BAS/USDT": 1782864352.1316218, "AIGENSYN/USDT": 1782864352.1316218, "TAC/USDT": 1782866152.8073266, "XLM/USDT": 1782866765.290094}, "vals": {"BTW/USDT": 10.4, "TAIKO/USDT": 11.08, "H/USDT": 3.49, "BEAT/USDT": 3.23}}