{"set": ["ARB/USDT", "CLO/USDT", "T/USDT", "XPIN/USDT"], "left": {"SKYAI/USDT": 1783782026.1493845, "BEAT/USDT": 1783782026.1493845, "ENA/USDT": 1783782678.6023226, "HMSTR/USDT": 1783783887.6966646, "ADA/USDT": 1783787155.4164948}, "vals": {"XPIN/USDT": 4.08, "T/USDT": 35.19, "CLO/USDT": 21.02, "ARB/USDT": 4.49}}