{"set": ["ADA/USDT", "BIRB/USDT", "BREV/USDT", "ENA/USDT", "LIT/USDT", "M/USDT", "PEPE/USDT", "TLM/USDT", "XRP/USDT"], "left": {"LAB/USDT": 1782981670.6143816, "SLX/USDT": 1782988872.3451953, "BAS/USDT": 1782990368.4244921, "TAC/USDT": 1782992775.2916791, "UB/USDT": 1782993076.3630064, "DOGE/USDT": 1782995171.116253}, "vals": {"PEPE/USDT": 4.65, "BIRB/USDT": 61.0, "BREV/USDT": 33.05, "M/USDT": 23.85, "TLM/USDT": 4.11, "ADA/USDT": 4.1, "XRP/USDT": 3.58, "ENA/USDT": 9.01, "LIT/USDT": 6.77}}