{"set": ["ALLO/USDT", "BEL/USDT", "BTW/USDT", "CLO/USDT", "ENA/USDT", "ID/USDT", "LAYER/USDT", "RESOLV/USDT"], "left": {"DOGE/USDT": 1782137202.693339, "UB/USDT": 1782137510.7530808, "XRP/USDT": 1782137510.7530808, "ADA/USDT": 1782138403.9731681, "PEPE/USDT": 1782142915.8657644, "EIGEN/USDT": 1782147720.151777}, "vals": {"BTW/USDT": 11.12, "RESOLV/USDT": 4.14, "CLO/USDT": 31.26, "LAYER/USDT": 14.31, "BEL/USDT": 31.12, "ENA/USDT": 9.75, "ID/USDT": 22.28, "ALLO/USDT": 17.6}}