{"set": ["CLO/USDT", "H/USDT", "LAB/USDT", "SKYAI/USDT", "XLM/USDT"], "left": {"ESPORTS/USDT": 1781770868.3157644, "SIREN/USDT": 1781781403.490746, "BIO/USDT": 1781784395.5034444, "BTW/USDT": 1781784395.5034444, "HOME/USDT": 1781787725.655748, "FOLKS/USDT": 1781787725.655748, "AGT/USDT": 1781787725.655748}, "vals": {"LAB/USDT": 19.49, "CLO/USDT": 17.84, "H/USDT": 11.25, "XLM/USDT": 8.43, "SKYAI/USDT": 9.57}}