{"set": ["EVAA/USDT", "LAB/USDT", "T/USDT", "VELVET/USDT"], "left": {"PEPE/USDT": 1783890961.1996794, "CLO/USDT": 1783900898.0197139, "BEAT/USDT": 1783900898.0197139, "VANRY/USDT": 1783900898.0197139, "PIPPIN/USDT": 1783901479.7070339, "ANSEM/USDT": 1783901479.7070339, "DODO/USDT": 1783901479.7070339}, "vals": {"T/USDT": 3.72, "LAB/USDT": 3.22, "VELVET/USDT": 3.33, "EVAA/USDT": 4.65}}