{"set": ["BAS/USDT", "HMSTR/USDT", "LAB/USDT", "M/USDT", "VELVET/USDT"], "left": {"PEPE/USDT": 1783138560.072619, "BEAT/USDT": 1783152087.5974643, "ARPA/USDT": 1783155067.7548878, "TLM/USDT": 1783156564.6306965}, "vals": {"HMSTR/USDT": 23.68, "BAS/USDT": 14.95, "LAB/USDT": 61.62, "VELVET/USDT": 14.7, "M/USDT": 6.22}}