{"set": ["ADA/USDT", "ENA/USDT", "ERA/USDT", "ESPORTS/USDT", "NIGHT/USDT", "ONDO/USDT"], "left": {"BANK/USDT": 1784620901.218681, "AKE/USDT": 1784625686.5113473, "US/USDT": 1784635308.7513838, "B/USDT": 1784635308.7513838}, "vals": {"ERA/USDT": 55.94, "ESPORTS/USDT": 32.67, "NIGHT/USDT": 8.0, "ADA/USDT": 3.18, "ENA/USDT": 4.89, "ONDO/USDT": 13.04}}