{"set": ["AKE/USDT", "ERA/USDT", "ESPORTS/USDT", "NIGHT/USDT", "US/USDT"], "left": {"BANK/USDT": 1784620901.218681, "B/USDT": 1784621474.4346163, "ENA/USDT": 1784624502.970529, "ADA/USDT": 1784624502.970529}, "vals": {"ERA/USDT": 50.71, "AKE/USDT": 4.81, "ESPORTS/USDT": 8.08, "NIGHT/USDT": 3.4, "US/USDT": 9.26}}