{"set": ["NASDAQ:CNVS", "NASDAQ:ILLR", "NASDAQ:IVF", "NASDAQ:SHPH", "NASDAQ:SKYQ", "NASDAQ:ZDAI"], "left": {"NASDAQ:EHGO": 1782720086.748199, "NASDAQ:NEXR": 1782720086.748199, "NASDAQ:AZI": 1782720086.748199, "NASDAQ:IQST": 1782720086.748199, "NASDAQ:KUST": 1782720086.748199}, "vals": {"NASDAQ:ZDAI": 13.95, "NASDAQ:IVF": 49.19, "NASDAQ:CNVS": 12.31, "NASDAQ:SHPH": 55.03, "NASDAQ:ILLR": 68.19, "NASDAQ:SKYQ": 15.53}}