{"set": ["ADA/USDT", "ARB/USDT", "CLO/USDT", "T/USDT"], "left": {"SKL/USDT": 1783765557.1738527, "TAG/USDT": 1783768558.0159066, "XPIN/USDT": 1783776956.3977575, "SKYAI/USDT": 1783782026.1493845, "BEAT/USDT": 1783782026.1493845, "ENA/USDT": 1783782678.6023226, "HMSTR/USDT": 1783783887.6966646}, "vals": {"T/USDT": 33.66, "CLO/USDT": 21.7, "ADA/USDT": 3.06, "ARB/USDT": 5.31}}