{"set": ["ALICE/USDT", "EPIC/USDT"], "left": {"BEAT/USDT": 1781987474.5337448, "BICO/USDT": 1782000069.9734209, "GALA/USDT": 1782000069.9734209, "LAB/USDT": 1782000069.9734209, "SLX/USDT": 1782000069.9734209, "BEL/USDT": 1782003355.8145847, "BTW/USDT": 1782003672.5144403, "CLO/USDT": 1782003954.350042, "ESPORTS/USDT": 1782003954.350042}, "vals": {"EPIC/USDT": 4.58, "ALICE/USDT": 15.22}}