{"set": ["BIRB/USDT", "ENA/USDT", "LIT/USDT", "PEPE/USDT", "SLX/USDT"], "left": {"BAS/USDT": 1782966955.2973764, "BASED/USDT": 1782969670.7670445, "M/USDT": 1782975066.4561415, "UB/USDT": 1782978364.7368314, "LAB/USDT": 1782981670.6143816}, "vals": {"PEPE/USDT": 3.06, "BIRB/USDT": 57.48, "SLX/USDT": 4.04, "ENA/USDT": 8.39, "LIT/USDT": 5.12}}