{"set": ["EPIC/USDT", "HMSTR/USDT", "LIT/USDT", "NES/USDT"], "left": {"ENA/USDT": 1783293677.5100284, "CAP/USDT": 1783296101.7064824, "BTW/USDT": 1783296101.7064824, "LAB/USDT": 1783296671.0950449, "VELVET/USDT": 1783299686.580346, "SKYAI/USDT": 1783299952.0989566, "MIRA/USDT": 1783300558.3173487, "TLM/USDT": 1783304157.2154553, "VANRY/USDT": 1783304157.2154553, "UB/USDT": 1783314380.83814}, "vals": {"HMSTR/USDT": 5.48, "NES/USDT": 6.43, "LIT/USDT": 9.02, "EPIC/USDT": 14.64}}