{"set": ["AKE/USDT", "BANK/USDT", "ESPORTS/USDT", "LRC/USDT", "US/USDT"], "left": {"KAITO/USDT": 1784310101.07536, "ONDO/USDT": 1784318797.1005747, "ADA/USDT": 1784320596.2944446}, "vals": {"AKE/USDT": 39.71, "BANK/USDT": 4.76, "US/USDT": 9.0, "ESPORTS/USDT": 12.95, "LRC/USDT": 34.87}}