{"set": ["ARB/USDT", "ENA/USDT", "EVAA/USDT", "PEPE/USDT", "SKL/USDT", "TAG/USDT", "VELVET/USDT"], "left": {"VANRY/USDT": 1783656092.6123552, "LAB/USDT": 1783657892.4873512, "US/USDT": 1783662079.4856043, "EDGEX/USDT": 1783665679.5733185}, "vals": {"PEPE/USDT": 3.57, "TAG/USDT": 17.33, "SKL/USDT": 36.5, "VELVET/USDT": 33.64, "ENA/USDT": 3.0, "ARB/USDT": 8.92, "EVAA/USDT": 9.84}}