{"set": ["BIO/USDT", "BTW/USDT", "CLO/USDT", "LAB/USDT", "SKYAI/USDT", "VELVET/USDT"], "left": {"HOME/USDT": 1781787725.655748, "\u9f99\u867e/USDT": 1781794001.5678475, "AGT/USDT": 1781802703.5421944, "H/USDT": 1781803907.6361732, "XLM/USDT": 1781804804.361622, "FOLKS/USDT": 1781806300.232641}, "vals": {"VELVET/USDT": 63.16, "LAB/USDT": 27.67, "BTW/USDT": 3.02, "CLO/USDT": 12.14, "SKYAI/USDT": 3.81, "BIO/USDT": 4.55}}