{"set": ["LAB/USDT", "T/USDT", "VELVET/USDT"], "left": {"JCT/USDT": 1783987300.7984977, "BILL/USDT": 1783987300.7984977, "ALLO/USDT": 1783989679.3426087, "DEXE/USDT": 1783989679.3426087, "ANSEM/USDT": 1783989679.3426087, "AIOT/USDT": 1783989679.3426087}, "vals": {"T/USDT": 5.21, "LAB/USDT": 3.56, "VELVET/USDT": 4.35}}