{"set": ["NASDAQ:ERNA", "NASDAQ:JTAI", "NASDAQ:KUST", "NASDAQ:SOBR"], "left": {"NASDAQ:NXTC": 1784188899.4012623, "NASDAQ:SHPH": 1784188899.4012623, "NASDAQ:LEDS": 1784188899.4012623, "NASDAQ:BJDX": 1784188899.4012623, "NASDAQ:YYGH": 1784188899.4012623, "NASDAQ:LHAI": 1784188899.4012623, "NASDAQ:VMAR": 1784188899.4012623}, "vals": {"NASDAQ:ERNA": 40.43, "NASDAQ:KUST": 47.52, "NASDAQ:JTAI": 978.63, "NASDAQ:SOBR": 43.59}}