{"set": ["AKE/USDT", "KAITO/USDT", "TAC/USDT"], "left": {"CRO/USDT": 1784260880.8118584, "SKYAI/USDT": 1784269265.0068219, "ESPORTS/USDT": 1784272554.7914135, "US/USDT": 1784274962.0930705, "BANK/USDT": 1784275296.328523}, "vals": {"AKE/USDT": 4.52, "TAC/USDT": 16.09, "KAITO/USDT": 13.54}}