{"set": ["ADA/USDT", "ENA/USDT", "LAB/USDT", "PEPE/USDT", "TRIA/USDT"], "left": {"VELVET/USDT": 1784020563.9516664, "BILL/USDT": 1784031969.7101521, "B/USDT": 1784034102.0614977}, "vals": {"PEPE/USDT": 3.96, "TRIA/USDT": 11.36, "LAB/USDT": 17.36, "ENA/USDT": 7.5, "ADA/USDT": 3.94}}