{"set": ["ALLO/USDT", "BEL/USDT", "BTW/USDT", "CLO/USDT", "EIGEN/USDT", "ENA/USDT", "ID/USDT", "LAYER/USDT", "RESOLV/USDT"], "left": {"HMSTR/USDT": 1782124881.5059009, "DOGE/USDT": 1782137202.693339, "UB/USDT": 1782137510.7530808, "XRP/USDT": 1782137510.7530808, "ADA/USDT": 1782138403.9731681, "PEPE/USDT": 1782142915.8657644}, "vals": {"BTW/USDT": 22.3, "RESOLV/USDT": 3.66, "CLO/USDT": 30.86, "LAYER/USDT": 18.11, "ENA/USDT": 9.67, "BEL/USDT": 34.45, "ID/USDT": 21.86, "EIGEN/USDT": 13.73, "ALLO/USDT": 16.54}}