{"set": ["ASTEROID/USDT", "BSB/USDT", "FARTCOIN/USDT", "JTO/USDT", "LAB/USDT", "SKYAI/USDT", "SPACE/USDT", "UNI/USDT", "XLM/USDT"], "left": {"SIREN/USDT": 1781597485.4952133, "WLFI/USDT": 1781597485.4952133, "ZRO/USDT": 1781607718.8485653, "CHIP/USDT": 1781613111.0452197, "ENA/USDT": 1781615200.7178867, "OPG/USDT": 1781616994.2341707, "VELVET/USDT": 1781617300.1079235}, "vals": {"ASTEROID/USDT": 19.59, "SPACE/USDT": 12.2, "LAB/USDT": 35.26, "SKYAI/USDT": 9.98, "XLM/USDT": 5.67, "BSB/USDT": 43.74, "JTO/USDT": 17.87, "UNI/USDT": 7.03, "FARTCOIN/USDT": 4.85}}