{"set": ["ADA/USDT", "ARPA/USDT", "DOGE/USDT", "HMSTR/USDT", "MAGMA/USDT", "PEPE/USDT", "THE/USDT", "TLM/USDT", "XPL/USDT", "ZKP/USDT"], "left": {"BAS/USDT": 1783093300.9886749, "PIPPIN/USDT": 1783096596.9146833, "ENA/USDT": 1783098997.792655, "GUA/USDT": 1783100196.362916, "XRP/USDT": 1783100503.3100767}, "vals": {"PEPE/USDT": 5.57, "ARPA/USDT": 33.35, "ZKP/USDT": 25.48, "HMSTR/USDT": 26.07, "THE/USDT": 10.05, "MAGMA/USDT": 28.73, "TLM/USDT": 10.5, "XPL/USDT": 18.16, "ADA/USDT": 9.23, "DOGE/USDT": 3.71}}