{"set": ["ARB/USDT", "CLO/USDT", "T/USDT", "XPIN/USDT"], "left": {"SKL/USDT": 1783765557.1738527, "TAG/USDT": 1783768558.0159066, "SKYAI/USDT": 1783782026.1493845, "BEAT/USDT": 1783782026.1493845, "ENA/USDT": 1783782678.6023226, "HMSTR/USDT": 1783783887.6966646, "ADA/USDT": 1783785953.3710356}, "vals": {"XPIN/USDT": 4.0, "T/USDT": 34.25, "CLO/USDT": 19.78, "ARB/USDT": 5.84}}