{"set": ["AKE/USDT", "B/USDT"], "left": {"ESPORTS/USDT": 1784354475.1167405, "BANK/USDT": 1784371856.4127266, "LAB/USDT": 1784372152.5391364}, "vals": {"AKE/USDT": 29.0, "B/USDT": 49.3}}