{"set": ["BTW/USDT", "HMSTR/USDT", "NES/USDT", "TLM/USDT", "VANRY/USDT"], "left": {"M/USDT": 1783258287.1343338, "LAB/USDT": 1783263074.9545124, "WLFI/USDT": 1783265160.8426404}, "vals": {"VANRY/USDT": 17.48, "HMSTR/USDT": 5.4, "BTW/USDT": 17.46, "NES/USDT": 17.1, "TLM/USDT": 39.11}}