{"set": ["BIO/USDT", "CLO/USDT", "FOLKS/USDT", "LAB/USDT", "SKYAI/USDT", "VELVET/USDT"], "left": {"HOME/USDT": 1781787725.655748, "\u9f99\u867e/USDT": 1781794001.5678475, "AGT/USDT": 1781802703.5421944, "H/USDT": 1781803907.6361732, "BTW/USDT": 1781804804.361622, "XLM/USDT": 1781804804.361622}, "vals": {"VELVET/USDT": 67.28, "LAB/USDT": 28.87, "CLO/USDT": 13.29, "FOLKS/USDT": 9.6, "SKYAI/USDT": 4.71, "BIO/USDT": 3.63}}