{"set": ["BEAT/USDT", "BEL/USDT", "LAB/USDT", "RESOLV/USDT", "SKYAI/USDT", "SLX/USDT", "WLFI/USDT"], "left": {"EVAA/USDT": 1782385286.939095, "BLESS/USDT": 1782388917.2101676, "BAS/USDT": 1782403324.4644468, "H/USDT": 1782403900.4803028, "XPL/USDT": 1782404195.4882438}, "vals": {"SLX/USDT": 21.12, "LAB/USDT": 12.8, "RESOLV/USDT": 12.05, "WLFI/USDT": 3.46, "SKYAI/USDT": 11.71, "BEAT/USDT": 21.21, "BEL/USDT": 9.19}}