{"set": ["BEAT/USDT", "SKYAI/USDT", "XPIN/USDT"], "left": {"B/USDT": 1783752362.0489285, "VIRTUAL/USDT": 1783752957.3707373, "SKL/USDT": 1783765557.1738527, "TAG/USDT": 1783768558.0159066}, "vals": {"XPIN/USDT": 15.55, "BEAT/USDT": 9.98, "SKYAI/USDT": 6.99}}