{"set": ["BEAT/USDT", "BTW/USDT", "LAB/USDT", "O/USDT", "RAVE/USDT", "UB/USDT"], "left": {"PIEVERSE/USDT": 1782620755.9253287, "VELVET/USDT": 1782630666.8079455, "BAS/USDT": 1782632469.004419, "SLX/USDT": 1782634263.02628, "WIF/USDT": 1782634263.02628}, "vals": {"UB/USDT": 13.65, "LAB/USDT": 6.62, "BTW/USDT": 6.07, "RAVE/USDT": 10.32, "O/USDT": 30.66, "BEAT/USDT": 10.79}}