{"set": ["BAS/USDT", "BEAT/USDT", "BLESS/USDT", "LAB/USDT", "RESOLV/USDT", "SKYAI/USDT", "SLX/USDT"], "left": {"H/USDT": 1782372364.9331696, "ESPORTS/USDT": 1782374784.7962978, "EVAA/USDT": 1782385286.939095, "WLFI/USDT": 1782385286.939095}, "vals": {"BAS/USDT": 26.38, "BLESS/USDT": 3.75, "LAB/USDT": 7.47, "SLX/USDT": 3.44, "RESOLV/USDT": 14.37, "BEAT/USDT": 9.47, "SKYAI/USDT": 14.83}}