{"set": ["BEAT/USDT", "BTW/USDT", "ESPORTS/USDT", "LAB/USDT", "SKYAI/USDT", "SPACE/USDT", "UNI/USDT", "XLM/USDT"], "left": {"SPX/USDT": 1781654485.207243, "JTO/USDT": 1781654485.207243, "ASTEROID/USDT": 1781654485.207243, "LUNC/USDT": 1781654750.7251735, "BLESS/USDT": 1781654750.7251735, "VELVET/USDT": 1781654750.7251735, "BSB/USDT": 1781655354.1214187, "EVAA/USDT": 1781655959.2465234, "BR/USDT": 1781660456.923042, "H/USDT": 1781668262.6370485, "\u9f99\u867e/USDT": 1781669166.0623226}, "vals": {"SPACE/USDT": 3.66, "LAB/USDT": 5.08, "BTW/USDT": 10.12, "ESPORTS/USDT": 14.16, "BEAT/USDT": 15.71, "SKYAI/USDT": 4.95, "XLM/USDT": 5.54, "UNI/USDT": 7.73}}