{"set": ["AGT/USDT", "ASTEROID/USDT", "BIO/USDT", "CLO/USDT", "LAB/USDT", "VELVET/USDT", "XLM/USDT"], "left": {"H/USDT": 1781811111.6969812, "FOLKS/USDT": 1781813494.8512738, "SKYAI/USDT": 1781818561.0220134, "BTW/USDT": 1781820962.6697328}, "vals": {"ASTEROID/USDT": 112.66, "AGT/USDT": 4.25, "VELVET/USDT": 27.6, "LAB/USDT": 35.4, "CLO/USDT": 12.4, "XLM/USDT": 4.87, "BIO/USDT": 6.74}}