{"set": ["KAITO/USDT", "SKYAI/USDT", "TAC/USDT", "US/USDT"], "left": {"FLOCK/USDT": 1784246480.3950748, "AKE/USDT": 1784247964.9534473, "LAB/USDT": 1784248559.4605422, "RAVE/USDT": 1784250962.934766, "ESPORTS/USDT": 1784257872.7741404, "CRO/USDT": 1784260880.8118584, "BANK/USDT": 1784266868.7092636}, "vals": {"US/USDT": 3.64, "SKYAI/USDT": 10.56, "TAC/USDT": 12.58, "KAITO/USDT": 11.26}}