{"set": ["ADA/USDT", "BIRB/USDT", "BREV/USDT", "DOGE/USDT", "ENA/USDT", "LIT/USDT", "M/USDT", "PEPE/USDT", "TLM/USDT", "XRP/USDT"], "left": {"SLX/USDT": 1782988872.3451953, "BAS/USDT": 1782990368.4244921, "TAC/USDT": 1782992775.2916791, "UB/USDT": 1782997570.1451452, "LAB/USDT": 1782997570.1451452}, "vals": {"PEPE/USDT": 4.91, "BIRB/USDT": 68.49, "BREV/USDT": 31.09, "M/USDT": 27.7, "TLM/USDT": 3.12, "XRP/USDT": 3.95, "ADA/USDT": 4.1, "ENA/USDT": 8.74, "DOGE/USDT": 3.01, "LIT/USDT": 6.19}}