{"set": ["NASDAQ:BTOG", "NASDAQ:EHGO", "NASDAQ:LHAI"], "left": {"NASDAQ:LGCL": 1782979298.6393728, "NASDAQ:CELZ": 1782979298.6393728, "NASDAQ:DGNX": 1782979298.6393728, "NASDAQ:GVH": 1782979298.6393728, "NASDAQ:DXST": 1782980467.6157382, "NASDAQ:ALZN": 1782980467.6157382}, "vals": {"NASDAQ:LHAI": 175.76, "NASDAQ:BTOG": 10.4, "NASDAQ:EHGO": 82.31}}