{"set": ["BEAT/USDT", "BEL/USDT", "IP/USDT", "SKYAI/USDT", "SLX/USDT", "UB/USDT"], "left": {"HEI/USDT": 1782432091.6756217, "LAB/USDT": 1782432091.6756217, "XPL/USDT": 1782432091.6756217, "M/USDT": 1782432363.2367258, "FARTCOIN/USDT": 1782432673.1264422, "H/USDT": 1782433259.2305038, "RESOLV/USDT": 1782436260.641591, "BAS/USDT": 1782439860.2622604, "BTW/USDT": 1782441660.271717}, "vals": {"UB/USDT": 3.21, "SLX/USDT": 7.9, "SKYAI/USDT": 7.83, "BEAT/USDT": 11.61, "IP/USDT": 3.79, "BEL/USDT": 3.36}}