{"set": ["BLUR/USDT", "NES/USDT", "OPG/USDT", "TAC/USDT", "WLFI/USDT"], "left": {"M/USDT": 1783429313.8417206, "VANRY/USDT": 1783430493.8190887, "LIT/USDT": 1783434117.5776558, "TLM/USDT": 1783435315.3536253}, "vals": {"BLUR/USDT": 12.18, "OPG/USDT": 5.18, "TAC/USDT": 52.68, "NES/USDT": 3.93, "WLFI/USDT": 3.08}}