{"set": ["ASTEROID/USDT", "BEAT/USDT", "BSB/USDT", "ESPORTS/USDT", "UB/USDT"], "left": {"SKYAI/USDT": 1781911872.545053, "HEI/USDT": 1781913684.1579404, "CLO/USDT": 1781913684.1579404, "BEL/USDT": 1781913684.1579404, "SYN/USDT": 1781913954.9455822, "BLESS/USDT": 1781913954.9455822, "BASED/USDT": 1781915763.145682, "BTW/USDT": 1781916662.773172, "LAB/USDT": 1781916662.773172, "BICO/USDT": 1781921462.5297523}, "vals": {"ASTEROID/USDT": 6.38, "UB/USDT": 5.32, "ESPORTS/USDT": 6.36, "BEAT/USDT": 4.17, "BSB/USDT": 5.7}}