{"set": ["CLO/USDT", "H/USDT", "LAB/USDT", "SKYAI/USDT", "XLM/USDT"], "left": {"SIREN/USDT": 1781781403.490746, "HOME/USDT": 1781787725.655748, "AGT/USDT": 1781787725.655748, "BIO/USDT": 1781794001.5678475, "\u9f99\u867e/USDT": 1781794001.5678475, "FOLKS/USDT": 1781797901.553368, "VELVET/USDT": 1781798549.7774026, "BTW/USDT": 1781799711.271432}, "vals": {"LAB/USDT": 23.85, "CLO/USDT": 14.95, "H/USDT": 3.76, "XLM/USDT": 7.26, "SKYAI/USDT": 3.34}}