{"set": ["BEAT/USDT", "G/USDT", "H/USDT", "SKYAI/USDT", "SLX/USDT", "TNSR/USDT", "UB/USDT"], "left": {"IP/USDT": 1782447662.282406, "ESPORTS/USDT": 1782448274.1921105, "BTW/USDT": 1782451870.6836007, "LAB/USDT": 1782456664.1921847, "PUMP/USDT": 1782461769.381446, "BAS/USDT": 1782468361.2361228}, "vals": {"G/USDT": 8.2, "UB/USDT": 24.37, "SLX/USDT": 7.75, "BEAT/USDT": 14.75, "SKYAI/USDT": 12.7, "H/USDT": 5.91, "TNSR/USDT": 3.25}}