{"set": ["ACE/USDT", "AVAAI/USDT", "BANK/USDT", "ESPORTS/USDT", "HOME/USDT", "KAITO/USDT", "PI/USDT"], "left": {"TLM/USDT": 1784505693.7150998, "B/USDT": 1784506264.8048582, "PUMPFUN/USDT": 1784506264.8048582, "AKE/USDT": 1784512260.9563913, "PEPE/USDT": 1784517062.9586895}, "vals": {"BANK/USDT": 3.98, "ESPORTS/USDT": 15.33, "HOME/USDT": 3.08, "AVAAI/USDT": 13.12, "KAITO/USDT": 5.65, "PI/USDT": 5.51, "ACE/USDT": 18.03}}