{"set": ["EPIC/USDT", "HMSTR/USDT", "LIT/USDT", "TLM/USDT", "VANRY/USDT"], "left": {"UB/USDT": 1783329958.4682093, "LAB/USDT": 1783336275.4230828, "SLX/USDT": 1783339560.0558045, "NES/USDT": 1783341687.403493}, "vals": {"VANRY/USDT": 52.84, "HMSTR/USDT": 3.57, "TLM/USDT": 24.07, "LIT/USDT": 5.57, "EPIC/USDT": 3.63}}