{"set": ["ARB/USDT", "ENA/USDT", "EVAA/USDT", "SKL/USDT", "TAG/USDT", "VELVET/USDT"], "left": {"VANRY/USDT": 1783656092.6123552, "LAB/USDT": 1783657892.4873512, "US/USDT": 1783662079.4856043, "EDGEX/USDT": 1783665679.5733185}, "vals": {"TAG/USDT": 16.12, "SKL/USDT": 38.2, "VELVET/USDT": 15.04, "ENA/USDT": 3.47, "EVAA/USDT": 19.09, "ARB/USDT": 7.27}}