{"set": ["BTW/USDT", "CLO/USDT", "FOLKS/USDT", "H/USDT", "LAB/USDT", "XLM/USDT", "\u9f99\u867e/USDT"], "left": {"ESPORTS/USDT": 1781770868.3157644, "SIREN/USDT": 1781781403.490746, "BIO/USDT": 1781784395.5034444, "HOME/USDT": 1781787725.655748, "AGT/USDT": 1781787725.655748, "SKYAI/USDT": 1781791599.660204}, "vals": {"\u9f99\u867e/USDT": 8.72, "LAB/USDT": 20.23, "BTW/USDT": 3.47, "CLO/USDT": 21.76, "H/USDT": 13.25, "XLM/USDT": 8.75, "FOLKS/USDT": 19.78}}