{"set": ["ARB/USDT", "EVAA/USDT", "SKL/USDT", "TAG/USDT", "VELVET/USDT"], "left": {"VANRY/USDT": 1783656092.6123552, "LAB/USDT": 1783657892.4873512, "US/USDT": 1783662079.4856043, "EDGEX/USDT": 1783665679.5733185, "ENA/USDT": 1783674100.9691825, "PEPE/USDT": 1783674100.9691825}, "vals": {"TAG/USDT": 13.42, "SKL/USDT": 33.58, "VELVET/USDT": 24.03, "ARB/USDT": 7.11, "EVAA/USDT": 18.92}}