{"set": ["CLO/USDT", "H/USDT", "LAB/USDT", "SKYAI/USDT", "XLM/USDT", "\u9f99\u867e/USDT"], "left": {"ESPORTS/USDT": 1781770868.3157644, "SIREN/USDT": 1781781403.490746, "BIO/USDT": 1781784395.5034444, "BTW/USDT": 1781784395.5034444, "HOME/USDT": 1781787725.655748, "FOLKS/USDT": 1781787725.655748, "AGT/USDT": 1781787725.655748}, "vals": {"\u9f99\u867e/USDT": 4.51, "LAB/USDT": 20.15, "CLO/USDT": 18.64, "H/USDT": 11.5, "XLM/USDT": 9.41, "SKYAI/USDT": 7.85}}