{"set": ["BTW/USDT", "CLO/USDT", "EIGEN/USDT", "ENA/USDT", "RESOLV/USDT", "UB/USDT"], "left": {"WLFI/USDT": 1782084972.3252332, "BEAT/USDT": 1782086498.4360116, "STO/USDT": 1782087057.9893005, "NAORIS/USDT": 1782087057.9893005, "LAB/USDT": 1782090977.8595104, "ADA/USDT": 1782092158.0058637, "TNSR/USDT": 1782100265.4524198, "BEL/USDT": 1782104478.923448}, "vals": {"UB/USDT": 16.18, "BTW/USDT": 13.04, "RESOLV/USDT": 11.59, "CLO/USDT": 30.01, "ENA/USDT": 6.85, "EIGEN/USDT": 9.98}}