{"set": ["ADA/USDT", "ARPA/USDT", "BAS/USDT", "DOGE/USDT", "PEPE/USDT", "ZKP/USDT"], "left": {"TAC/USDT": 1783066278.9986367, "US/USDT": 1783076497.9331872, "M/USDT": 1783077676.7961626, "MAGMA/USDT": 1783084303.3080373, "TLM/USDT": 1783086711.4939227, "GUA/USDT": 1783087322.911763}, "vals": {"PEPE/USDT": 4.34, "ARPA/USDT": 29.96, "ZKP/USDT": 20.3, "BAS/USDT": 24.7, "ADA/USDT": 5.7, "DOGE/USDT": 3.06}}