{"set": ["BAS/USDT", "ESPORTS/USDT", "H/USDT", "RESOLV/USDT", "SLX/USDT"], "left": {"ENA/USDT": 1782346254.9399734, "O/USDT": 1782346254.9399734, "FET/USDT": 1782346254.9399734, "UB/USDT": 1782346254.9399734, "JUP/USDT": 1782346254.9399734, "SEI/USDT": 1782346254.9399734, "ONDO/USDT": 1782346254.9399734, "CLO/USDT": 1782349281.2013028, "SAHARA/USDT": 1782350757.2498891, "LAB/USDT": 1782352566.9077063, "ID/USDT": 1782356478.811467, "BTW/USDT": 1782358562.166448, "EVAA/USDT": 1782360077.2447712, "BEAT/USDT": 1782360658.6456122, "SKYAI/USDT": 1782364566.986174}, "vals": {"BAS/USDT": 7.0, "SLX/USDT": 8.96, "ESPORTS/USDT": 6.9, "RESOLV/USDT": 5.72, "H/USDT": 14.86}}