{"set": ["AGT/USDT", "ASTER/USDT", "CLO/USDT", "ENA/USDT", "ESPORTS/USDT", "SPX/USDT", "XLM/USDT", "XPL/USDT"], "left": {"SIREN/USDT": 1781706106.1390588, "BSB/USDT": 1781717796.7338169, "BLESS/USDT": 1781718711.243285, "BTW/USDT": 1781719603.0196798, "BR/USDT": 1781720501.8672824, "CFX/USDT": 1781720804.9032643}, "vals": {"AGT/USDT": 99.31, "ESPORTS/USDT": 33.8, "SPX/USDT": 14.75, "ASTER/USDT": 10.42, "XPL/USDT": 28.33, "CLO/USDT": 16.44, "ENA/USDT": 8.95, "XLM/USDT": 3.47}}