{"set": ["HMSTR/USDT", "LIT/USDT", "TLM/USDT", "VANRY/USDT"], "left": {"LAB/USDT": 1783336275.4230828, "SLX/USDT": 1783339560.0558045, "NES/USDT": 1783341687.403493, "EPIC/USDT": 1783352193.4056053}, "vals": {"VANRY/USDT": 49.47, "HMSTR/USDT": 6.7, "TLM/USDT": 16.85, "LIT/USDT": 5.85}}