{"set": ["ADA/USDT", "BIRB/USDT", "BREV/USDT", "ENA/USDT", "GRAM/USDT", "LAB/USDT", "M/USDT", "PEPE/USDT", "SLX/USDT", "TLM/USDT", "XRP/USDT"], "left": {"BAS/USDT": 1782990368.4244921, "TAC/USDT": 1782992775.2916791, "LIT/USDT": 1783003309.3451247, "BEAT/USDT": 1783004195.363327, "UB/USDT": 1783008400.485868, "DOGE/USDT": 1783009094.419289}, "vals": {"PEPE/USDT": 4.74, "BIRB/USDT": 64.97, "BREV/USDT": 26.19, "M/USDT": 37.97, "TLM/USDT": 23.87, "LAB/USDT": 11.93, "SLX/USDT": 4.62, "XRP/USDT": 3.64, "ENA/USDT": 5.96, "ADA/USDT": 4.36, "GRAM/USDT": 4.97}}