{"set": ["CLO/USDT", "EDGEX/USDT", "LAB/USDT", "POWER/USDT", "TAG/USDT"], "left": {"UNI/USDT": 1783544196.627076, "LDO/USDT": 1783553159.1583135, "NES/USDT": 1783555311.7287774, "SLX/USDT": 1783555311.7287774, "APE/USDT": 1783556172.0513215, "KAITO/USDT": 1783556172.0513215, "SKYAI/USDT": 1783556172.0513215, "RAVE/USDT": 1783556172.0513215, "FET/USDT": 1783556172.0513215, "ANSEM/USDT": 1783556172.0513215, "UAI/USDT": 1783556172.0513215, "OGN/USDT": 1783556172.0513215, "EVAA/USDT": 1783559488.4230435, "VANRY/USDT": 1783562498.7121809}, "vals": {"TAG/USDT": 8.66, "LAB/USDT": 3.55, "EDGEX/USDT": 3.1, "POWER/USDT": 13.19, "CLO/USDT": 7.22}}