{"set": ["BEAT/USDT", "IP/USDT", "SKYAI/USDT", "SLX/USDT", "UB/USDT"], "left": {"HEI/USDT": 1782432091.6756217, "LAB/USDT": 1782432091.6756217, "XPL/USDT": 1782432091.6756217, "BEL/USDT": 1782432091.6756217, "M/USDT": 1782432363.2367258, "FARTCOIN/USDT": 1782432673.1264422, "H/USDT": 1782433259.2305038, "RESOLV/USDT": 1782436260.641591, "BAS/USDT": 1782439860.2622604, "BTW/USDT": 1782441660.271717}, "vals": {"UB/USDT": 4.07, "SLX/USDT": 8.85, "SKYAI/USDT": 9.51, "BEAT/USDT": 10.64, "IP/USDT": 5.57}}