{"set": ["LIT/USDT", "NES/USDT"], "left": {"HMSTR/USDT": 1783314962.4727664, "EPIC/USDT": 1783317960.707354, "LAB/USDT": 1783319753.3504353, "UB/USDT": 1783326082.359311, "VELVET/USDT": 1783326359.0054882, "VANRY/USDT": 1783326684.4363794}, "vals": {"NES/USDT": 6.4, "LIT/USDT": 5.24}}