{"set": ["ASTEROID/USDT", "BSB/USDT", "FARTCOIN/USDT", "H/USDT", "JTO/USDT", "LAB/USDT", "SKYAI/USDT", "SPACE/USDT", "UNI/USDT", "VELVET/USDT", "\u9f99\u867e/USDT"], "left": {"ZRO/USDT": 1781607718.8485653, "CHIP/USDT": 1781613111.0452197, "ENA/USDT": 1781615200.7178867, "OPG/USDT": 1781623605.6902158, "XLM/USDT": 1781625741.3454776}, "vals": {"ASTEROID/USDT": 20.62, "SPACE/USDT": 10.54, "\u9f99\u867e/USDT": 40.42, "VELVET/USDT": 9.71, "LAB/USDT": 34.93, "H/USDT": 4.25, "SKYAI/USDT": 19.74, "BSB/USDT": 56.84, "JTO/USDT": 8.48, "UNI/USDT": 7.45, "FARTCOIN/USDT": 3.88}}