{"set": ["LAB/USDT", "O/USDT", "RAVE/USDT", "UB/USDT", "VELVET/USDT"], "left": {"PIEVERSE/USDT": 1782620755.9253287, "BAS/USDT": 1782632469.004419, "BTW/USDT": 1782639072.1415567, "SLX/USDT": 1782639721.6716003, "BEAT/USDT": 1782640559.905485, "WIF/USDT": 1782641161.0017347}, "vals": {"UB/USDT": 12.2, "VELVET/USDT": 4.73, "LAB/USDT": 6.88, "RAVE/USDT": 10.4, "O/USDT": 31.89}}