{"set": ["AKE/USDT", "KAITO/USDT", "US/USDT"], "left": {"TAC/USDT": 1784275556.5844533, "ESPORTS/USDT": 1784289361.5060365, "BILL/USDT": 1784291480.5933228, "ONDO/USDT": 1784292961.2900832, "BANK/USDT": 1784295673.2114139}, "vals": {"AKE/USDT": 24.29, "US/USDT": 5.87, "KAITO/USDT": 4.88}}