{"set": ["ASTEROID/USDT", "BSB/USDT", "JTO/USDT", "LAB/USDT", "SIREN/USDT", "SKYAI/USDT"], "left": {"ZRO/USDT": 1781568083.7734823, "XRP/USDT": 1781568083.7734823, "CLO/USDT": 1781568083.7734823, "ESPORTS/USDT": 1781568083.7734823, "VELVET/USDT": 1781568354.5492907, "EVAA/USDT": 1781570763.2897978, "XLM/USDT": 1781571065.9299102, "H/USDT": 1781571065.9299102, "BEAT/USDT": 1781580952.8928974, "FARTCOIN/USDT": 1781583362.0767815}, "vals": {"ASTEROID/USDT": 28.91, "SIREN/USDT": 3.55, "LAB/USDT": 4.13, "SKYAI/USDT": 6.0, "JTO/USDT": 4.2, "BSB/USDT": 14.16}}