{"set": ["ADA/USDT", "BIRB/USDT", "BREV/USDT", "ENA/USDT", "LIT/USDT", "M/USDT", "PEPE/USDT", "UB/USDT", "XRP/USDT"], "left": {"LAB/USDT": 1782981670.6143816, "SLX/USDT": 1782988872.3451953, "BAS/USDT": 1782990368.4244921, "TLM/USDT": 1782992775.2916791, "TAC/USDT": 1782992775.2916791}, "vals": {"PEPE/USDT": 5.21, "UB/USDT": 3.46, "BIRB/USDT": 62.96, "BREV/USDT": 40.06, "M/USDT": 14.34, "ADA/USDT": 4.1, "XRP/USDT": 3.07, "ENA/USDT": 8.74, "LIT/USDT": 3.62}}