{"set": ["BEL/USDT", "LAB/USDT", "SLX/USDT"], "left": {"BLESS/USDT": 1782266762.454853, "ID/USDT": 1782270078.2248478, "H/USDT": 1782278166.2508242, "ESPORTS/USDT": 1782285955.3146243, "CLO/USDT": 1782287160.797812, "BTW/USDT": 1782288361.8589675, "BEAT/USDT": 1782288361.8589675}, "vals": {"LAB/USDT": 10.73, "SLX/USDT": 20.05, "BEL/USDT": 6.64}}