{"set": ["BEL/USDT", "BTW/USDT", "CLO/USDT", "LAB/USDT"], "left": {"UB/USDT": 1782260157.580966, "RESOLV/USDT": 1782263161.442205, "HEI/USDT": 1782263758.6866052, "SYN/USDT": 1782263758.6866052, "DYDX/USDT": 1782263758.6866052, "BASED/USDT": 1782263758.6866052, "FARTCOIN/USDT": 1782263758.6866052, "BLESS/USDT": 1782266762.454853, "ID/USDT": 1782270078.2248478, "ESPORTS/USDT": 1782276664.413571, "H/USDT": 1782278166.2508242, "BEAT/USDT": 1782281464.0179281}, "vals": {"BTW/USDT": 7.69, "LAB/USDT": 9.99, "CLO/USDT": 24.33, "BEL/USDT": 6.42}}