{"set": ["EVAA/USDT", "KAITO/USDT", "NES/USDT", "SLX/USDT", "VANRY/USDT"], "left": {"CLO/USDT": 1783526794.2447305, "LDO/USDT": 1783535191.2500618, "EDGEX/USDT": 1783543319.9738119, "UNI/USDT": 1783544196.627076}, "vals": {"VANRY/USDT": 8.77, "NES/USDT": 3.15, "KAITO/USDT": 8.97, "EVAA/USDT": 3.8, "SLX/USDT": 9.8}}