{"set": ["ACE/USDT", "BONK/USDT", "KAITO/USDT", "PI/USDT"], "left": {"PEPE/USDT": 1784517062.9586895, "ESPORTS/USDT": 1784523357.0800269, "TLM/USDT": 1784527554.2372587, "AVAAI/USDT": 1784528750.8587875, "BANK/USDT": 1784533267.084685, "HOME/USDT": 1784535969.5460033}, "vals": {"BONK/USDT": 3.7, "ACE/USDT": 61.09, "KAITO/USDT": 3.93, "PI/USDT": 5.62}}