{"set": ["BEAT/USDT", "IP/USDT", "SKYAI/USDT", "SLX/USDT"], "left": {"HEI/USDT": 1782432091.6756217, "LAB/USDT": 1782432091.6756217, "XPL/USDT": 1782432091.6756217, "BEL/USDT": 1782432091.6756217, "M/USDT": 1782432363.2367258, "FARTCOIN/USDT": 1782432673.1264422, "BTW/USDT": 1782433259.2305038, "H/USDT": 1782433259.2305038, "UB/USDT": 1782435361.4525566, "RESOLV/USDT": 1782436260.641591, "BAS/USDT": 1782439860.2622604}, "vals": {"SLX/USDT": 5.2, "SKYAI/USDT": 6.67, "BEAT/USDT": 7.11, "IP/USDT": 4.83}}