{"set": ["B/USDT", "ESPORTS/USDT", "HOME/USDT", "KAITO/USDT"], "left": {"LAB/USDT": 1784419277.0800655, "AVAAI/USDT": 1784419277.0800655, "BILL/USDT": 1784420159.8236463, "FARTCOIN/USDT": 1784420159.8236463, "AKE/USDT": 1784422881.7681973, "BANK/USDT": 1784425860.4068003, "US/USDT": 1784428858.6133661, "NES/USDT": 1784432757.9521945}, "vals": {"ESPORTS/USDT": 36.25, "HOME/USDT": 4.17, "B/USDT": 3.48, "KAITO/USDT": 5.57}}