{"set": ["ASTEROID/USDT", "BSB/USDT", "FARTCOIN/USDT", "LAB/USDT", "SKYAI/USDT", "SPACE/USDT", "UNI/USDT", "VELVET/USDT", "XLM/USDT"], "left": {"BEAT/USDT": 1781580952.8928974, "JTO/USDT": 1781595363.2537274, "ENA/USDT": 1781596569.5204742, "SIREN/USDT": 1781597485.4952133, "WLFI/USDT": 1781597485.4952133}, "vals": {"ASTEROID/USDT": 31.61, "SPACE/USDT": 22.32, "VELVET/USDT": 14.54, "LAB/USDT": 7.65, "SKYAI/USDT": 4.75, "XLM/USDT": 3.03, "BSB/USDT": 32.67, "FARTCOIN/USDT": 6.75, "UNI/USDT": 4.85}}