{"set": ["BSB/USDT", "ESPORTS/USDT", "SIREN/USDT", "SPX/USDT", "XLM/USDT"], "left": {"SPACE/USDT": 1781676091.3308692, "BLESS/USDT": 1781676970.9589026, "EVAA/USDT": 1781680868.9426517, "LAB/USDT": 1781682667.3037412, "BR/USDT": 1781692290.6848204, "\u9f99\u867e/USDT": 1781693503.6220849, "UNI/USDT": 1781694395.6005182, "BTW/USDT": 1781695906.5521672}, "vals": {"SIREN/USDT": 8.29, "ESPORTS/USDT": 52.09, "SPX/USDT": 11.11, "BSB/USDT": 5.95, "XLM/USDT": 3.42}}