{"set": ["BAS/USDT", "BEAT/USDT", "H/USDT", "LAB/USDT", "SKYAI/USDT"], "left": {"HEI/USDT": 1782432091.6756217, "XPL/USDT": 1782432091.6756217, "M/USDT": 1782432363.2367258, "FARTCOIN/USDT": 1782432673.1264422, "RESOLV/USDT": 1782436260.641591, "BEL/USDT": 1782447364.0422156, "IP/USDT": 1782447662.282406, "ESPORTS/USDT": 1782448274.1921105, "UB/USDT": 1782448274.1921105, "BTW/USDT": 1782451870.6836007, "SLX/USDT": 1782453064.4557335}, "vals": {"BAS/USDT": 4.19, "LAB/USDT": 5.07, "SKYAI/USDT": 8.12, "BEAT/USDT": 16.21, "H/USDT": 3.47}}