{"set": ["BAS/USDT", "BEAT/USDT", "G/USDT", "SKYAI/USDT", "SLX/USDT", "TNSR/USDT", "UB/USDT"], "left": {"BEL/USDT": 1782447364.0422156, "IP/USDT": 1782447662.282406, "ESPORTS/USDT": 1782448274.1921105, "BTW/USDT": 1782451870.6836007, "H/USDT": 1782453676.8899572, "LAB/USDT": 1782456664.1921847, "PUMP/USDT": 1782461769.381446}, "vals": {"BAS/USDT": 14.62, "G/USDT": 10.85, "UB/USDT": 4.86, "SLX/USDT": 3.35, "BEAT/USDT": 16.43, "SKYAI/USDT": 13.28, "TNSR/USDT": 5.74}}