{"set": ["EDGEX/USDT", "EVAA/USDT", "NES/USDT", "OPG/USDT"], "left": {"TAC/USDT": 1783437114.274098, "WLFI/USDT": 1783443988.4897203, "BLUR/USDT": 1783453597.7406595}, "vals": {"EDGEX/USDT": 26.36, "OPG/USDT": 3.16, "NES/USDT": 10.79, "EVAA/USDT": 149.62}}