{"set": ["ARB/USDT", "CLO/USDT", "T/USDT", "XPIN/USDT"], "left": {"TAG/USDT": 1783768558.0159066, "SKYAI/USDT": 1783782026.1493845, "BEAT/USDT": 1783782026.1493845, "ENA/USDT": 1783782678.6023226, "HMSTR/USDT": 1783783887.6966646, "ADA/USDT": 1783787155.4164948}, "vals": {"XPIN/USDT": 3.32, "T/USDT": 31.56, "CLO/USDT": 22.54, "ARB/USDT": 5.46}}