{"set": ["ASTEROID/USDT", "BSB/USDT", "FARTCOIN/USDT", "LAB/USDT", "SKYAI/USDT", "SPACE/USDT", "UNI/USDT", "VELVET/USDT"], "left": {"BEAT/USDT": 1781580952.8928974, "JTO/USDT": 1781595363.2537274, "ENA/USDT": 1781596569.5204742, "SIREN/USDT": 1781597485.4952133, "WLFI/USDT": 1781597485.4952133}, "vals": {"ASTEROID/USDT": 27.15, "SPACE/USDT": 28.17, "VELVET/USDT": 13.84, "LAB/USDT": 7.79, "SKYAI/USDT": 7.91, "BSB/USDT": 30.86, "FARTCOIN/USDT": 5.81, "UNI/USDT": 5.63}}