{"set": ["AKE/USDT", "BANK/USDT", "KAITO/USDT", "TAC/USDT"], "left": {"CRO/USDT": 1784260880.8118584, "SKYAI/USDT": 1784269265.0068219, "ESPORTS/USDT": 1784272554.7914135, "US/USDT": 1784274962.0930705}, "vals": {"AKE/USDT": 4.61, "BANK/USDT": 3.15, "TAC/USDT": 16.76, "KAITO/USDT": 12.96}}