{"set": ["BEAT/USDT", "EPIC/USDT", "LAB/USDT", "SIREN/USDT", "UB/USDT"], "left": {"CLO/USDT": 1782003954.350042, "BTW/USDT": 1782012064.233977, "SLX/USDT": 1782012667.6009367, "EIGEN/USDT": 1782018075.8703148, "BEL/USDT": 1782018959.8330061, "ALICE/USDT": 1782018959.8330061, "ESPORTS/USDT": 1782023755.1606114}, "vals": {"UB/USDT": 15.16, "SIREN/USDT": 3.35, "LAB/USDT": 10.27, "EPIC/USDT": 12.17, "BEAT/USDT": 3.06}}