{"set": ["BIO/USDT", "CLO/USDT", "LAB/USDT", "SKYAI/USDT", "VELVET/USDT", "XLM/USDT"], "left": {"\u9f99\u867e/USDT": 1781794001.5678475, "AGT/USDT": 1781802703.5421944, "H/USDT": 1781811111.6969812, "FOLKS/USDT": 1781813494.8512738, "BTW/USDT": 1781814994.4188378}, "vals": {"VELVET/USDT": 48.66, "LAB/USDT": 31.82, "CLO/USDT": 16.15, "XLM/USDT": 4.27, "SKYAI/USDT": 6.24, "BIO/USDT": 8.18}}