{"set": ["BEAT/USDT", "CLO/USDT", "PEPE/USDT", "T/USDT", "VANRY/USDT", "VELVET/USDT"], "left": {"ENA/USDT": 1783850157.7283676, "SKYAI/USDT": 1783850492.040027, "B/USDT": 1783857087.3878386, "TAG/USDT": 1783869361.0187836}, "vals": {"PEPE/USDT": 3.33, "T/USDT": 11.14, "VELVET/USDT": 34.16, "VANRY/USDT": 13.89, "CLO/USDT": 4.01, "BEAT/USDT": 15.24}}