{"set": ["BEAT/USDT", "BTW/USDT", "ESPORTS/USDT", "FOLKS/USDT", "LAB/USDT", "VELVET/USDT"], "left": {"SKYAI/USDT": 1781818561.0220134, "AGT/USDT": 1781822466.085143, "XLM/USDT": 1781827299.6970115, "VIRTUAL/USDT": 1781827549.1006176, "FLOKI/USDT": 1781827549.1006176, "ENA/USDT": 1781827549.1006176, "MYX/USDT": 1781827549.1006176, "POL/USDT": 1781827549.1006176, "ASTEROID/USDT": 1781827549.1006176, "SEI/USDT": 1781827549.1006176, "FET/USDT": 1781827549.1006176, "SYN/USDT": 1781827549.1006176, "PENGU/USDT": 1781827549.1006176, "BIO/USDT": 1781832056.0748942, "CLO/USDT": 1781835055.7451491, "BSB/USDT": 1781838079.47991}, "vals": {"ESPORTS/USDT": 7.42, "VELVET/USDT": 4.22, "LAB/USDT": 4.16, "BTW/USDT": 11.95, "BEAT/USDT": 8.08, "FOLKS/USDT": 3.03}}