{"set": ["ESPORTS/USDT", "PI/USDT"], "left": {"BONK/USDT": 1784495464.7845154, "PEPE/USDT": 1784496063.9469194, "TLM/USDT": 1784505693.7150998, "KAITO/USDT": 1784505693.7150998, "BANK/USDT": 1784506264.8048582, "B/USDT": 1784506264.8048582, "PUMPFUN/USDT": 1784506264.8048582, "AKE/USDT": 1784512260.9563913, "HOME/USDT": 1784512553.7345924}, "vals": {"ESPORTS/USDT": 6.46, "PI/USDT": 3.56}}