{"set": ["AKE/USDT", "B/USDT", "BANK/USDT", "PUMPFUN/USDT"], "left": {"BILL/USDT": 1784486467.8048453, "BONK/USDT": 1784495464.7845154, "PEPE/USDT": 1784496063.9469194, "TLM/USDT": 1784505693.7150998, "PI/USDT": 1784505693.7150998, "KAITO/USDT": 1784505693.7150998, "HOME/USDT": 1784505693.7150998}, "vals": {"AKE/USDT": 4.53, "BANK/USDT": 39.25, "PUMPFUN/USDT": 18.19, "B/USDT": 16.25}}