{"set": ["ACT/USDT", "BAS/USDT", "MANTA/USDT", "O/USDT", "RAVE/USDT", "SLX/USDT", "UB/USDT", "VELVET/USDT"], "left": {"LAB/USDT": 1782682330.3504665, "POWR/USDT": 1782693061.7186444, "MAGIC/USDT": 1782693061.7186444, "BTW/USDT": 1782694552.992421, "AGLD/USDT": 1782698160.6993742, "SKYAI/USDT": 1782700551.8194292, "BEAT/USDT": 1782701760.3329859}, "vals": {"UB/USDT": 3.1, "BAS/USDT": 5.31, "VELVET/USDT": 8.97, "ACT/USDT": 6.64, "RAVE/USDT": 25.53, "MANTA/USDT": 3.21, "SLX/USDT": 5.32, "O/USDT": 3.02}}