{"set": ["LIT/USDT", "NES/USDT"], "left": {"TLM/USDT": 1783304157.2154553, "VANRY/USDT": 1783304157.2154553, "HMSTR/USDT": 1783314962.4727664, "EPIC/USDT": 1783317960.707354, "LAB/USDT": 1783319753.3504353, "VELVET/USDT": 1783321303.561082, "UB/USDT": 1783324281.655405}, "vals": {"NES/USDT": 5.44, "LIT/USDT": 5.98}}