{"set": ["AKE/USDT", "KAITO/USDT", "ONDO/USDT", "US/USDT"], "left": {"ESPORTS/USDT": 1784289361.5060365, "BILL/USDT": 1784291480.5933228, "BANK/USDT": 1784304368.301576}, "vals": {"AKE/USDT": 21.23, "US/USDT": 8.56, "KAITO/USDT": 3.67, "ONDO/USDT": 3.69}}