{"set": ["ALLO/USDT", "BEL/USDT", "BTW/USDT", "CLO/USDT", "ENA/USDT", "ID/USDT", "LAYER/USDT"], "left": {"DOGE/USDT": 1782137202.693339, "UB/USDT": 1782137510.7530808, "XRP/USDT": 1782137510.7530808, "ADA/USDT": 1782138403.9731681, "PEPE/USDT": 1782142915.8657644, "EIGEN/USDT": 1782147720.151777, "RESOLV/USDT": 1782148301.422766, "HMSTR/USDT": 1782150701.943051}, "vals": {"BTW/USDT": 16.16, "CLO/USDT": 31.66, "LAYER/USDT": 12.19, "BEL/USDT": 20.41, "ENA/USDT": 8.56, "ID/USDT": 21.93, "ALLO/USDT": 15.18}}