{"set": ["BEAT/USDT", "BEL/USDT", "RESOLV/USDT", "TNSR/USDT", "UB/USDT"], "left": {"SIREN/USDT": 1782054081.0560644, "LAB/USDT": 1782055871.3949046, "ENA/USDT": 1782058561.4018724, "EPIC/USDT": 1782063361.0904973}, "vals": {"UB/USDT": 46.65, "TNSR/USDT": 39.21, "RESOLV/USDT": 20.34, "BEL/USDT": 6.15, "BEAT/USDT": 5.11}}