{"set": ["NASDAQ:BOLD", "NASDAQ:GITS", "NASDAQ:HSCS", "NASDAQ:ICCM", "NASDAQ:ORIS", "NASDAQ:RDGT"], "left": {"NASDAQ:CRMT": 1782288090.9327595, "NASDAQ:CDT": 1782288090.9327595, "NASDAQ:SKYQ": 1782288090.9327595, "NASDAQ:EHGO": 1782288090.9327595, "NASDAQ:NXTS": 1782288090.9327595, "NASDAQ:SAGT": 1782288090.9327595}, "vals": {"NASDAQ:HSCS": 53.67, "NASDAQ:GITS": 21.52, "NASDAQ:BOLD": 71.43, "NASDAQ:RDGT": 62.04, "NASDAQ:ORIS": 32.64, "NASDAQ:ICCM": 10.62}}