{"set": ["LIT/USDT", "NES/USDT", "UB/USDT", "VELVET/USDT"], "left": {"SKYAI/USDT": 1783299952.0989566, "MIRA/USDT": 1783300558.3173487, "TLM/USDT": 1783304157.2154553, "VANRY/USDT": 1783304157.2154553, "HMSTR/USDT": 1783314962.4727664, "EPIC/USDT": 1783317960.707354, "LAB/USDT": 1783319753.3504353}, "vals": {"UB/USDT": 6.33, "NES/USDT": 6.88, "VELVET/USDT": 3.3, "LIT/USDT": 7.89}}