{"set": ["ACT/USDT", "BAS/USDT", "RAVE/USDT", "SLX/USDT", "UB/USDT", "VELVET/USDT"], "left": {"LAB/USDT": 1782682330.3504665, "POWR/USDT": 1782693061.7186444, "MAGIC/USDT": 1782693061.7186444, "BTW/USDT": 1782694552.992421, "AGLD/USDT": 1782698160.6993742, "SKYAI/USDT": 1782700551.8194292, "BEAT/USDT": 1782701760.3329859, "MANTA/USDT": 1782703264.1026807, "O/USDT": 1782703264.1026807}, "vals": {"UB/USDT": 4.41, "BAS/USDT": 5.57, "VELVET/USDT": 7.93, "ACT/USDT": 6.91, "RAVE/USDT": 22.24, "SLX/USDT": 4.25}}