{"set": ["CLO/USDT", "ESPORTS/USDT", "SKYAI/USDT", "XLM/USDT"], "left": {"BLESS/USDT": 1781732498.5417356, "CFX/USDT": 1781738757.260513, "BSB/USDT": 1781740871.493052, "ENA/USDT": 1781740871.493052, "SPX/USDT": 1781740871.493052, "AGT/USDT": 1781740871.493052, "XPL/USDT": 1781740871.493052, "ASTER/USDT": 1781740871.493052, "BEAT/USDT": 1781744158.7403486, "H/USDT": 1781745965.2106032, "SIREN/USDT": 1781747457.4126437}, "vals": {"ESPORTS/USDT": 27.64, "CLO/USDT": 8.87, "SKYAI/USDT": 6.18, "XLM/USDT": 6.38}}