{"set": ["AIGENSYN/USDT", "BTW/USDT", "CAP/USDT", "KAS/USDT", "MYX/USDT", "SYN/USDT", "XLM/USDT"], "left": {"GWEI/USDT": 1782784258.0603638, "ACT/USDT": 1782786351.228581, "BAS/USDT": 1782792959.6378183, "BEAT/USDT": 1782793259.0445502, "O/USDT": 1782797758.5825481, "VELVET/USDT": 1782799858.5735085}, "vals": {"KAS/USDT": 7.28, "AIGENSYN/USDT": 36.57, "BTW/USDT": 41.84, "CAP/USDT": 4.43, "MYX/USDT": 6.75, "XLM/USDT": 4.38, "SYN/USDT": 22.49}}