{"set": ["CLO/USDT", "ESPORTS/USDT", "ID/USDT", "LAYER/USDT", "RESOLV/USDT"], "left": {"BLESS/USDT": 1782181261.7121751, "H/USDT": 1782193564.0633771, "HMSTR/USDT": 1782194477.5189312}, "vals": {"RESOLV/USDT": 15.21, "ESPORTS/USDT": 16.03, "CLO/USDT": 19.42, "LAYER/USDT": 8.82, "ID/USDT": 4.26}}