{"set": ["BTW/USDT", "CLO/USDT", "FOLKS/USDT", "VELVET/USDT"], "left": {"LAB/USDT": 1781839260.977391, "BIO/USDT": 1781841958.741841, "BASED/USDT": 1781844062.1616166, "ESPORTS/USDT": 1781844956.9527075, "BSB/USDT": 1781854554.125682, "BEAT/USDT": 1781857891.4813442}, "vals": {"VELVET/USDT": 3.27, "BTW/USDT": 24.05, "CLO/USDT": 6.68, "FOLKS/USDT": 3.88}}