{"set": ["ALLO/USDT", "BEL/USDT", "BTW/USDT", "CLO/USDT", "ENA/USDT", "ID/USDT", "LAYER/USDT"], "left": {"DOGE/USDT": 1782137202.693339, "UB/USDT": 1782137510.7530808, "XRP/USDT": 1782137510.7530808, "ADA/USDT": 1782138403.9731681, "PEPE/USDT": 1782142915.8657644, "EIGEN/USDT": 1782147720.151777, "RESOLV/USDT": 1782148301.422766, "HMSTR/USDT": 1782150701.943051, "RE/USDT": 1782153397.2343817, "LAB/USDT": 1782154599.6206155}, "vals": {"BTW/USDT": 10.52, "CLO/USDT": 29.81, "LAYER/USDT": 12.85, "BEL/USDT": 19.75, "ENA/USDT": 6.62, "ID/USDT": 23.03, "ALLO/USDT": 13.82}}