{"set": ["ADA/USDT", "BIRB/USDT", "BREV/USDT", "ENA/USDT", "M/USDT", "PEPE/USDT"], "left": {"BASED/USDT": 1782969670.7670445, "LAB/USDT": 1782981670.6143816, "UB/USDT": 1782988568.046464, "SLX/USDT": 1782988872.3451953, "LIT/USDT": 1782989170.0508554, "BAS/USDT": 1782989475.0324442}, "vals": {"PEPE/USDT": 4.18, "BIRB/USDT": 65.42, "BREV/USDT": 38.1, "M/USDT": 15.6, "ADA/USDT": 3.38, "ENA/USDT": 8.27}}