{"set": ["ASTEROID/USDT", "BSB/USDT", "FARTCOIN/USDT", "H/USDT", "JTO/USDT", "LAB/USDT", "SKYAI/USDT", "SPACE/USDT", "UNI/USDT", "VELVET/USDT", "\u9f99\u867e/USDT"], "left": {"ZRO/USDT": 1781607718.8485653, "CHIP/USDT": 1781613111.0452197, "ENA/USDT": 1781615200.7178867, "OPG/USDT": 1781623605.6902158, "XLM/USDT": 1781625741.3454776}, "vals": {"ASTEROID/USDT": 22.69, "SPACE/USDT": 12.27, "\u9f99\u867e/USDT": 44.01, "VELVET/USDT": 4.56, "LAB/USDT": 35.16, "H/USDT": 3.48, "SKYAI/USDT": 23.01, "BSB/USDT": 55.49, "JTO/USDT": 11.38, "UNI/USDT": 8.97, "FARTCOIN/USDT": 4.29}}