{"set": ["BEAT/USDT", "RESOLV/USDT", "TNSR/USDT", "UB/USDT", "WLFI/USDT"], "left": {"SIREN/USDT": 1782054081.0560644, "LAB/USDT": 1782055871.3949046, "ENA/USDT": 1782058561.4018724, "EPIC/USDT": 1782063361.0904973, "BEL/USDT": 1782066356.4676614}, "vals": {"UB/USDT": 48.73, "TNSR/USDT": 41.12, "RESOLV/USDT": 21.22, "WLFI/USDT": 3.14, "BEAT/USDT": 3.32}}