{"set": ["ASTER/USDT", "BSB/USDT", "ESPORTS/USDT", "SIREN/USDT", "SPX/USDT", "XLM/USDT"], "left": {"EVAA/USDT": 1781680868.9426517, "LAB/USDT": 1781682667.3037412, "BR/USDT": 1781692290.6848204, "\u9f99\u867e/USDT": 1781693503.6220849, "UNI/USDT": 1781694395.6005182, "BTW/USDT": 1781698600.7979114, "ENA/USDT": 1781698902.5876386}, "vals": {"SIREN/USDT": 13.44, "ESPORTS/USDT": 49.54, "SPX/USDT": 10.39, "ASTER/USDT": 11.93, "BSB/USDT": 6.56, "XLM/USDT": 3.65}}