{"set": ["BIO/USDT", "BTW/USDT", "CLO/USDT", "H/USDT", "LAB/USDT", "SKYAI/USDT", "XLM/USDT"], "left": {"ESPORTS/USDT": 1781770868.3157644, "AGT/USDT": 1781780578.2122939, "SIREN/USDT": 1781781403.490746, "HOME/USDT": 1781782903.1298974}, "vals": {"LAB/USDT": 21.06, "BTW/USDT": 4.07, "CLO/USDT": 25.03, "H/USDT": 11.56, "XLM/USDT": 4.85, "SKYAI/USDT": 11.78, "BIO/USDT": 4.0}}