{"set": ["BLUR/USDT", "OPG/USDT", "TAC/USDT", "TLM/USDT", "WLFI/USDT"], "left": {"NES/USDT": 1783428691.6485453, "M/USDT": 1783429313.8417206, "VANRY/USDT": 1783430493.8190887}, "vals": {"BLUR/USDT": 10.7, "OPG/USDT": 7.29, "TAC/USDT": 50.75, "WLFI/USDT": 3.58, "TLM/USDT": 3.29}}