{"set": ["BTW/USDT", "LAB/USDT", "O/USDT", "RAVE/USDT", "UB/USDT", "WIF/USDT"], "left": {"BAS/USDT": 1782632469.004419, "SLX/USDT": 1782639721.6716003, "BEAT/USDT": 1782640559.905485, "VELVET/USDT": 1782643860.3154302}, "vals": {"UB/USDT": 13.21, "LAB/USDT": 3.12, "RAVE/USDT": 22.37, "BTW/USDT": 3.44, "O/USDT": 18.85, "WIF/USDT": 5.66}}