{"set": ["RIF/USDT"], "left": {"ONDO/USDT": 1784762466.1418607, "ENA/USDT": 1784764885.4666567, "LAB/USDT": 1784764885.4666567, "US/USDT": 1784764885.4666567, "ZAMA/USDT": 1784767858.7784984, "NIGHT/USDT": 1784767858.7784984, "MIRA/USDT": 1784768153.5253203, "RE/USDT": 1784771754.1040137, "AKE/USDT": 1784772960.9248707, "ERA/USDT": 1784774756.7375295, "BANK/USDT": 1784775350.379347}, "vals": {"RIF/USDT": 18.01}}