{"set": ["KAITO/USDT", "SKYAI/USDT", "TAG/USDT", "VANRY/USDT"], "left": {"CLO/USDT": 1783587968.868174, "POWER/USDT": 1783589763.6256015, "UNI/USDT": 1783592763.5796893, "ENA/USDT": 1783592763.5796893, "EDGEX/USDT": 1783603011.964125}, "vals": {"TAG/USDT": 66.21, "VANRY/USDT": 11.2, "SKYAI/USDT": 9.31, "KAITO/USDT": 3.95}}