{"set": ["BAS/USDT", "BASED/USDT", "BTW/USDT", "H/USDT", "M/USDT", "RE/USDT", "XLM/USDT"], "left": {"VELVET/USDT": 1782858063.506421, "TAC/USDT": 1782866152.8073266, "BEAT/USDT": 1782867058.0822861, "TAIKO/USDT": 1782867955.2676673, "AIGENSYN/USDT": 1782870962.4996216}, "vals": {"BAS/USDT": 3.38, "BTW/USDT": 19.77, "BASED/USDT": 3.28, "M/USDT": 6.39, "XLM/USDT": 6.05, "RE/USDT": 7.14, "H/USDT": 3.89}}