{"set": ["BAS/USDT", "LAB/USDT", "O/USDT", "SLX/USDT"], "left": {"G/USDT": 1782302490.2419248, "BLESS/USDT": 1782306969.3825095, "CLO/USDT": 1782310571.6127245, "BEL/USDT": 1782312703.391626}, "vals": {"BAS/USDT": 32.73, "LAB/USDT": 22.47, "SLX/USDT": 17.37, "O/USDT": 22.38}}