{"set": ["AGT/USDT", "ASTER/USDT", "BTW/USDT", "ENA/USDT", "ESPORTS/USDT", "SPX/USDT", "XLM/USDT", "XPL/USDT"], "left": {"\u9f99\u867e/USDT": 1781693503.6220849, "UNI/USDT": 1781694395.6005182, "BR/USDT": 1781704931.8404937, "SIREN/USDT": 1781706106.1390588, "BSB/USDT": 1781712126.3949327, "BLESS/USDT": 1781713914.9922385}, "vals": {"AGT/USDT": 100.48, "ESPORTS/USDT": 32.74, "SPX/USDT": 15.57, "ASTER/USDT": 19.8, "BTW/USDT": 6.45, "XPL/USDT": 32.06, "ENA/USDT": 9.83, "XLM/USDT": 4.94}}