{"set": ["BAS/USDT", "BEAT/USDT", "BEL/USDT", "IP/USDT", "LAB/USDT", "RESOLV/USDT", "SKYAI/USDT", "SLX/USDT"], "left": {"BLESS/USDT": 1782388917.2101676, "XPL/USDT": 1782404195.4882438, "H/USDT": 1782406300.4531302, "WLFI/USDT": 1782406596.8579862}, "vals": {"BAS/USDT": 3.37, "SLX/USDT": 16.71, "LAB/USDT": 14.76, "RESOLV/USDT": 11.06, "SKYAI/USDT": 10.0, "BEAT/USDT": 22.56, "IP/USDT": 6.78, "BEL/USDT": 11.98}}