{"set": ["ALICE/USDT", "EIGEN/USDT", "EPIC/USDT", "SLX/USDT"], "left": {"BEAT/USDT": 1781987474.5337448, "BICO/USDT": 1782000069.9734209, "GALA/USDT": 1782000069.9734209, "LAB/USDT": 1782000069.9734209, "BEL/USDT": 1782003355.8145847, "BTW/USDT": 1782003672.5144403, "CLO/USDT": 1782003954.350042, "ESPORTS/USDT": 1782005154.1113076}, "vals": {"SLX/USDT": 13.32, "EIGEN/USDT": 3.73, "EPIC/USDT": 4.84, "ALICE/USDT": 19.5}}