{"set": ["ARB/USDT", "CLO/USDT", "T/USDT"], "left": {"SKYAI/USDT": 1783782026.1493845, "BEAT/USDT": 1783782026.1493845, "ENA/USDT": 1783782678.6023226, "HMSTR/USDT": 1783783887.6966646, "ADA/USDT": 1783787155.4164948, "XPIN/USDT": 1783791690.6547346}, "vals": {"T/USDT": 33.08, "CLO/USDT": 22.85, "ARB/USDT": 4.48}}