{"set": ["AKE/USDT", "BANK/USDT", "ENA/USDT", "LAB/USDT", "MIRA/USDT", "RE/USDT", "US/USDT"], "left": {"ONDO/USDT": 1784740923.4816012, "ADA/USDT": 1784742701.6604655, "ERA/USDT": 1784744496.099978, "BONK/USDT": 1784745117.2059247}, "vals": {"AKE/USDT": 3.15, "BANK/USDT": 23.6, "US/USDT": 8.49, "LAB/USDT": 11.2, "RE/USDT": 24.62, "ENA/USDT": 7.07, "MIRA/USDT": 15.04}}