{"set": ["CLO/USDT", "EDGEX/USDT", "KAITO/USDT", "LDO/USDT", "NES/USDT", "SLX/USDT"], "left": {"TLM/USDT": 1783501304.8034737, "VANRY/USDT": 1783510888.179123, "EVAA/USDT": 1783516914.2725005, "VELVET/USDT": 1783520793.9343097}, "vals": {"EDGEX/USDT": 42.76, "NES/USDT": 4.87, "CLO/USDT": 6.54, "KAITO/USDT": 5.94, "LDO/USDT": 9.69, "SLX/USDT": 9.69}}