{"NASDAQ:PPCB": 1781391152.6628368, "NASDAQ:RKDA": 1781391152.6628368, "NASDAQ:VRA": 1781391152.6628368, "NASDAQ:GLXG": 1781391152.6628368, "AMEX:TMDE": 1781391152.6628368, "NASDAQ:MTEN": 1781391152.6628368}