{"set": ["ASTEROID/USDT", "BSB/USDT", "CLO/USDT", "ESPORTS/USDT", "EVAA/USDT", "JTO/USDT", "SIREN/USDT", "XLM/USDT", "XRP/USDT", "ZRO/USDT"], "left": {"ADA/USDT": 1781542302.2382748, "WLFI/USDT": 1781545603.9212775, "CHIP/USDT": 1781550146.310581, "PEPE/USDT": 1781551306.9101093, "ENA/USDT": 1781560892.3096526, "FARTCOIN/USDT": 1781562369.5543702}, "vals": {"ASTEROID/USDT": 84.06, "SIREN/USDT": 6.39, "EVAA/USDT": 69.29, "ESPORTS/USDT": 4.53, "CLO/USDT": 9.34, "XRP/USDT": 5.19, "ZRO/USDT": 17.01, "XLM/USDT": 13.34, "JTO/USDT": 31.88, "BSB/USDT": 33.34}}