{"set": ["BEL/USDT", "CLO/USDT", "LAB/USDT", "O/USDT", "SLX/USDT"], "left": {"BTW/USDT": 1782288361.8589675, "BEAT/USDT": 1782288361.8589675, "G/USDT": 1782302490.2419248, "BLESS/USDT": 1782306969.3825095}, "vals": {"LAB/USDT": 18.6, "CLO/USDT": 3.46, "SLX/USDT": 16.65, "O/USDT": 18.78, "BEL/USDT": 3.89}}