{"set": ["CLO/USDT", "ESPORTS/USDT", "FOLKS/USDT", "LAYER/USDT", "RESOLV/USDT"], "left": {"H/USDT": 1782193564.0633771, "HMSTR/USDT": 1782194477.5189312, "ID/USDT": 1782203167.1947546, "BEL/USDT": 1782203478.1150124, "MMT/USDT": 1782204371.9619765}, "vals": {"RESOLV/USDT": 10.02, "ESPORTS/USDT": 13.52, "CLO/USDT": 14.66, "LAYER/USDT": 11.18, "FOLKS/USDT": 4.52}}