{"set": ["BANK/USDT", "BEAT/USDT", "ESPORTS/USDT", "HOME/USDT", "RE/USDT", "US/USDT"], "left": {"AKE/USDT": 1784874371.8867524, "B/USDT": 1784882779.672737, "VELVET/USDT": 1784885495.9429264, "ERA/USDT": 1784885777.316619}, "vals": {"BANK/USDT": 5.68, "HOME/USDT": 9.81, "ESPORTS/USDT": 3.69, "US/USDT": 12.11, "RE/USDT": 13.08, "BEAT/USDT": 16.84}}