{"set": ["ASTEROID/USDT", "BSB/USDT", "JTO/USDT", "LAB/USDT", "SKYAI/USDT", "SPACE/USDT", "UNI/USDT"], "left": {"ZRO/USDT": 1781607718.8485653, "CHIP/USDT": 1781613111.0452197, "ENA/USDT": 1781615200.7178867, "VELVET/USDT": 1781619706.3217, "OPG/USDT": 1781619706.3217, "FARTCOIN/USDT": 1781619706.3217, "XLM/USDT": 1781620322.2529259}, "vals": {"ASTEROID/USDT": 27.46, "SPACE/USDT": 15.58, "LAB/USDT": 37.07, "SKYAI/USDT": 22.64, "BSB/USDT": 45.58, "JTO/USDT": 14.66, "UNI/USDT": 3.83}}