{"set": ["GUA/USDT", "M/USDT", "MAGMA/USDT", "TLM/USDT"], "left": {"BREV/USDT": 1783038066.7766657, "BIRB/USDT": 1783038354.533128, "BASED/USDT": 1783040754.4473329, "SKYAI/USDT": 1783042550.1302118, "TAIKO/USDT": 1783045553.4454162, "TAC/USDT": 1783047063.9617968, "ADA/USDT": 1783051553.579309, "NFP/USDT": 1783054882.8246603, "VELVET/USDT": 1783057559.6459973, "US/USDT": 1783059362.9919212}, "vals": {"M/USDT": 9.85, "GUA/USDT": 7.54, "TLM/USDT": 20.39, "MAGMA/USDT": 4.53}}