{"set": ["AKE/USDT", "BEAT/USDT", "PUMP/USDT", "RAVE/USDT", "US/USDT"], "left": {"KAITO/USDT": 1784117169.435723, "PEPE/USDT": 1784123508.6452532, "PI/USDT": 1784127397.6196728, "BSB/USDT": 1784133132.2227702, "VANRY/USDT": 1784135534.3544176}, "vals": {"AKE/USDT": 239.52, "PUMP/USDT": 10.71, "US/USDT": 32.5, "RAVE/USDT": 13.25, "BEAT/USDT": 5.51}}