{"set": ["ASTEROID/USDT", "BSB/USDT", "FARTCOIN/USDT", "JTO/USDT", "LAB/USDT", "SKYAI/USDT", "SPACE/USDT", "UNI/USDT", "VELVET/USDT", "\u9f99\u867e/USDT"], "left": {"ZRO/USDT": 1781607718.8485653, "CHIP/USDT": 1781613111.0452197, "ENA/USDT": 1781615200.7178867, "OPG/USDT": 1781623605.6902158, "XLM/USDT": 1781624809.4719107, "H/USDT": 1781625107.3728743}, "vals": {"ASTEROID/USDT": 22.07, "SPACE/USDT": 14.69, "\u9f99\u867e/USDT": 38.97, "VELVET/USDT": 4.19, "LAB/USDT": 41.06, "SKYAI/USDT": 21.29, "BSB/USDT": 45.84, "JTO/USDT": 10.31, "UNI/USDT": 6.75, "FARTCOIN/USDT": 4.04}}