{"set": ["CLO/USDT", "T/USDT", "XPIN/USDT"], "left": {"ENA/USDT": 1783801277.7370703, "ADA/USDT": 1783801277.7370703, "ARB/USDT": 1783812358.1646605}, "vals": {"XPIN/USDT": 3.53, "T/USDT": 36.24, "CLO/USDT": 27.43}}