{"set": ["BIO/USDT", "CLO/USDT", "FOLKS/USDT", "LAB/USDT", "VELVET/USDT", "XLM/USDT"], "left": {"HOME/USDT": 1781787725.655748, "\u9f99\u867e/USDT": 1781794001.5678475, "AGT/USDT": 1781802703.5421944, "H/USDT": 1781803907.6361732, "BTW/USDT": 1781806601.9071543, "SKYAI/USDT": 1781806901.0792975}, "vals": {"VELVET/USDT": 59.39, "LAB/USDT": 28.88, "CLO/USDT": 10.43, "XLM/USDT": 3.92, "FOLKS/USDT": 5.4, "BIO/USDT": 5.47}}