{"set": ["NASDAQ:APWC", "NASDAQ:BYAH", "NASDAQ:CAST", "NASDAQ:CDT", "NASDAQ:CRVO", "NASDAQ:CTNT", "NASDAQ:LNKS"], "left": {"AMEX:LPA": 1782116467.9643788, "NASDAQ:BIRD": 1782116467.9643788, "NASDAQ:ATPC": 1782116467.9643788, "NASDAQ:WOK": 1782116467.9643788, "NASDAQ:WPRT": 1782116467.9643788}, "vals": {"NASDAQ:APWC": 38.13, "NASDAQ:CDT": 93.36, "NASDAQ:LNKS": 86.88, "NASDAQ:CTNT": 21.14, "NASDAQ:CRVO": 22.83, "NASDAQ:CAST": 131.26, "NASDAQ:BYAH": 38.33}}