{"set": ["EPIC/USDT", "NES/USDT", "TLM/USDT"], "left": {"LIT/USDT": 1783382508.6813967, "US/USDT": 1783383355.9862242, "BILL/USDT": 1783383355.9862242, "BLUR/USDT": 1783383355.9862242, "HMSTR/USDT": 1783383355.9862242, "TRIA/USDT": 1783383355.9862242, "ANSEM/USDT": 1783383355.9862242, "VANRY/USDT": 1783397752.7334, "LAB/USDT": 1783404096.8142667}, "vals": {"NES/USDT": 3.45, "TLM/USDT": 14.59, "EPIC/USDT": 20.33}}