{"set": ["ASTEROID/USDT", "BEAT/USDT", "BEL/USDT", "BICO/USDT", "BTW/USDT", "CLO/USDT", "EIGEN/USDT", "ESPORTS/USDT"], "left": {"SKYAI/USDT": 1781911872.545053, "SYN/USDT": 1781913954.9455822, "BLESS/USDT": 1781913954.9455822, "BASED/USDT": 1781915763.145682, "LAB/USDT": 1781916662.773172, "HEI/USDT": 1781924153.5218754, "BSB/USDT": 1781931963.2144213, "UB/USDT": 1781932863.1740744}, "vals": {"ASTEROID/USDT": 10.93, "BTW/USDT": 6.8, "ESPORTS/USDT": 4.93, "BEL/USDT": 8.22, "CLO/USDT": 8.9, "BEAT/USDT": 4.36, "EIGEN/USDT": 9.04, "BICO/USDT": 6.29}}