{"set": ["ARB/USDT", "CLO/USDT", "T/USDT"], "left": {"SKYAI/USDT": 1783782026.1493845, "BEAT/USDT": 1783782026.1493845, "ENA/USDT": 1783782678.6023226, "HMSTR/USDT": 1783783887.6966646, "ADA/USDT": 1783787155.4164948, "XPIN/USDT": 1783790489.1626139}, "vals": {"T/USDT": 34.51, "CLO/USDT": 21.77, "ARB/USDT": 4.85}}