{"set": ["ASTEROID/USDT", "CHIP/USDT", "CLO/USDT", "ESPORTS/USDT", "EVAA/USDT", "JELLYJELLY/USDT", "SIREN/USDT", "TRADOOR/USDT"], "left": {"LAB/USDT": 1781486463.1124449, "OPG/USDT": 1781488257.9583573, "VELVET/USDT": 1781493062.1771092, "H/USDT": 1781499688.6071773, "BEAT/USDT": 1781503571.7424152, "ENA/USDT": 1781503867.7316256, "SKYAI/USDT": 1781503867.7316256, "WLFI/USDT": 1781506271.419499, "JCT/USDT": 1781506886.7002296}, "vals": {"ASTEROID/USDT": 84.73, "SIREN/USDT": 8.73, "CHIP/USDT": 16.45, "ESPORTS/USDT": 11.49, "JELLYJELLY/USDT": 18.45, "EVAA/USDT": 19.6, "CLO/USDT": 36.05, "TRADOOR/USDT": 16.27}}