{"set": ["BEAT/USDT", "BTW/USDT", "ESPORTS/USDT", "LAB/USDT", "SPACE/USDT", "UNI/USDT", "XLM/USDT"], "left": {"SPX/USDT": 1781654485.207243, "JTO/USDT": 1781654485.207243, "ASTEROID/USDT": 1781654485.207243, "LUNC/USDT": 1781654750.7251735, "BLESS/USDT": 1781654750.7251735, "VELVET/USDT": 1781654750.7251735, "BSB/USDT": 1781655354.1214187, "EVAA/USDT": 1781655959.2465234, "BR/USDT": 1781660456.923042, "H/USDT": 1781668262.6370485, "\u9f99\u867e/USDT": 1781669166.0623226, "SKYAI/USDT": 1781669465.9265976}, "vals": {"SPACE/USDT": 3.25, "LAB/USDT": 6.48, "BTW/USDT": 17.91, "ESPORTS/USDT": 13.42, "BEAT/USDT": 15.21, "XLM/USDT": 4.32, "UNI/USDT": 6.63}}