{"set": ["BILL/USDT", "ESPORTS/USDT", "LRC/USDT"], "left": {"ONDO/USDT": 1784318797.1005747, "ADA/USDT": 1784332881.7501092, "US/USDT": 1784332881.7501092, "XEC/USDT": 1784333454.8118052, "AKE/USDT": 1784335257.1391053, "BANK/USDT": 1784337054.9696953}, "vals": {"BILL/USDT": 3.5, "ESPORTS/USDT": 9.6, "LRC/USDT": 4.44}}