{"set": ["BTW/USDT", "CLO/USDT", "ESPORTS/USDT", "H/USDT", "LAB/USDT", "SKYAI/USDT"], "left": {"MEGA/USDT": 1781430421.0614576, "COAI/USDT": 1781430726.673498, "XPL/USDT": 1781434933.697731, "VELVET/USDT": 1781444792.1403408, "JCT/USDT": 1781446321.9346998}, "vals": {"ESPORTS/USDT": 13.39, "H/USDT": 8.37, "BTW/USDT": 4.16, "CLO/USDT": 29.94, "LAB/USDT": 6.06, "SKYAI/USDT": 3.89}}