{"set": ["ACE/USDT", "AVAAI/USDT", "BANK/USDT", "ESPORTS/USDT", "PI/USDT"], "left": {"TLM/USDT": 1784505693.7150998, "B/USDT": 1784506264.8048582, "PUMPFUN/USDT": 1784506264.8048582, "AKE/USDT": 1784512260.9563913, "PEPE/USDT": 1784517062.9586895, "HOME/USDT": 1784518978.3080316, "KAITO/USDT": 1784522459.8047664}, "vals": {"BANK/USDT": 15.96, "ESPORTS/USDT": 12.22, "AVAAI/USDT": 9.92, "PI/USDT": 4.21, "ACE/USDT": 12.69}}