{"set": ["ACT/USDT", "AGLD/USDT", "BEAT/USDT", "O/USDT", "RAVE/USDT", "RE/USDT", "TAC/USDT", "UB/USDT"], "left": {"WIF/USDT": 1782748298.6996446, "GWEI/USDT": 1782751299.420819, "ADA/USDT": 1782755498.7968976, "ENA/USDT": 1782758799.5168116}, "vals": {"TAC/USDT": 170.16, "UB/USDT": 43.12, "RAVE/USDT": 34.29, "ACT/USDT": 16.18, "O/USDT": 10.14, "RE/USDT": 30.42, "BEAT/USDT": 3.38, "AGLD/USDT": 21.29}}