{"set": ["CLO/USDT", "EDGEX/USDT", "EVAA/USDT", "KAITO/USDT", "LDO/USDT", "SLX/USDT"], "left": {"TLM/USDT": 1783501304.8034737, "VANRY/USDT": 1783510888.179123, "VELVET/USDT": 1783520793.9343097, "NES/USDT": 1783521996.1460087}, "vals": {"EDGEX/USDT": 9.51, "CLO/USDT": 4.12, "KAITO/USDT": 5.75, "EVAA/USDT": 9.74, "LDO/USDT": 7.28, "SLX/USDT": 9.12}}