{"set": ["BTW/USDT", "NES/USDT", "TLM/USDT", "VANRY/USDT"], "left": {"M/USDT": 1783247485.2696817, "HMSTR/USDT": 1783247756.0110407, "WLFI/USDT": 1783255563.6762834, "LAB/USDT": 1783257675.1220028}, "vals": {"VANRY/USDT": 28.12, "BTW/USDT": 26.83, "NES/USDT": 11.43, "TLM/USDT": 7.88}}