{"set": ["BIO/USDT", "CLO/USDT", "FOLKS/USDT", "LAB/USDT", "VELVET/USDT"], "left": {"HOME/USDT": 1781787725.655748, "\u9f99\u867e/USDT": 1781794001.5678475, "AGT/USDT": 1781802703.5421944, "H/USDT": 1781803907.6361732, "XLM/USDT": 1781804804.361622, "BTW/USDT": 1781806601.9071543, "SKYAI/USDT": 1781806901.0792975}, "vals": {"VELVET/USDT": 62.82, "LAB/USDT": 29.2, "CLO/USDT": 11.49, "FOLKS/USDT": 6.11, "BIO/USDT": 4.23}}