{"set": ["EDGEX/USDT", "EVAA/USDT", "LAB/USDT"], "left": {"OPG/USDT": 1783468890.0904126, "NES/USDT": 1783468890.0904126, "BLUR/USDT": 1783469755.6902192, "TLM/USDT": 1783470958.6890893, "US/USDT": 1783471877.3868983}, "vals": {"LAB/USDT": 14.61, "EDGEX/USDT": 4.41, "EVAA/USDT": 4.84}}