{"set": ["ALLO/USDT", "BEL/USDT", "BTW/USDT", "CLO/USDT", "EIGEN/USDT", "ENA/USDT", "ID/USDT", "LAYER/USDT", "RESOLV/USDT"], "left": {"HMSTR/USDT": 1782124881.5059009, "DOGE/USDT": 1782137202.693339, "UB/USDT": 1782137510.7530808, "XRP/USDT": 1782137510.7530808, "ADA/USDT": 1782138403.9731681, "PEPE/USDT": 1782140211.7041087}, "vals": {"BTW/USDT": 47.81, "RESOLV/USDT": 3.46, "CLO/USDT": 29.3, "LAYER/USDT": 18.03, "ENA/USDT": 10.52, "BEL/USDT": 23.8, "ID/USDT": 19.07, "EIGEN/USDT": 13.54, "ALLO/USDT": 18.82}}