{"set": ["BEAT/USDT", "BEL/USDT", "RESOLV/USDT", "TNSR/USDT", "UB/USDT", "WLFI/USDT"], "left": {"SIREN/USDT": 1782054081.0560644, "LAB/USDT": 1782055871.3949046, "ENA/USDT": 1782058561.4018724, "EPIC/USDT": 1782063361.0904973, "ESPORTS/USDT": 1782075075.4181252}, "vals": {"UB/USDT": 52.1, "TNSR/USDT": 47.59, "RESOLV/USDT": 7.95, "WLFI/USDT": 3.97, "BEL/USDT": 8.1, "BEAT/USDT": 4.25}}