{"set": ["ADA/USDT", "ARB/USDT", "CLO/USDT", "ENA/USDT", "T/USDT"], "left": {"SKYAI/USDT": 1783782026.1493845, "BEAT/USDT": 1783782026.1493845, "HMSTR/USDT": 1783783887.6966646, "XPIN/USDT": 1783791690.6547346}, "vals": {"T/USDT": 30.8, "CLO/USDT": 28.83, "ENA/USDT": 3.56, "ADA/USDT": 3.0, "ARB/USDT": 5.01}}