{"set": ["BAS/USDT", "BEAT/USDT", "G/USDT", "H/USDT", "SKYAI/USDT", "SLX/USDT", "TNSR/USDT", "UB/USDT"], "left": {"ESPORTS/USDT": 1782448274.1921105, "BTW/USDT": 1782451870.6836007, "LAB/USDT": 1782456664.1921847, "PUMP/USDT": 1782461769.381446}, "vals": {"G/USDT": 7.92, "UB/USDT": 21.07, "BAS/USDT": 3.73, "SLX/USDT": 7.23, "BEAT/USDT": 14.99, "SKYAI/USDT": 12.23, "H/USDT": 4.94, "TNSR/USDT": 3.2}}