{"set": ["CLO/USDT", "ESPORTS/USDT", "FOLKS/USDT", "LAYER/USDT", "MMT/USDT", "RESOLV/USDT"], "left": {"BLESS/USDT": 1782181261.7121751, "H/USDT": 1782193564.0633771, "HMSTR/USDT": 1782194477.5189312, "BEL/USDT": 1782201065.6975532, "ID/USDT": 1782201065.6975532}, "vals": {"RESOLV/USDT": 17.0, "MMT/USDT": 3.98, "ESPORTS/USDT": 15.8, "CLO/USDT": 18.13, "LAYER/USDT": 6.84, "FOLKS/USDT": 4.31}}