{"set": ["CLO/USDT", "ESPORTS/USDT", "H/USDT", "LAB/USDT", "SIREN/USDT", "SKYAI/USDT", "XLM/USDT"], "left": {"CFX/USDT": 1781738757.260513, "BSB/USDT": 1781740871.493052, "SPX/USDT": 1781740871.493052, "AGT/USDT": 1781740871.493052, "XPL/USDT": 1781740871.493052, "ASTER/USDT": 1781740871.493052, "BEAT/USDT": 1781744158.7403486, "ENA/USDT": 1781750162.3179739, "BIO/USDT": 1781754965.8192444}, "vals": {"ESPORTS/USDT": 9.03, "SIREN/USDT": 3.45, "LAB/USDT": 5.95, "CLO/USDT": 9.35, "H/USDT": 5.11, "SKYAI/USDT": 9.28, "XLM/USDT": 3.42}}