{"set": ["AKE/USDT", "LAB/USDT", "US/USDT"], "left": {"BANK/USDT": 1784698861.5060885, "ERA/USDT": 1784709355.070792}, "vals": {"AKE/USDT": 5.21, "US/USDT": 10.2, "LAB/USDT": 10.97}}