{"set": ["BTW/USDT", "CLO/USDT", "FOLKS/USDT", "HEI/USDT"], "left": {"BASED/USDT": 1781844062.1616166, "ESPORTS/USDT": 1781844956.9527075, "VELVET/USDT": 1781861480.8552368, "BEAT/USDT": 1781862711.2695851, "BSB/USDT": 1781863571.2531943}, "vals": {"BTW/USDT": 29.43, "CLO/USDT": 5.3, "FOLKS/USDT": 4.37, "HEI/USDT": 54.43}}