{"set": ["ADA/USDT", "BTW/USDT", "CLO/USDT", "EIGEN/USDT", "ENA/USDT", "ID/USDT", "UB/USDT"], "left": {"RESOLV/USDT": 1782106571.7805967, "TNSR/USDT": 1782107467.06685, "BEAT/USDT": 1782109558.5650342, "BEL/USDT": 1782114365.9663596}, "vals": {"UB/USDT": 29.81, "BTW/USDT": 24.25, "CLO/USDT": 31.11, "ENA/USDT": 7.8, "ADA/USDT": 3.13, "EIGEN/USDT": 11.28, "ID/USDT": 24.46}}