{"set": ["AKE/USDT", "BANK/USDT"], "left": {"CRO/USDT": 1784260880.8118584, "SKYAI/USDT": 1784269265.0068219, "ESPORTS/USDT": 1784272554.7914135, "US/USDT": 1784274962.0930705, "TAC/USDT": 1784275556.5844533, "KAITO/USDT": 1784277658.4302492}, "vals": {"AKE/USDT": 9.65, "BANK/USDT": 5.12}}