{"set": ["BTW/USDT", "ESPORTS/USDT", "LAB/USDT"], "left": {"MEGA/USDT": 1781430421.0614576, "JCT/USDT": 1781430726.673498, "COAI/USDT": 1781430726.673498, "SKYAI/USDT": 1781434601.3338828, "XPL/USDT": 1781434933.697731, "H/USDT": 1781443305.373017, "VELVET/USDT": 1781444792.1403408}, "vals": {"ESPORTS/USDT": 13.43, "BTW/USDT": 4.09, "LAB/USDT": 4.61}}