{"set": ["H/USDT", "SKYAI/USDT", "UNI/USDT", "XLM/USDT"], "left": {"FARTCOIN/USDT": 1781640126.1878064, "ENA/USDT": 1781643962.4595675, "LAB/USDT": 1781654485.207243, "\u9f99\u867e/USDT": 1781654485.207243, "SPX/USDT": 1781654485.207243, "JTO/USDT": 1781654485.207243, "SPACE/USDT": 1781654485.207243, "ASTEROID/USDT": 1781654485.207243, "LUNC/USDT": 1781654750.7251735, "BLESS/USDT": 1781654750.7251735, "VELVET/USDT": 1781654750.7251735, "BSB/USDT": 1781655354.1214187, "EVAA/USDT": 1781655959.2465234, "BEAT/USDT": 1781656267.9323273, "BR/USDT": 1781660456.923042}, "vals": {"H/USDT": 4.69, "SKYAI/USDT": 4.24, "XLM/USDT": 3.4, "UNI/USDT": 5.14}}