{"set": ["EDGEX/USDT", "EVAA/USDT", "KAITO/USDT", "SLX/USDT", "UNI/USDT", "VANRY/USDT"], "left": {"VELVET/USDT": 1783520793.9343097, "CLO/USDT": 1783526794.2447305, "LDO/USDT": 1783535191.2500618, "NES/USDT": 1783538791.0685933}, "vals": {"EDGEX/USDT": 5.07, "VANRY/USDT": 17.36, "KAITO/USDT": 7.18, "EVAA/USDT": 3.54, "SLX/USDT": 8.61, "UNI/USDT": 4.11}}