{"set": ["BEAT/USDT", "T/USDT", "VANRY/USDT", "VELVET/USDT"], "left": {"TAG/USDT": 1783875090.831881, "CLO/USDT": 1783889492.2937, "PEPE/USDT": 1783890961.1996794}, "vals": {"T/USDT": 18.95, "VELVET/USDT": 9.02, "VANRY/USDT": 11.85, "BEAT/USDT": 11.07}}