{"set": ["BTW/USDT", "CLO/USDT", "EIGEN/USDT", "ENA/USDT", "UB/USDT"], "left": {"LAB/USDT": 1782090977.8595104, "ADA/USDT": 1782092158.0058637, "RESOLV/USDT": 1782106571.7805967, "TNSR/USDT": 1782107467.06685, "BEAT/USDT": 1782109558.5650342, "BEL/USDT": 1782111064.997008}, "vals": {"UB/USDT": 21.82, "BTW/USDT": 21.65, "CLO/USDT": 30.75, "ENA/USDT": 7.9, "EIGEN/USDT": 13.36}}