{"set": ["CHIP/USDT", "CLO/USDT", "ESPORTS/USDT", "EVAA/USDT", "H/USDT", "JCT/USDT", "JELLYJELLY/USDT", "SIREN/USDT", "SKYAI/USDT"], "left": {"TRADOOR/USDT": 1781481361.106416, "BTW/USDT": 1781481673.613035, "XRP/USDT": 1781481673.613035, "ADA/USDT": 1781481673.613035, "COAI/USDT": 1781484059.012646, "LAB/USDT": 1781486463.1124449, "OPG/USDT": 1781488257.9583573, "BEAT/USDT": 1781490960.807529, "VELVET/USDT": 1781493062.1771092}, "vals": {"JCT/USDT": 6.44, "SIREN/USDT": 12.28, "CHIP/USDT": 5.1, "ESPORTS/USDT": 5.94, "JELLYJELLY/USDT": 5.91, "H/USDT": 9.67, "CLO/USDT": 30.45, "EVAA/USDT": 18.96, "SKYAI/USDT": 6.57}}