{"set": ["LAB/USDT"], "left": {"BLUR/USDT": 1783453597.7406595, "EDGEX/USDT": 1783468890.0904126, "EVAA/USDT": 1783468890.0904126, "OPG/USDT": 1783468890.0904126, "NES/USDT": 1783468890.0904126}, "vals": {"LAB/USDT": 5.24}}