{"set": ["AKE/USDT"], "left": {"ONDO/USDT": 1784762466.1418607, "ENA/USDT": 1784764885.4666567, "LAB/USDT": 1784764885.4666567, "US/USDT": 1784764885.4666567, "RE/USDT": 1784764885.4666567, "ERA/USDT": 1784766670.9598453, "MIRA/USDT": 1784766954.4311965, "RIF/USDT": 1784767255.3655646, "BANK/USDT": 1784767255.3655646, "NIGHT/USDT": 1784767255.3655646, "ZAMA/USDT": 1784767255.3655646}, "vals": {"AKE/USDT": 3.29}}