{"set": ["LAB/USDT", "LIT/USDT", "NES/USDT", "UB/USDT"], "left": {"VELVET/USDT": 1783299686.580346, "SKYAI/USDT": 1783299952.0989566, "MIRA/USDT": 1783300558.3173487, "TLM/USDT": 1783304157.2154553, "VANRY/USDT": 1783304157.2154553, "HMSTR/USDT": 1783314962.4727664, "EPIC/USDT": 1783317960.707354}, "vals": {"UB/USDT": 4.89, "LAB/USDT": 3.32, "NES/USDT": 4.41, "LIT/USDT": 7.4}}