{"set": ["BANK/USDT", "CRO/USDT", "RAVE/USDT", "SKYAI/USDT"], "left": {"ONDO/USDT": 1784233594.4158194, "PUMP/USDT": 1784240758.4403362, "KAITO/USDT": 1784246480.3950748, "FLOCK/USDT": 1784246480.3950748, "US/USDT": 1784246480.3950748, "AKE/USDT": 1784247964.9534473, "LAB/USDT": 1784248559.4605422, "ESPORTS/USDT": 1784249474.345376}, "vals": {"BANK/USDT": 3.05, "CRO/USDT": 4.96, "RAVE/USDT": 3.02, "SKYAI/USDT": 13.61}}