{"set": ["JTO/USDT", "SLX/USDT", "VELVET/USDT"], "left": {"ESPORTS/USDT": 1782518468.9153395, "BEAT/USDT": 1782518468.9153395, "ADA/USDT": 1782518468.9153395, "G/USDT": 1782518764.362656, "UB/USDT": 1782519069.0075705, "SKYAI/USDT": 1782519069.0075705, "WIF/USDT": 1782519069.0075705, "FARTCOIN/USDT": 1782519069.0075705, "PUMPFUN/USDT": 1782519069.0075705, "BAS/USDT": 1782519366.7886963, "LAB/USDT": 1782524459.6813502, "AGLD/USDT": 1782536758.01099, "MAGMA/USDT": 1782536758.01099}, "vals": {"VELVET/USDT": 28.1, "SLX/USDT": 9.1, "JTO/USDT": 3.79}}