{"set": ["ASTEROID/USDT", "BEAT/USDT", "BEL/USDT", "CLO/USDT", "EIGEN/USDT", "ESPORTS/USDT", "UB/USDT"], "left": {"SKYAI/USDT": 1781911872.545053, "SYN/USDT": 1781913954.9455822, "BLESS/USDT": 1781913954.9455822, "BASED/USDT": 1781915763.145682, "LAB/USDT": 1781916662.773172, "BICO/USDT": 1781921462.5297523, "HEI/USDT": 1781924153.5218754, "BTW/USDT": 1781925665.8882604, "BSB/USDT": 1781926271.801652}, "vals": {"ASTEROID/USDT": 5.68, "UB/USDT": 5.32, "ESPORTS/USDT": 6.43, "BEL/USDT": 3.29, "CLO/USDT": 7.85, "BEAT/USDT": 7.72, "EIGEN/USDT": 10.41}}