{"set": ["AKE/USDT", "RAVE/USDT", "US/USDT"], "left": {"BEAT/USDT": 1784160096.0925872, "PUMP/USDT": 1784160096.0925872, "ROAM/USDT": 1784160352.5193465, "ONDO/USDT": 1784160352.5193465, "LAB/USDT": 1784160957.2544622, "VANRY/USDT": 1784169354.2040591, "PI/USDT": 1784169683.306033, "VELVET/USDT": 1784170555.7320085}, "vals": {"AKE/USDT": 10.95, "US/USDT": 3.51, "RAVE/USDT": 3.75}}