{"set": ["AIGENSYN/USDT", "BASED/USDT", "M/USDT", "NOM/USDT", "SLX/USDT", "SYN/USDT", "TAIKO/USDT", "TLM/USDT", "VELVET/USDT"], "left": {"DYDX/USDT": 1782928922.848585, "BAS/USDT": 1782931300.4252787, "SKYAI/USDT": 1782940285.1011455, "XRP/USDT": 1782945079.1081045, "O/USDT": 1782946884.3406026, "ZBT/USDT": 1782950494.8114948, "NFP/USDT": 1782950494.8114948, "BTW/USDT": 1782950494.8114948, "XLM/USDT": 1782950494.8114948, "LIT/USDT": 1782950494.8114948, "ADA/USDT": 1782950494.8114948}, "vals": {"NOM/USDT": 21.3, "BASED/USDT": 13.07, "AIGENSYN/USDT": 3.53, "TLM/USDT": 67.22, "SLX/USDT": 13.85, "TAIKO/USDT": 261.98, "VELVET/USDT": 7.6, "M/USDT": 6.94, "SYN/USDT": 12.55}}