{"set": ["BAS/USDT", "BTW/USDT", "LAB/USDT", "O/USDT", "SLX/USDT"], "left": {"G/USDT": 1782302490.2419248, "BLESS/USDT": 1782306969.3825095, "CLO/USDT": 1782310571.6127245, "BEL/USDT": 1782312703.391626}, "vals": {"BAS/USDT": 33.49, "BTW/USDT": 3.07, "LAB/USDT": 23.26, "SLX/USDT": 17.85, "O/USDT": 21.85}}