{"set": ["B/USDT", "ENA/USDT", "VELVET/USDT"], "left": {"T/USDT": 1784000475.9117653, "ZBT/USDT": 1784013089.8568041, "BILL/USDT": 1784017289.719911, "LAB/USDT": 1784018487.811953}, "vals": {"VELVET/USDT": 6.52, "B/USDT": 5.37, "ENA/USDT": 6.18}}