{"set": ["ALLO/USDT", "BEL/USDT", "BTW/USDT", "CLO/USDT", "EIGEN/USDT", "ENA/USDT", "ID/USDT", "RESOLV/USDT"], "left": {"HMSTR/USDT": 1782124881.5059009, "DOGE/USDT": 1782137202.693339, "UB/USDT": 1782137510.7530808, "XRP/USDT": 1782137510.7530808, "ADA/USDT": 1782138403.9731681, "PEPE/USDT": 1782140211.7041087}, "vals": {"BTW/USDT": 49.05, "RESOLV/USDT": 3.7, "CLO/USDT": 31.82, "ENA/USDT": 10.53, "BEL/USDT": 27.02, "ID/USDT": 18.0, "EIGEN/USDT": 13.95, "ALLO/USDT": 17.05}}