{"set": ["ASTEROID/USDT", "BSB/USDT", "CLO/USDT", "EVAA/USDT", "JTO/USDT", "SIREN/USDT", "XLM/USDT", "XRP/USDT", "ZRO/USDT"], "left": {"WLFI/USDT": 1781545603.9212775, "CHIP/USDT": 1781550146.310581, "PEPE/USDT": 1781551306.9101093, "ENA/USDT": 1781560892.3096526, "FARTCOIN/USDT": 1781562369.5543702, "ESPORTS/USDT": 1781564481.917428}, "vals": {"ASTEROID/USDT": 73.32, "SIREN/USDT": 5.62, "EVAA/USDT": 70.11, "CLO/USDT": 5.53, "XRP/USDT": 4.61, "ZRO/USDT": 16.18, "XLM/USDT": 11.97, "JTO/USDT": 34.06, "BSB/USDT": 34.61}}