{"set": ["H/USDT", "HOME/USDT", "LAB/USDT", "SKYAI/USDT", "XLM/USDT"], "left": {"ENA/USDT": 1781750162.3179739, "BIO/USDT": 1781754965.8192444, "BEAT/USDT": 1781759162.5846694, "SIREN/USDT": 1781760061.2154665, "CLO/USDT": 1781764558.3636882, "ESPORTS/USDT": 1781765756.196812}, "vals": {"HOME/USDT": 14.4, "LAB/USDT": 11.88, "H/USDT": 12.67, "SKYAI/USDT": 9.27, "XLM/USDT": 3.03}}