{"set": ["AKE/USDT", "BANK/USDT", "ONDO/USDT", "US/USDT"], "left": {"ESPORTS/USDT": 1784289361.5060365, "BILL/USDT": 1784291480.5933228, "KAITO/USDT": 1784304671.823142, "ADA/USDT": 1784306872.1351979}, "vals": {"AKE/USDT": 24.33, "BANK/USDT": 11.15, "US/USDT": 6.19, "ONDO/USDT": 3.58}}