{"set": ["BTW/USDT", "LAB/USDT", "NES/USDT", "TLM/USDT", "VANRY/USDT", "WLFI/USDT"], "left": {"M/USDT": 1783258287.1343338, "HMSTR/USDT": 1783266363.6915896, "UB/USDT": 1783267295.3576965}, "vals": {"VANRY/USDT": 19.0, "LAB/USDT": 3.34, "BTW/USDT": 19.41, "NES/USDT": 17.82, "WLFI/USDT": 4.09, "TLM/USDT": 25.25}}