{"set": ["ARB/USDT", "CLO/USDT", "ENA/USDT", "T/USDT", "XPIN/USDT"], "left": {"SKYAI/USDT": 1783782026.1493845, "BEAT/USDT": 1783782026.1493845, "HMSTR/USDT": 1783783887.6966646, "ADA/USDT": 1783797361.2512817}, "vals": {"XPIN/USDT": 3.61, "T/USDT": 30.51, "CLO/USDT": 29.56, "ENA/USDT": 3.01, "ARB/USDT": 4.93}}