{"set": ["AGT/USDT", "ASTEROID/USDT", "BIO/USDT", "CLO/USDT", "LAB/USDT", "VELVET/USDT", "XLM/USDT"], "left": {"H/USDT": 1781811111.6969812, "FOLKS/USDT": 1781813494.8512738, "SKYAI/USDT": 1781818561.0220134, "BTW/USDT": 1781821561.5075054}, "vals": {"ASTEROID/USDT": 109.74, "AGT/USDT": 3.45, "VELVET/USDT": 31.32, "LAB/USDT": 36.21, "CLO/USDT": 10.6, "XLM/USDT": 4.52, "BIO/USDT": 6.51}}