{"set": ["ARB/USDT", "EDGEX/USDT", "ENA/USDT", "EVAA/USDT", "TAG/USDT", "US/USDT"], "left": {"ESPORTS/USDT": 1783641690.7023995, "BASED/USDT": 1783641690.7023995, "SKYAI/USDT": 1783641690.7023995, "TAC/USDT": 1783645561.3696177, "LAB/USDT": 1783655770.6820495, "VANRY/USDT": 1783656092.6123552}, "vals": {"TAG/USDT": 9.0, "US/USDT": 4.19, "EDGEX/USDT": 4.16, "ENA/USDT": 3.73, "EVAA/USDT": 7.37, "ARB/USDT": 4.61}}