{"set": ["ASTEROID/USDT", "BIO/USDT", "BTW/USDT", "CLO/USDT", "LAB/USDT", "VELVET/USDT", "XLM/USDT"], "left": {"H/USDT": 1781811111.6969812, "FOLKS/USDT": 1781813494.8512738, "SKYAI/USDT": 1781818561.0220134, "AGT/USDT": 1781822466.085143}, "vals": {"ASTEROID/USDT": 80.09, "VELVET/USDT": 34.07, "LAB/USDT": 33.2, "BTW/USDT": 3.53, "CLO/USDT": 12.88, "XLM/USDT": 4.12, "BIO/USDT": 4.2}}