{"set": ["BEL/USDT", "CLO/USDT", "G/USDT", "LAB/USDT", "SLX/USDT"], "left": {"ID/USDT": 1782270078.2248478, "H/USDT": 1782278166.2508242, "ESPORTS/USDT": 1782285955.3146243, "BTW/USDT": 1782288361.8589675, "BEAT/USDT": 1782288361.8589675}, "vals": {"G/USDT": 9.0, "LAB/USDT": 9.8, "CLO/USDT": 3.76, "SLX/USDT": 21.43, "BEL/USDT": 5.16}}