{"set": ["LAB/USDT", "RESOLV/USDT", "TNSR/USDT", "UB/USDT", "WLFI/USDT"], "left": {"EPIC/USDT": 1782063361.0904973, "BEL/USDT": 1782079277.833041, "ESPORTS/USDT": 1782081082.4611847, "BEAT/USDT": 1782081974.9887516}, "vals": {"UB/USDT": 49.71, "TNSR/USDT": 51.04, "RESOLV/USDT": 4.63, "LAB/USDT": 4.34, "WLFI/USDT": 3.14}}