{"set": ["BEAT/USDT", "BTW/USDT", "CLO/USDT", "FOLKS/USDT", "HEI/USDT"], "left": {"VELVET/USDT": 1781861480.8552368, "SKYAI/USDT": 1781875296.5003781, "BSB/USDT": 1781875596.860085}, "vals": {"BTW/USDT": 35.89, "CLO/USDT": 11.35, "BEAT/USDT": 23.5, "FOLKS/USDT": 3.57, "HEI/USDT": 59.19}}