{"set": ["CLO/USDT", "ENA/USDT", "FET/USDT", "JUP/USDT", "O/USDT", "ONDO/USDT", "SEI/USDT", "SLX/USDT", "UB/USDT"], "left": {"EVAA/USDT": 1782339666.1488972, "LAB/USDT": 1782345693.2318556, "BAS/USDT": 1782345693.2318556, "ID/USDT": 1782345693.2318556, "SAHARA/USDT": 1782345693.2318556}, "vals": {"UB/USDT": 14.48, "SLX/USDT": 20.81, "JUP/USDT": 3.27, "ENA/USDT": 4.35, "CLO/USDT": 5.77, "SEI/USDT": 5.7, "ONDO/USDT": 5.23, "FET/USDT": 3.7, "O/USDT": 20.34}}