{"set": ["BIO/USDT", "CLO/USDT", "FOLKS/USDT", "LAB/USDT", "VELVET/USDT", "XLM/USDT"], "left": {"\u9f99\u867e/USDT": 1781794001.5678475, "AGT/USDT": 1781802703.5421944, "H/USDT": 1781803907.6361732, "BTW/USDT": 1781806601.9071543, "SKYAI/USDT": 1781809902.7276583}, "vals": {"VELVET/USDT": 63.67, "LAB/USDT": 30.65, "CLO/USDT": 17.13, "XLM/USDT": 3.53, "FOLKS/USDT": 5.4, "BIO/USDT": 6.25}}