{"set": ["ESPORTS/USDT", "EVAA/USDT", "LAB/USDT", "SAHARA/USDT"], "left": {"ENA/USDT": 1782346254.9399734, "O/USDT": 1782346254.9399734, "FET/USDT": 1782346254.9399734, "UB/USDT": 1782346254.9399734, "JUP/USDT": 1782346254.9399734, "SEI/USDT": 1782346254.9399734, "SLX/USDT": 1782346254.9399734, "ONDO/USDT": 1782346254.9399734, "CLO/USDT": 1782349281.2013028, "ID/USDT": 1782349281.2013028, "BTW/USDT": 1782349281.2013028, "BAS/USDT": 1782349860.3383844, "BEAT/USDT": 1782350456.520775}, "vals": {"SAHARA/USDT": 3.04, "LAB/USDT": 3.3, "ESPORTS/USDT": 7.56, "EVAA/USDT": 3.47}}