{"set": ["KAITO/USDT", "SKYAI/USDT", "TAG/USDT", "VANRY/USDT"], "left": {"CLO/USDT": 1783587968.868174, "POWER/USDT": 1783589763.6256015, "UNI/USDT": 1783592763.5796893, "ENA/USDT": 1783592763.5796893, "EDGEX/USDT": 1783595162.7151136}, "vals": {"TAG/USDT": 44.32, "VANRY/USDT": 4.33, "SKYAI/USDT": 11.25, "KAITO/USDT": 4.41}}