{"set": ["NASDAQ:INM", "NASDAQ:ZCMD"], "left": {"NASDAQ:RDGT": 1784793756.179338, "NASDAQ:VIVK": 1784793756.179338, "NASDAQ:HIHO": 1784795164.4582386, "NASDAQ:INLF": 1784795164.4582386, "NASDAQ:KUST": 1784795164.4582386, "NASDAQ:ADVB": 1784795164.4582386, "NASDAQ:LABT": 1784795164.4582386, "NASDAQ:SNTG": 1784795164.4582386}, "vals": {"NASDAQ:INM": 39.61, "NASDAQ:ZCMD": 53.74}}