{"set": ["ARB/USDT", "EDGEX/USDT", "ENA/USDT", "EVAA/USDT", "LAB/USDT", "TAG/USDT", "US/USDT"], "left": {"ESPORTS/USDT": 1783641690.7023995, "BASED/USDT": 1783641690.7023995, "SKYAI/USDT": 1783641690.7023995, "TAC/USDT": 1783645561.3696177, "VANRY/USDT": 1783656092.6123552}, "vals": {"TAG/USDT": 11.22, "US/USDT": 3.81, "LAB/USDT": 3.75, "EDGEX/USDT": 4.29, "ENA/USDT": 3.14, "EVAA/USDT": 12.68, "ARB/USDT": 3.98}}