{"set": ["LAB/USDT", "O/USDT", "RAVE/USDT", "UB/USDT", "VELVET/USDT", "WIF/USDT"], "left": {"PIEVERSE/USDT": 1782620755.9253287, "BAS/USDT": 1782632469.004419, "BEAT/USDT": 1782639072.1415567, "BTW/USDT": 1782639072.1415567, "SLX/USDT": 1782639721.6716003}, "vals": {"UB/USDT": 12.59, "VELVET/USDT": 3.14, "LAB/USDT": 7.3, "RAVE/USDT": 11.11, "O/USDT": 38.87, "WIF/USDT": 4.22}}