{"set": ["LIT/USDT", "NES/USDT", "UB/USDT"], "left": {"TLM/USDT": 1783304157.2154553, "VANRY/USDT": 1783304157.2154553, "HMSTR/USDT": 1783314962.4727664, "EPIC/USDT": 1783317960.707354, "LAB/USDT": 1783319753.3504353, "VELVET/USDT": 1783324898.0966835}, "vals": {"UB/USDT": 3.77, "NES/USDT": 6.29, "LIT/USDT": 5.24}}