{"set": ["BAS/USDT", "BASED/USDT", "BTW/USDT", "H/USDT", "RE/USDT", "XLM/USDT"], "left": {"VELVET/USDT": 1782858063.506421, "TAC/USDT": 1782866152.8073266, "BEAT/USDT": 1782867058.0822861, "TAIKO/USDT": 1782867955.2676673, "AIGENSYN/USDT": 1782870962.4996216, "M/USDT": 1782871279.518773}, "vals": {"BAS/USDT": 3.16, "BTW/USDT": 18.6, "BASED/USDT": 3.48, "XLM/USDT": 7.39, "RE/USDT": 5.96, "H/USDT": 4.1}}