{"set": ["NASDAQ:ATPC", "NASDAQ:IQST", "NASDAQ:TGHL"], "left": {"NASDAQ:KUST": 1784275296.3313923, "NASDAQ:SOBR": 1784275296.3313923, "NASDAQ:EHGO": 1784276461.9336557, "NASDAQ:DXST": 1784276461.9336557}, "vals": {"NASDAQ:IQST": 29.94, "NASDAQ:ATPC": 35.32, "NASDAQ:TGHL": 57.77}}