{"set": ["BEAT/USDT", "CHIP/USDT", "CLO/USDT", "ESPORTS/USDT", "EVAA/USDT", "JCT/USDT", "JELLYJELLY/USDT", "VELVET/USDT"], "left": {"TRADOOR/USDT": 1781481361.106416, "BTW/USDT": 1781481673.613035, "XRP/USDT": 1781481673.613035, "SKYAI/USDT": 1781481673.613035, "ADA/USDT": 1781481673.613035, "COAI/USDT": 1781484059.012646, "LAB/USDT": 1781486463.1124449, "OPG/USDT": 1781488257.9583573, "H/USDT": 1781490069.5972364, "SIREN/USDT": 1781490674.0951912}, "vals": {"JCT/USDT": 6.89, "VELVET/USDT": 3.81, "CHIP/USDT": 4.67, "ESPORTS/USDT": 6.71, "JELLYJELLY/USDT": 4.28, "CLO/USDT": 21.95, "EVAA/USDT": 6.19, "BEAT/USDT": 3.83}}