{"set": ["ASTEROID/USDT", "BSB/USDT", "LAB/USDT", "SKYAI/USDT"], "left": {"ZRO/USDT": 1781568083.7734823, "XRP/USDT": 1781568083.7734823, "CLO/USDT": 1781568083.7734823, "ESPORTS/USDT": 1781568083.7734823, "VELVET/USDT": 1781568354.5492907, "EVAA/USDT": 1781570763.2897978, "XLM/USDT": 1781571065.9299102, "H/USDT": 1781571065.9299102, "BEAT/USDT": 1781580952.8928974, "FARTCOIN/USDT": 1781583362.0767815, "JTO/USDT": 1781584566.690655, "SIREN/USDT": 1781585470.8488863}, "vals": {"ASTEROID/USDT": 30.36, "LAB/USDT": 3.83, "SKYAI/USDT": 5.81, "BSB/USDT": 15.19}}