{"set": ["B/USDT", "ENA/USDT", "LAB/USDT", "VELVET/USDT"], "left": {"T/USDT": 1784000475.9117653, "ZBT/USDT": 1784013089.8568041, "BILL/USDT": 1784017289.719911}, "vals": {"LAB/USDT": 4.0, "VELVET/USDT": 4.71, "B/USDT": 6.75, "ENA/USDT": 5.72}}