{"set": ["BEAT/USDT", "BEL/USDT", "RESOLV/USDT", "TNSR/USDT", "UB/USDT", "WLFI/USDT"], "left": {"SIREN/USDT": 1782054081.0560644, "LAB/USDT": 1782055871.3949046, "ENA/USDT": 1782058561.4018724, "EPIC/USDT": 1782063361.0904973, "ESPORTS/USDT": 1782072080.0093422}, "vals": {"UB/USDT": 51.0, "TNSR/USDT": 51.85, "RESOLV/USDT": 9.76, "WLFI/USDT": 4.65, "BEL/USDT": 6.12, "BEAT/USDT": 3.14}}