{"set": ["EPIC/USDT", "LAB/USDT", "SIREN/USDT", "TNSR/USDT"], "left": {"BEAT/USDT": 1782026755.5463672, "UB/USDT": 1782036080.2975166, "ESPORTS/USDT": 1782039356.6699903, "ENA/USDT": 1782040857.9481757}, "vals": {"TNSR/USDT": 70.16, "LAB/USDT": 18.88, "SIREN/USDT": 7.21, "EPIC/USDT": 11.0}}