{"set": ["MYX/USDT", "SLX/USDT", "VELVET/USDT", "WIF/USDT"], "left": {"ESPORTS/USDT": 1782554482.4956775, "JTO/USDT": 1782558659.0702903, "M/USDT": 1782570061.7170103, "UB/USDT": 1782570356.5255635}, "vals": {"VELVET/USDT": 103.41, "SLX/USDT": 14.45, "WIF/USDT": 12.72, "MYX/USDT": 27.74}}