{"set": ["ASTEROID/USDT", "BSB/USDT", "ESPORTS/USDT", "EVAA/USDT", "JTO/USDT", "SIREN/USDT", "XLM/USDT", "XRP/USDT", "ZRO/USDT"], "left": {"TRADOOR/USDT": 1781535721.159713, "ADA/USDT": 1781542302.2382748, "WLFI/USDT": 1781545603.9212775, "CHIP/USDT": 1781550146.310581, "ENA/USDT": 1781551306.9101093, "PEPE/USDT": 1781551306.9101093, "CLO/USDT": 1781555509.6523776, "FARTCOIN/USDT": 1781555801.5291667}, "vals": {"ASTEROID/USDT": 72.65, "SIREN/USDT": 4.72, "EVAA/USDT": 65.46, "ESPORTS/USDT": 4.16, "XRP/USDT": 7.2, "ZRO/USDT": 17.54, "XLM/USDT": 16.04, "JTO/USDT": 36.0, "BSB/USDT": 33.55}}