{"set": ["BEAT/USDT", "BEL/USDT", "LAB/USDT", "RESOLV/USDT", "SKYAI/USDT", "SLX/USDT"], "left": {"EVAA/USDT": 1782385286.939095, "BLESS/USDT": 1782388917.2101676, "BAS/USDT": 1782403324.4644468, "XPL/USDT": 1782404195.4882438, "H/USDT": 1782406300.4531302, "WLFI/USDT": 1782406596.8579862}, "vals": {"SLX/USDT": 16.78, "LAB/USDT": 16.27, "RESOLV/USDT": 10.92, "SKYAI/USDT": 11.16, "BEAT/USDT": 24.05, "BEL/USDT": 7.67}}