{"set": ["CLO/USDT", "FOLKS/USDT", "H/USDT", "LAB/USDT", "SKYAI/USDT", "VELVET/USDT", "XLM/USDT"], "left": {"HOME/USDT": 1781787725.655748, "\u9f99\u867e/USDT": 1781794001.5678475, "BTW/USDT": 1781799711.271432, "AGT/USDT": 1781802703.5421944, "BIO/USDT": 1781803300.866273}, "vals": {"VELVET/USDT": 70.0, "LAB/USDT": 24.45, "CLO/USDT": 10.72, "H/USDT": 3.19, "XLM/USDT": 5.63, "FOLKS/USDT": 6.4, "SKYAI/USDT": 3.8}}