{"set": ["AKE/USDT", "PI/USDT"], "left": {"BEAT/USDT": 1784160096.0925872, "PUMP/USDT": 1784160096.0925872, "RAVE/USDT": 1784160096.0925872, "US/USDT": 1784160096.0925872, "ROAM/USDT": 1784160352.5193465, "ONDO/USDT": 1784160352.5193465, "LAB/USDT": 1784160957.2544622, "VELVET/USDT": 1784165487.8751626, "VANRY/USDT": 1784169354.2040591}, "vals": {"AKE/USDT": 8.24, "PI/USDT": 3.94}}