{"set": ["BTW/USDT", "H/USDT", "IN/USDT", "SLX/USDT", "XLM/USDT"], "left": {"BSB/USDT": 1782820889.3240445, "TAC/USDT": 1782833481.4853766, "AIGENSYN/USDT": 1782834078.33661}, "vals": {"IN/USDT": 98.05, "BTW/USDT": 8.17, "SLX/USDT": 3.05, "XLM/USDT": 4.89, "H/USDT": 15.09}}