{"set": ["AKE/USDT", "ESPORTS/USDT"], "left": {"BONK/USDT": 1784495464.7845154, "PEPE/USDT": 1784496063.9469194, "TLM/USDT": 1784505693.7150998, "PI/USDT": 1784505693.7150998, "KAITO/USDT": 1784505693.7150998, "HOME/USDT": 1784505693.7150998, "BANK/USDT": 1784506264.8048582, "B/USDT": 1784506264.8048582, "PUMPFUN/USDT": 1784506264.8048582}, "vals": {"AKE/USDT": 6.2, "ESPORTS/USDT": 7.53}}