{"set": ["ASTER/USDT", "BSB/USDT", "BTW/USDT", "ENA/USDT", "ESPORTS/USDT", "SPX/USDT", "XLM/USDT", "XPL/USDT"], "left": {"\u9f99\u867e/USDT": 1781693503.6220849, "UNI/USDT": 1781694395.6005182, "BR/USDT": 1781704931.8404937, "SIREN/USDT": 1781706106.1390588, "BLESS/USDT": 1781708195.3541362}, "vals": {"ESPORTS/USDT": 34.48, "SPX/USDT": 13.34, "BTW/USDT": 3.75, "ASTER/USDT": 16.55, "XPL/USDT": 22.15, "BSB/USDT": 17.2, "ENA/USDT": 4.94, "XLM/USDT": 3.84}}