{"set": ["EPIC/USDT", "LAB/USDT", "SIREN/USDT", "TNSR/USDT", "UB/USDT"], "left": {"BTW/USDT": 1782012064.233977, "SLX/USDT": 1782012667.6009367, "EIGEN/USDT": 1782018075.8703148, "BEL/USDT": 1782018959.8330061, "ALICE/USDT": 1782018959.8330061, "BEAT/USDT": 1782026755.5463672, "ESPORTS/USDT": 1782030669.844566}, "vals": {"UB/USDT": 19.07, "TNSR/USDT": 52.73, "SIREN/USDT": 5.35, "LAB/USDT": 14.6, "EPIC/USDT": 10.68}}