{"set": ["ADA/USDT", "BAS/USDT", "BASED/USDT", "BTW/USDT", "DYDX/USDT", "M/USDT", "NFP/USDT", "O/USDT", "TAIKO/USDT", "XLM/USDT"], "left": {"H/USDT": 1782878264.681469, "RAVE/USDT": 1782880563.4311125, "RE/USDT": 1782882087.2449737, "BEAT/USDT": 1782887166.1826334, "SKYAI/USDT": 1782896767.280888}, "vals": {"BAS/USDT": 12.17, "BTW/USDT": 22.7, "BASED/USDT": 11.22, "NFP/USDT": 43.9, "M/USDT": 4.62, "TAIKO/USDT": 14.14, "XLM/USDT": 6.94, "ADA/USDT": 4.16, "O/USDT": 3.99, "DYDX/USDT": 8.16}}