{"set": ["ASTEROID/USDT", "BEAT/USDT", "BEL/USDT", "BTW/USDT", "CLO/USDT", "EIGEN/USDT", "ESPORTS/USDT", "UB/USDT"], "left": {"SKYAI/USDT": 1781911872.545053, "SYN/USDT": 1781913954.9455822, "BLESS/USDT": 1781913954.9455822, "BASED/USDT": 1781915763.145682, "LAB/USDT": 1781916662.773172, "BICO/USDT": 1781921462.5297523, "HEI/USDT": 1781924153.5218754, "BSB/USDT": 1781928667.8585749}, "vals": {"ASTEROID/USDT": 6.8, "UB/USDT": 3.34, "BTW/USDT": 7.47, "ESPORTS/USDT": 5.48, "BEL/USDT": 3.9, "CLO/USDT": 6.7, "BEAT/USDT": 5.93, "EIGEN/USDT": 11.3}}