{"set": ["BEL/USDT", "BICO/USDT", "BTW/USDT", "CLO/USDT", "EPIC/USDT", "ESPORTS/USDT", "GALA/USDT"], "left": {"SIREN/USDT": 1781973660.7235167, "AGT/USDT": 1781977705.1725569, "EIGEN/USDT": 1781981786.5062947, "LAB/USDT": 1781982081.5463178, "BLESS/USDT": 1781982081.5463178, "SLX/USDT": 1781982081.5463178}, "vals": {"BTW/USDT": 86.15, "BEL/USDT": 45.48, "ESPORTS/USDT": 8.57, "GALA/USDT": 7.35, "CLO/USDT": 28.17, "BICO/USDT": 87.68, "EPIC/USDT": 8.16}}