{"set": ["MAGMA/USDT"], "left": {"PEPE/USDT": 1783890961.1996794, "CLO/USDT": 1783900898.0197139, "BEAT/USDT": 1783900898.0197139, "VANRY/USDT": 1783900898.0197139, "PIPPIN/USDT": 1783901479.7070339, "ANSEM/USDT": 1783901479.7070339, "DODO/USDT": 1783901479.7070339, "B/USDT": 1783904780.384812, "T/USDT": 1783904780.384812, "EVAA/USDT": 1783904780.384812, "LAB/USDT": 1783905079.6840394, "VELVET/USDT": 1783905079.6840394}, "vals": {"MAGMA/USDT": 3.12}}