{"set": ["1000BONK/USDT", "ESPORTS/USDT"], "left": {"B/USDT": 1784570799.41474, "PUMP/USDT": 1784580096.9017098, "ADA/USDT": 1784583970.064891, "ONDO/USDT": 1784584261.1963828, "PEPE/USDT": 1784585161.0402923, "HANA/USDT": 1784592090.7344356, "BANK/USDT": 1784592090.7344356, "PI/USDT": 1784592090.7344356, "HEMI/USDT": 1784592090.7344356, "BONK/USDT": 1784592090.7344356, "ACE/USDT": 1784592090.7344356, "ENA/USDT": 1784592090.7344356, "KAITO/USDT": 1784592090.7344356, "PROM/USDT": 1784592090.7344356}, "vals": {"1000BONK/USDT": 3.61, "ESPORTS/USDT": 3.22}}