{"set": ["AGT/USDT", "ASTER/USDT", "CFX/USDT", "CLO/USDT", "ENA/USDT", "ESPORTS/USDT", "SPX/USDT", "XLM/USDT", "XPL/USDT"], "left": {"SIREN/USDT": 1781706106.1390588, "BSB/USDT": 1781717796.7338169, "BLESS/USDT": 1781718711.243285, "BTW/USDT": 1781719603.0196798, "BR/USDT": 1781720501.8672824}, "vals": {"AGT/USDT": 100.14, "ESPORTS/USDT": 35.78, "SPX/USDT": 15.03, "ASTER/USDT": 9.98, "XPL/USDT": 29.26, "CFX/USDT": 3.68, "CLO/USDT": 17.76, "ENA/USDT": 9.13, "XLM/USDT": 3.62}}