{"set": ["BTW/USDT", "NES/USDT", "TLM/USDT", "VANRY/USDT", "WLFI/USDT"], "left": {"M/USDT": 1783258287.1343338, "LAB/USDT": 1783263074.9545124, "HMSTR/USDT": 1783264275.8361108}, "vals": {"VANRY/USDT": 17.28, "BTW/USDT": 15.36, "NES/USDT": 17.4, "WLFI/USDT": 3.27, "TLM/USDT": 29.21}}