{"set": ["BEAT/USDT", "UNI/USDT", "XLM/USDT", "\u9f99\u867e/USDT"], "left": {"SPX/USDT": 1781654485.207243, "JTO/USDT": 1781654485.207243, "SPACE/USDT": 1781654485.207243, "ASTEROID/USDT": 1781654485.207243, "LUNC/USDT": 1781654750.7251735, "BLESS/USDT": 1781654750.7251735, "VELVET/USDT": 1781654750.7251735, "BSB/USDT": 1781655354.1214187, "EVAA/USDT": 1781655959.2465234, "BR/USDT": 1781660456.923042, "LAB/USDT": 1781665284.4760144, "H/USDT": 1781666752.8267365, "SKYAI/USDT": 1781666752.8267365}, "vals": {"\u9f99\u867e/USDT": 5.18, "BEAT/USDT": 10.55, "XLM/USDT": 3.59, "UNI/USDT": 5.29}}