{"set": ["AKE/USDT", "B/USDT", "BANK/USDT", "BILL/USDT", "ESPORTS/USDT", "ON/USDT", "RE/USDT", "RIF/USDT"], "left": {"SNXX/USDT": 1784832996.0208738, "INTC/USDT": 1784841393.8192284, "WLFI/USDT": 1784845876.5699863, "KAITO/USDT": 1784851293.2312274, "ZAMA/USDT": 1784851293.2312274, "IDOL/USDT": 1784851293.2312274, "BEAT/USDT": 1784851293.2312274}, "vals": {"AKE/USDT": 18.24, "BANK/USDT": 6.65, "BILL/USDT": 18.17, "RIF/USDT": 5.48, "RE/USDT": 6.85, "ESPORTS/USDT": 27.89, "ON/USDT": 14.64, "B/USDT": 3.58}}