{"set": ["BEL/USDT", "RESOLV/USDT", "TNSR/USDT", "UB/USDT", "WLFI/USDT"], "left": {"LAB/USDT": 1782055871.3949046, "ENA/USDT": 1782058561.4018724, "EPIC/USDT": 1782063361.0904973, "ESPORTS/USDT": 1782075075.4181252, "BEAT/USDT": 1782076264.058484}, "vals": {"UB/USDT": 51.19, "TNSR/USDT": 44.08, "RESOLV/USDT": 5.95, "WLFI/USDT": 3.25, "BEL/USDT": 3.88}}