{"set": ["AKE/USDT", "B/USDT", "BEAT/USDT", "ESPORTS/USDT", "HOME/USDT", "RE/USDT", "US/USDT"], "left": {"ON/USDT": 1784852753.7318985, "BILL/USDT": 1784852753.7318985, "LAB/USDT": 1784855763.4696994, "ZAMA/USDT": 1784856957.7212021, "RIF/USDT": 1784857260.3041213, "BANK/USDT": 1784858155.9180408, "ERA/USDT": 1784870459.8763897}, "vals": {"AKE/USDT": 6.78, "HOME/USDT": 8.46, "ESPORTS/USDT": 4.72, "US/USDT": 8.59, "RE/USDT": 18.49, "B/USDT": 3.53, "BEAT/USDT": 5.77}}