{"set": ["ASTEROID/USDT", "BIO/USDT", "CLO/USDT", "LAB/USDT", "VELVET/USDT", "XLM/USDT"], "left": {"H/USDT": 1781811111.6969812, "FOLKS/USDT": 1781813494.8512738, "SKYAI/USDT": 1781818561.0220134, "BTW/USDT": 1781821561.5075054, "AGT/USDT": 1781822466.085143}, "vals": {"ASTEROID/USDT": 115.15, "VELVET/USDT": 28.19, "LAB/USDT": 34.42, "CLO/USDT": 13.58, "XLM/USDT": 4.23, "BIO/USDT": 5.93}}