{"set": ["EVAA/USDT"], "left": {"OPG/USDT": 1783468890.0904126, "BLUR/USDT": 1783469755.6902192, "TLM/USDT": 1783470958.6890893, "US/USDT": 1783472500.8082616, "EDGEX/USDT": 1783473078.8661072, "EPIC/USDT": 1783473673.5877848, "NES/USDT": 1783474286.8051803, "LAB/USDT": 1783474873.5287735, "SKYAI/USDT": 1783476091.7598207}, "vals": {"EVAA/USDT": 9.69}}