{"set": ["CRO/USDT", "KAITO/USDT", "RAVE/USDT", "SKYAI/USDT"], "left": {"ONDO/USDT": 1784233594.4158194, "PUMP/USDT": 1784240758.4403362, "FLOCK/USDT": 1784246480.3950748, "US/USDT": 1784246480.3950748, "AKE/USDT": 1784247964.9534473, "LAB/USDT": 1784248559.4605422, "BANK/USDT": 1784249759.4090028, "ESPORTS/USDT": 1784250662.982964}, "vals": {"CRO/USDT": 6.77, "RAVE/USDT": 3.76, "SKYAI/USDT": 15.03, "KAITO/USDT": 10.82}}