{"set": ["B/USDT", "T/USDT", "VANRY/USDT", "XPIN/USDT"], "left": {"TAG/USDT": 1783819280.2722335, "SXT/USDT": 1783820756.6568308, "SKL/USDT": 1783821077.7561285, "VIRTUAL/USDT": 1783830955.5822108, "ARB/USDT": 1783837280.0201983, "CLO/USDT": 1783838767.3552454}, "vals": {"XPIN/USDT": 4.57, "T/USDT": 11.4, "B/USDT": 16.55, "VANRY/USDT": 18.3}}