{"set": ["BANK/USDT", "KAITO/USDT", "SKYAI/USDT", "TAC/USDT", "US/USDT"], "left": {"AKE/USDT": 1784247964.9534473, "LAB/USDT": 1784248559.4605422, "RAVE/USDT": 1784250962.934766, "ESPORTS/USDT": 1784257872.7741404, "CRO/USDT": 1784260880.8118584}, "vals": {"BANK/USDT": 4.06, "US/USDT": 3.4, "SKYAI/USDT": 4.94, "TAC/USDT": 12.52, "KAITO/USDT": 12.53}}