{"set": ["BAS/USDT", "IP/USDT"], "left": {"SKYAI/USDT": 1782432091.6756217, "HEI/USDT": 1782432091.6756217, "LAB/USDT": 1782432091.6756217, "BEAT/USDT": 1782432091.6756217, "XPL/USDT": 1782432091.6756217, "SLX/USDT": 1782432091.6756217, "RESOLV/USDT": 1782432091.6756217, "BEL/USDT": 1782432091.6756217, "M/USDT": 1782432363.2367258, "FARTCOIN/USDT": 1782432673.1264422, "BTW/USDT": 1782433259.2305038, "H/USDT": 1782433259.2305038}, "vals": {"BAS/USDT": 3.21, "IP/USDT": 6.79}}