{"set": ["EDGEX/USDT", "EVAA/USDT", "NES/USDT"], "left": {"WLFI/USDT": 1783443988.4897203, "BLUR/USDT": 1783453597.7406595, "OPG/USDT": 1783459280.9508522}, "vals": {"EDGEX/USDT": 28.24, "NES/USDT": 11.86, "EVAA/USDT": 141.49}}