{"set": ["AIGENSYN/USDT", "BEAT/USDT", "BTW/USDT", "H/USDT", "XLM/USDT"], "left": {"SLX/USDT": 1782838920.917782, "IN/USDT": 1782840398.3848712, "TAC/USDT": 1782843094.4822547, "VELVET/USDT": 1782843094.4822547}, "vals": {"AIGENSYN/USDT": 10.89, "BTW/USDT": 5.04, "XLM/USDT": 5.61, "H/USDT": 23.97, "BEAT/USDT": 5.26}}