{"set": ["BSB/USDT", "BTW/USDT", "ESPORTS/USDT", "SIREN/USDT", "SPX/USDT", "XLM/USDT"], "left": {"SPACE/USDT": 1781676091.3308692, "BLESS/USDT": 1781676970.9589026, "EVAA/USDT": 1781680868.9426517, "LAB/USDT": 1781682667.3037412, "BR/USDT": 1781692290.6848204, "\u9f99\u867e/USDT": 1781693503.6220849, "UNI/USDT": 1781694395.6005182}, "vals": {"SIREN/USDT": 10.33, "ESPORTS/USDT": 50.39, "SPX/USDT": 11.55, "BTW/USDT": 4.35, "BSB/USDT": 5.22, "XLM/USDT": 3.81}}