{"set": ["CLO/USDT", "ESPORTS/USDT", "H/USDT", "LAB/USDT", "SIREN/USDT", "SKYAI/USDT"], "left": {"CFX/USDT": 1781738757.260513, "BSB/USDT": 1781740871.493052, "SPX/USDT": 1781740871.493052, "AGT/USDT": 1781740871.493052, "XPL/USDT": 1781740871.493052, "ASTER/USDT": 1781740871.493052, "BEAT/USDT": 1781744158.7403486, "ENA/USDT": 1781750162.3179739, "BIO/USDT": 1781754965.8192444, "XLM/USDT": 1781755280.5961425}, "vals": {"ESPORTS/USDT": 12.63, "SIREN/USDT": 5.44, "LAB/USDT": 6.01, "CLO/USDT": 9.19, "H/USDT": 5.82, "SKYAI/USDT": 8.67}}