{"set": ["ERA/USDT", "LAB/USDT", "US/USDT"], "left": {"BANK/USDT": 1784698861.5060885, "AKE/USDT": 1784709963.4797177}, "vals": {"ERA/USDT": 4.57, "US/USDT": 8.27, "LAB/USDT": 12.77}}