{"set": ["ARB/USDT", "EVAA/USDT", "SKL/USDT", "TAG/USDT"], "left": {"VANRY/USDT": 1783656092.6123552, "LAB/USDT": 1783657892.4873512, "US/USDT": 1783662079.4856043, "EDGEX/USDT": 1783665679.5733185, "ENA/USDT": 1783669564.4884653}, "vals": {"TAG/USDT": 12.33, "SKL/USDT": 42.09, "EVAA/USDT": 11.0, "ARB/USDT": 6.5}}