{"set": ["BEAT/USDT", "BTW/USDT", "CLO/USDT", "HEI/USDT", "SKYAI/USDT"], "left": {"VELVET/USDT": 1781861480.8552368, "FOLKS/USDT": 1781877095.3719654, "BSB/USDT": 1781879573.9431124}, "vals": {"BTW/USDT": 42.21, "CLO/USDT": 3.68, "BEAT/USDT": 17.43, "SKYAI/USDT": 3.1, "HEI/USDT": 27.72}}