{"set": ["BEAT/USDT", "BEL/USDT", "BTW/USDT", "LAB/USDT", "SLX/USDT"], "left": {"BLESS/USDT": 1782266762.454853, "ID/USDT": 1782270078.2248478, "H/USDT": 1782278166.2508242, "ESPORTS/USDT": 1782285955.3146243, "CLO/USDT": 1782287160.797812}, "vals": {"BTW/USDT": 7.69, "LAB/USDT": 10.09, "BEAT/USDT": 5.43, "SLX/USDT": 22.04, "BEL/USDT": 7.2}}