{"set": ["ASTEROID/USDT", "BSB/USDT", "ENA/USDT", "ESPORTS/USDT", "EVAA/USDT", "FARTCOIN/USDT", "JTO/USDT", "SIREN/USDT", "XLM/USDT", "XRP/USDT", "ZRO/USDT"], "left": {"TRADOOR/USDT": 1781535721.159713, "ADA/USDT": 1781542302.2382748, "WLFI/USDT": 1781545603.9212775, "CHIP/USDT": 1781550146.310581, "PEPE/USDT": 1781551306.9101093, "CLO/USDT": 1781555509.6523776}, "vals": {"ASTEROID/USDT": 74.5, "SIREN/USDT": 6.33, "EVAA/USDT": 62.2, "ESPORTS/USDT": 3.44, "XRP/USDT": 7.52, "ENA/USDT": 3.14, "ZRO/USDT": 17.64, "XLM/USDT": 16.52, "JTO/USDT": 36.03, "BSB/USDT": 33.41, "FARTCOIN/USDT": 4.22}}