{"set": ["B/USDT", "SKL/USDT", "XPIN/USDT"], "left": {"EVAA/USDT": 1783735287.41563, "SKYAI/USDT": 1783746087.935097, "TAG/USDT": 1783746087.935097, "VIRTUAL/USDT": 1783749692.359183, "BEAT/USDT": 1783749958.8113244}, "vals": {"XPIN/USDT": 11.49, "SKL/USDT": 8.04, "B/USDT": 13.01}}