{"set": ["ADA/USDT", "ENA/USDT", "ERA/USDT", "ESPORTS/USDT", "NIGHT/USDT", "ONDO/USDT"], "left": {"BANK/USDT": 1784620901.218681, "AKE/USDT": 1784625686.5113473, "B/USDT": 1784636473.4049096, "US/USDT": 1784638902.7924066}, "vals": {"ERA/USDT": 65.93, "ESPORTS/USDT": 24.1, "NIGHT/USDT": 8.38, "ADA/USDT": 3.3, "ENA/USDT": 4.77, "ONDO/USDT": 12.2}}