{"set": ["ESPORTS/USDT", "H/USDT", "JCT/USDT", "LAB/USDT", "SIREN/USDT"], "left": {"TRADOOR/USDT": 1781481361.106416, "CLO/USDT": 1781481673.613035, "BTW/USDT": 1781481673.613035, "XRP/USDT": 1781481673.613035, "SKYAI/USDT": 1781481673.613035, "ADA/USDT": 1781481673.613035, "EVAA/USDT": 1781482253.3253715, "COAI/USDT": 1781484059.012646, "OPG/USDT": 1781484960.8780973, "JELLYJELLY/USDT": 1781485565.6646314}, "vals": {"JCT/USDT": 3.94, "SIREN/USDT": 6.26, "ESPORTS/USDT": 6.73, "H/USDT": 6.92, "LAB/USDT": 3.86}}