{"set": ["BIRB/USDT", "ENA/USDT", "UB/USDT"], "left": {"H/USDT": 1782961281.5942914, "BAS/USDT": 1782966955.2973764, "BASED/USDT": 1782969670.7670445, "LAB/USDT": 1782971751.6867611, "M/USDT": 1782975066.4561415, "SLX/USDT": 1782976260.830532}, "vals": {"UB/USDT": 3.94, "BIRB/USDT": 53.08, "ENA/USDT": 6.72}}