{"set": ["BTW/USDT", "CLO/USDT", "EIGEN/USDT", "ENA/USDT", "RESOLV/USDT", "UB/USDT"], "left": {"ESPORTS/USDT": 1782081082.4611847, "WLFI/USDT": 1782084972.3252332, "BEL/USDT": 1782086498.4360116, "BEAT/USDT": 1782086498.4360116, "STO/USDT": 1782087057.9893005, "NAORIS/USDT": 1782087057.9893005, "LAB/USDT": 1782090977.8595104, "ADA/USDT": 1782092158.0058637, "TNSR/USDT": 1782100265.4524198}, "vals": {"UB/USDT": 8.16, "BTW/USDT": 17.64, "RESOLV/USDT": 5.1, "CLO/USDT": 25.31, "ENA/USDT": 5.22, "EIGEN/USDT": 11.32}}