{"set": ["B/USDT", "CLO/USDT", "SKYAI/USDT", "T/USDT", "VANRY/USDT"], "left": {"VIRTUAL/USDT": 1783830955.5822108, "ARB/USDT": 1783843886.3491313, "XPIN/USDT": 1783846554.796885, "ENA/USDT": 1783850157.7283676}, "vals": {"T/USDT": 12.31, "B/USDT": 16.21, "CLO/USDT": 9.28, "VANRY/USDT": 17.18, "SKYAI/USDT": 3.96}}