{"set": ["BEAT/USDT", "BEL/USDT", "BICO/USDT", "BTW/USDT", "CLO/USDT", "HEI/USDT"], "left": {"FOLKS/USDT": 1781877095.3719654, "BSB/USDT": 1781879573.9431124, "SKYAI/USDT": 1781886707.6679676, "BASED/USDT": 1781891196.4910924}, "vals": {"BTW/USDT": 51.71, "BEL/USDT": 18.94, "CLO/USDT": 5.88, "BEAT/USDT": 11.98, "BICO/USDT": 79.26, "HEI/USDT": 29.19}}