{"set": ["ASTEROID/USDT", "BSB/USDT", "CLO/USDT", "EVAA/USDT", "JTO/USDT", "XLM/USDT", "XRP/USDT", "ZRO/USDT"], "left": {"WLFI/USDT": 1781545603.9212775, "CHIP/USDT": 1781550146.310581, "PEPE/USDT": 1781551306.9101093, "ENA/USDT": 1781560892.3096526, "FARTCOIN/USDT": 1781562369.5543702, "ESPORTS/USDT": 1781564481.917428, "SIREN/USDT": 1781565966.33896}, "vals": {"ASTEROID/USDT": 68.96, "EVAA/USDT": 75.91, "CLO/USDT": 3.83, "XRP/USDT": 4.29, "ZRO/USDT": 18.06, "XLM/USDT": 11.41, "JTO/USDT": 34.89, "BSB/USDT": 37.45}}