{"set": ["LAB/USDT", "TLM/USDT", "VANRY/USDT"], "left": {"VELVET/USDT": 1783231287.6714854, "M/USDT": 1783235156.7288575, "BAS/USDT": 1783236069.9352868}, "vals": {"VANRY/USDT": 3.23, "LAB/USDT": 4.35, "TLM/USDT": 10.23}}