{"set": ["ALLO/USDT", "BEL/USDT", "BTW/USDT", "CLO/USDT", "EIGEN/USDT", "ENA/USDT", "ID/USDT"], "left": {"HMSTR/USDT": 1782124881.5059009, "DOGE/USDT": 1782137202.693339, "UB/USDT": 1782137510.7530808, "XRP/USDT": 1782137510.7530808, "ADA/USDT": 1782138403.9731681, "PEPE/USDT": 1782138712.9855561, "RESOLV/USDT": 1782138712.9855561}, "vals": {"BTW/USDT": 47.07, "CLO/USDT": 28.15, "ENA/USDT": 10.8, "BEL/USDT": 23.28, "ID/USDT": 18.13, "EIGEN/USDT": 12.24, "ALLO/USDT": 14.31}}