{"set": ["BR/USDT", "BTW/USDT", "ESPORTS/USDT", "LAB/USDT", "SPX/USDT", "UNI/USDT", "\u9f99\u867e/USDT"], "left": {"H/USDT": 1781668262.6370485, "SKYAI/USDT": 1781669465.9265976, "SIREN/USDT": 1781672760.9604423, "BEAT/USDT": 1781673664.3652246, "SPACE/USDT": 1781676091.3308692, "BLESS/USDT": 1781676970.9589026, "XLM/USDT": 1781680868.9426517, "EVAA/USDT": 1781680868.9426517}, "vals": {"\u9f99\u867e/USDT": 7.7, "BR/USDT": 6.61, "LAB/USDT": 4.55, "SPX/USDT": 20.1, "BTW/USDT": 17.42, "ESPORTS/USDT": 20.26, "UNI/USDT": 12.35}}