{"set": ["ADA/USDT", "BEAT/USDT", "BTW/USDT", "M/USDT", "SKYAI/USDT", "TAIKO/USDT", "XLM/USDT"], "left": {"TAC/USDT": 1782866152.8073266, "AIGENSYN/USDT": 1782870962.4996216, "H/USDT": 1782878264.681469, "BAS/USDT": 1782879364.6226685, "RAVE/USDT": 1782880563.4311125, "RE/USDT": 1782882087.2449737, "BASED/USDT": 1782882965.7915213}, "vals": {"BTW/USDT": 24.68, "M/USDT": 5.74, "TAIKO/USDT": 9.55, "XLM/USDT": 5.25, "ADA/USDT": 4.58, "BEAT/USDT": 18.19, "SKYAI/USDT": 7.69}}