{"set": ["BAS/USDT", "EVAA/USDT", "LAB/USDT", "RESOLV/USDT", "SKYAI/USDT", "SLX/USDT"], "left": {"BTW/USDT": 1782358562.166448, "H/USDT": 1782372364.9331696, "ESPORTS/USDT": 1782374784.7962978, "BEAT/USDT": 1782378363.4330618}, "vals": {"BAS/USDT": 29.39, "LAB/USDT": 3.76, "SLX/USDT": 14.84, "RESOLV/USDT": 12.05, "SKYAI/USDT": 11.88, "EVAA/USDT": 11.0}}