{"set": ["ACE/USDT", "BANK/USDT", "BONK/USDT", "HOME/USDT", "PI/USDT"], "left": {"PEPE/USDT": 1784548567.946957, "KAITO/USDT": 1784549465.5360234, "AVAAI/USDT": 1784549465.5360234}, "vals": {"BONK/USDT": 12.46, "BANK/USDT": 25.21, "HOME/USDT": 8.3, "ACE/USDT": 59.31, "PI/USDT": 7.56}}