{"set": ["LAB/USDT"], "left": {"TRIA/USDT": 1784073695.6998954, "XRP/USDT": 1784073695.6998954, "KAITO/USDT": 1784073695.6998954, "PEPE/USDT": 1784073695.6998954, "ADA/USDT": 1784073695.6998954, "DOGE/USDT": 1784073695.6998954, "ENA/USDT": 1784073695.6998954, "BSB/USDT": 1784075155.0388765, "VELVET/USDT": 1784075483.4868767, "PUMPFUN/USDT": 1784075483.4868767, "DODO/USDT": 1784075483.4868767}, "vals": {"LAB/USDT": 3.91}}