{"set": ["ALICE/USDT", "BEAT/USDT", "EIGEN/USDT", "EPIC/USDT", "ESPORTS/USDT", "SLX/USDT"], "left": {"BICO/USDT": 1782000069.9734209, "GALA/USDT": 1782000069.9734209, "LAB/USDT": 1782000069.9734209, "CLO/USDT": 1782003954.350042, "BTW/USDT": 1782010882.8088453, "BEL/USDT": 1782010882.8088453, "SIREN/USDT": 1782011464.8930094}, "vals": {"ESPORTS/USDT": 3.07, "SLX/USDT": 7.19, "BEAT/USDT": 3.18, "EPIC/USDT": 8.61, "EIGEN/USDT": 6.43, "ALICE/USDT": 14.55}}