{"set": ["AKE/USDT", "PI/USDT", "PUMP/USDT"], "left": {"LAB/USDT": 1784077559.998516, "TRIA/USDT": 1784077882.459651, "PUMPFUN/USDT": 1784078750.6071393, "VELVET/USDT": 1784078750.6071393, "DODO/USDT": 1784078750.6071393, "BSB/USDT": 1784081148.7780273}, "vals": {"AKE/USDT": 106.27, "PUMP/USDT": 8.13, "PI/USDT": 4.18}}