{"set": ["BTW/USDT", "CAP/USDT", "LAB/USDT", "LIT/USDT", "NES/USDT", "TLM/USDT", "UB/USDT", "VANRY/USDT"], "left": {"MIRA/USDT": 1783278677.6371796, "WLFI/USDT": 1783288892.1587539, "VELVET/USDT": 1783289478.9227061, "ENA/USDT": 1783293677.5100284}, "vals": {"VANRY/USDT": 26.33, "UB/USDT": 17.52, "CAP/USDT": 3.22, "LAB/USDT": 6.52, "NES/USDT": 14.52, "BTW/USDT": 17.98, "TLM/USDT": 41.5, "LIT/USDT": 12.36}}