{"set": ["ASTEROID/USDT", "BEAT/USDT", "BEL/USDT", "BSB/USDT", "BTW/USDT", "CLO/USDT", "EIGEN/USDT", "ESPORTS/USDT", "UB/USDT"], "left": {"SKYAI/USDT": 1781911872.545053, "SYN/USDT": 1781913954.9455822, "BLESS/USDT": 1781913954.9455822, "BASED/USDT": 1781915763.145682, "LAB/USDT": 1781916662.773172, "BICO/USDT": 1781921462.5297523, "HEI/USDT": 1781924153.5218754}, "vals": {"ASTEROID/USDT": 3.5, "UB/USDT": 3.9, "BTW/USDT": 5.22, "ESPORTS/USDT": 4.83, "BEL/USDT": 7.0, "CLO/USDT": 8.12, "BEAT/USDT": 7.8, "BSB/USDT": 3.08, "EIGEN/USDT": 8.51}}