{"set": ["LIT/USDT", "NES/USDT", "VANRY/USDT"], "left": {"HMSTR/USDT": 1783314962.4727664, "EPIC/USDT": 1783317960.707354, "LAB/USDT": 1783319753.3504353, "VELVET/USDT": 1783326359.0054882, "UB/USDT": 1783329958.4682093, "SLX/USDT": 1783332966.7056172}, "vals": {"VANRY/USDT": 18.57, "NES/USDT": 8.38, "LIT/USDT": 3.33}}