{"set": ["AKE/USDT", "KAITO/USDT"], "left": {"CRO/USDT": 1784260880.8118584, "SKYAI/USDT": 1784269265.0068219, "ESPORTS/USDT": 1784272554.7914135, "US/USDT": 1784274962.0930705, "BANK/USDT": 1784275296.328523, "TAC/USDT": 1784275556.5844533}, "vals": {"AKE/USDT": 4.33, "KAITO/USDT": 3.15}}