{"set": ["ARB/USDT", "EDGEX/USDT", "ENA/USDT", "TAG/USDT"], "left": {"KAITO/USDT": 1783631165.7486725, "ESPORTS/USDT": 1783641690.7023995, "BASED/USDT": 1783641690.7023995, "SKYAI/USDT": 1783641690.7023995, "TAC/USDT": 1783645561.3696177, "LAB/USDT": 1783648884.6974123, "VANRY/USDT": 1783648884.6974123, "EVAA/USDT": 1783650956.3846478, "US/USDT": 1783650956.3846478}, "vals": {"TAG/USDT": 9.06, "EDGEX/USDT": 5.76, "ENA/USDT": 3.25, "ARB/USDT": 6.16}}