{"set": ["BTW/USDT", "CAP/USDT", "LAB/USDT", "LIT/USDT", "NES/USDT", "TLM/USDT", "UB/USDT", "VANRY/USDT"], "left": {"MIRA/USDT": 1783278677.6371796, "WLFI/USDT": 1783288892.1587539, "VELVET/USDT": 1783289478.9227061, "ENA/USDT": 1783293077.1010935}, "vals": {"VANRY/USDT": 23.26, "UB/USDT": 16.1, "CAP/USDT": 9.21, "LAB/USDT": 6.63, "NES/USDT": 16.6, "BTW/USDT": 16.07, "TLM/USDT": 41.34, "LIT/USDT": 12.4}}