{"set": ["ACE/USDT", "BONK/USDT", "HOME/USDT", "KAITO/USDT", "PI/USDT"], "left": {"PEPE/USDT": 1784517062.9586895, "ESPORTS/USDT": 1784523357.0800269, "TLM/USDT": 1784527554.2372587, "AVAAI/USDT": 1784528750.8587875, "BANK/USDT": 1784533267.084685}, "vals": {"BONK/USDT": 3.7, "HOME/USDT": 3.48, "ACE/USDT": 58.96, "KAITO/USDT": 3.6, "PI/USDT": 5.4}}