{"set": ["ADA/USDT", "BIRB/USDT", "BREV/USDT", "DOGE/USDT", "ENA/USDT", "LIT/USDT", "M/USDT", "PEPE/USDT", "TLM/USDT", "XRP/USDT"], "left": {"LAB/USDT": 1782981670.6143816, "SLX/USDT": 1782988872.3451953, "BAS/USDT": 1782990368.4244921, "TAC/USDT": 1782992775.2916791, "UB/USDT": 1782993076.3630064}, "vals": {"PEPE/USDT": 5.25, "BIRB/USDT": 61.24, "BREV/USDT": 30.95, "M/USDT": 24.38, "TLM/USDT": 4.31, "XRP/USDT": 4.0, "ADA/USDT": 5.14, "ENA/USDT": 9.22, "DOGE/USDT": 3.3, "LIT/USDT": 7.01}}