{"set": ["ARB/USDT", "CLO/USDT", "HMSTR/USDT", "SKYAI/USDT"], "left": {"SKL/USDT": 1783765557.1738527, "TAG/USDT": 1783768558.0159066, "XPIN/USDT": 1783776956.3977575, "BEAT/USDT": 1783780881.3564336}, "vals": {"HMSTR/USDT": 3.36, "CLO/USDT": 24.9, "SKYAI/USDT": 4.38, "ARB/USDT": 3.41}}