{"set": ["AKE/USDT", "AVAAI/USDT", "B/USDT", "BANK/USDT"], "left": {"LAB/USDT": 1784401283.1758833, "ESPORTS/USDT": 1784404556.3307226, "US/USDT": 1784405760.0420237}, "vals": {"AKE/USDT": 35.44, "BANK/USDT": 62.68, "AVAAI/USDT": 11.37, "B/USDT": 42.42}}