{"NASDAQ:PPCB": 1781384600.1710165, "NASDAQ:RKDA": 1781384600.1710165, "NASDAQ:VRA": 1781384600.1710165, "NASDAQ:GLXG": 1781384600.1710165, "AMEX:TMDE": 1781384600.1710165, "NASDAQ:MTEN": 1781384600.1710165}