{"set": ["KAITO/USDT", "NES/USDT", "SLX/USDT", "VANRY/USDT"], "left": {"UNI/USDT": 1783544196.627076, "EDGEX/USDT": 1783549291.5444176, "LDO/USDT": 1783550484.2703545, "EVAA/USDT": 1783551355.7519875}, "vals": {"VANRY/USDT": 9.68, "NES/USDT": 4.8, "KAITO/USDT": 9.1, "SLX/USDT": 9.51}}