{"set": ["ADA/USDT", "BIRB/USDT", "BREV/USDT", "ENA/USDT", "LIT/USDT", "M/USDT", "PEPE/USDT", "TLM/USDT", "XRP/USDT"], "left": {"LAB/USDT": 1782981670.6143816, "SLX/USDT": 1782988872.3451953, "BAS/USDT": 1782990368.4244921, "TAC/USDT": 1782992775.2916791, "UB/USDT": 1782993076.3630064}, "vals": {"PEPE/USDT": 5.21, "BIRB/USDT": 63.14, "BREV/USDT": 32.07, "M/USDT": 23.0, "TLM/USDT": 8.75, "ADA/USDT": 3.9, "XRP/USDT": 3.05, "ENA/USDT": 8.9, "LIT/USDT": 4.93}}