{"set": ["CLO/USDT", "FOLKS/USDT", "H/USDT", "LAB/USDT", "SKYAI/USDT", "XLM/USDT", "\u9f99\u867e/USDT"], "left": {"ESPORTS/USDT": 1781770868.3157644, "SIREN/USDT": 1781781403.490746, "BIO/USDT": 1781784395.5034444, "BTW/USDT": 1781784395.5034444, "HOME/USDT": 1781787725.655748, "AGT/USDT": 1781787725.655748}, "vals": {"\u9f99\u867e/USDT": 4.5, "LAB/USDT": 19.9, "CLO/USDT": 20.06, "H/USDT": 11.76, "XLM/USDT": 9.72, "SKYAI/USDT": 7.48, "FOLKS/USDT": 16.7}}