{"set": ["BAS/USDT", "BTW/USDT", "H/USDT", "RE/USDT", "XLM/USDT"], "left": {"VELVET/USDT": 1782858063.506421, "TAC/USDT": 1782866152.8073266, "BEAT/USDT": 1782867058.0822861, "TAIKO/USDT": 1782867955.2676673, "AIGENSYN/USDT": 1782870962.4996216, "BASED/USDT": 1782871279.518773, "M/USDT": 1782871279.518773}, "vals": {"BAS/USDT": 4.31, "BTW/USDT": 16.48, "XLM/USDT": 5.95, "RE/USDT": 3.92, "H/USDT": 4.04}}