{"set": ["BIRB/USDT", "BREV/USDT", "ENA/USDT", "LIT/USDT", "M/USDT", "PEPE/USDT", "UB/USDT"], "left": {"BAS/USDT": 1782966955.2973764, "BASED/USDT": 1782969670.7670445, "LAB/USDT": 1782981670.6143816, "SLX/USDT": 1782986775.91599}, "vals": {"PEPE/USDT": 4.01, "UB/USDT": 3.23, "BIRB/USDT": 62.52, "BREV/USDT": 38.66, "M/USDT": 12.58, "ENA/USDT": 8.98, "LIT/USDT": 3.62}}