{"set": ["ESPORTS/USDT", "KAITO/USDT"], "left": {"RAVE/USDT": 1784250962.934766, "CRO/USDT": 1784260880.8118584, "US/USDT": 1784269265.0068219, "SKYAI/USDT": 1784269265.0068219, "BANK/USDT": 1784271056.6023064, "TAC/USDT": 1784271056.6023064}, "vals": {"ESPORTS/USDT": 3.14, "KAITO/USDT": 3.94}}