{"set": ["AKE/USDT", "B/USDT"], "left": {"LAB/USDT": 1784372152.5391364, "BANK/USDT": 1784377867.7585218}, "vals": {"AKE/USDT": 19.43, "B/USDT": 54.62}}