{"set": ["ADA/USDT", "BIRB/USDT", "BREV/USDT", "ENA/USDT", "LIT/USDT", "M/USDT", "PEPE/USDT"], "left": {"BASED/USDT": 1782969670.7670445, "LAB/USDT": 1782981670.6143816, "UB/USDT": 1782988568.046464, "BAS/USDT": 1782988568.046464, "SLX/USDT": 1782988872.3451953}, "vals": {"PEPE/USDT": 4.22, "BIRB/USDT": 70.05, "BREV/USDT": 37.82, "M/USDT": 13.52, "ADA/USDT": 3.32, "ENA/USDT": 8.83, "LIT/USDT": 3.53}}