{"set": ["BAS/USDT", "BEAT/USDT", "LAB/USDT", "RESOLV/USDT", "SKYAI/USDT", "SLX/USDT"], "left": {"H/USDT": 1782372364.9331696, "ESPORTS/USDT": 1782374784.7962978, "EVAA/USDT": 1782385286.939095, "WLFI/USDT": 1782385286.939095, "BLESS/USDT": 1782385286.939095}, "vals": {"BAS/USDT": 20.64, "LAB/USDT": 7.29, "SLX/USDT": 5.16, "RESOLV/USDT": 14.84, "BEAT/USDT": 8.47, "SKYAI/USDT": 14.67}}