{"set": ["ACE/USDT", "BANK/USDT", "BONK/USDT", "HOME/USDT", "PI/USDT"], "left": {"PEPE/USDT": 1784548567.946957, "AVAAI/USDT": 1784549465.5360234, "ENA/USDT": 1784554878.473591, "KAITO/USDT": 1784555764.3856475}, "vals": {"BONK/USDT": 8.87, "BANK/USDT": 25.99, "HOME/USDT": 3.35, "ACE/USDT": 40.33, "PI/USDT": 6.16}}