{"set": ["EDGEX/USDT", "SKYAI/USDT", "TAG/USDT"], "left": {"ENA/USDT": 1783580512.1679814, "UNI/USDT": 1783582297.4941254, "CLO/USDT": 1783587968.868174, "KAITO/USDT": 1783589763.6256015, "POWER/USDT": 1783589763.6256015, "VANRY/USDT": 1783590088.9823792}, "vals": {"TAG/USDT": 12.41, "EDGEX/USDT": 13.18, "SKYAI/USDT": 11.19}}