{"set": ["LAB/USDT", "TAG/USDT"], "left": {"KAITO/USDT": 1783631165.7486725, "ENA/USDT": 1783638688.140897, "ESPORTS/USDT": 1783641690.7023995, "BASED/USDT": 1783641690.7023995, "ARB/USDT": 1783641690.7023995, "SKYAI/USDT": 1783641690.7023995, "EVAA/USDT": 1783645561.3696177, "EDGEX/USDT": 1783645561.3696177, "TAC/USDT": 1783645561.3696177, "US/USDT": 1783647355.6420429}, "vals": {"TAG/USDT": 4.35, "LAB/USDT": 12.78}}