{"set": ["BTW/USDT", "NES/USDT", "TLM/USDT", "UB/USDT", "VANRY/USDT", "WLFI/USDT"], "left": {"HMSTR/USDT": 1783266363.6915896, "M/USDT": 1783269086.9972239, "LAB/USDT": 1783270889.725624}, "vals": {"VANRY/USDT": 20.95, "UB/USDT": 14.01, "BTW/USDT": 19.63, "NES/USDT": 27.18, "WLFI/USDT": 3.13, "TLM/USDT": 28.55}}