{"set": ["BAS/USDT", "VELVET/USDT"], "left": {"WLFI/USDT": 1782773166.404553, "BEAT/USDT": 1782776765.6729114, "AGLD/USDT": 1782777687.2265365, "RAVE/USDT": 1782777687.2265365, "PUMPFUN/USDT": 1782777967.3393908, "UB/USDT": 1782778255.6105034, "TAC/USDT": 1782778255.6105034, "POWR/USDT": 1782778255.6105034, "RE/USDT": 1782780949.2516375, "ESPORTS/USDT": 1782781854.0830033, "GWEI/USDT": 1782784258.0603638, "ACT/USDT": 1782786351.228581, "O/USDT": 1782786958.5505903, "SYN/USDT": 1782789055.986647, "KAS/USDT": 1782789055.986647, "AIGENSYN/USDT": 1782789055.986647, "XLM/USDT": 1782789055.986647}, "vals": {"BAS/USDT": 5.32, "VELVET/USDT": 3.46}}