{"set": ["BEAT/USDT", "BEL/USDT", "BTW/USDT", "CLO/USDT", "HEI/USDT"], "left": {"FOLKS/USDT": 1781877095.3719654, "BSB/USDT": 1781879573.9431124, "SKYAI/USDT": 1781886707.6679676, "BASED/USDT": 1781889693.5438626}, "vals": {"BTW/USDT": 48.91, "BEL/USDT": 18.03, "CLO/USDT": 6.51, "BEAT/USDT": 8.14, "HEI/USDT": 30.92}}