{"set": ["CLO/USDT", "EDGEX/USDT", "EVAA/USDT", "NES/USDT", "SLX/USDT", "VANRY/USDT"], "left": {"US/USDT": 1783472500.8082616, "EPIC/USDT": 1783473673.5877848, "LAB/USDT": 1783474873.5287735, "SKYAI/USDT": 1783476091.7598207, "TAC/USDT": 1783476955.12267, "TLM/USDT": 1783490504.3157682}, "vals": {"EDGEX/USDT": 17.4, "VANRY/USDT": 3.74, "NES/USDT": 7.91, "CLO/USDT": 5.48, "EVAA/USDT": 11.43, "SLX/USDT": 6.88}}