{"JCT/USDT": 1781391152.660946, "COAI/USDT": 1781391152.660946, "VELVET/USDT": 1781384600.1676564, "RIF/USDT": 1781395294.0551212, "BEAT/USDT": 1781395294.0551212, "XPL/USDT": 1781391152.660946, "H/USDT": 1781391152.660946, "SKYAI/USDT": 1781391152.660946, "ENA/USDT": 1781391152.660946}