{"set": ["AKE/USDT", "BANK/USDT", "LRC/USDT", "ONDO/USDT", "US/USDT"], "left": {"ESPORTS/USDT": 1784289361.5060365, "BILL/USDT": 1784291480.5933228, "KAITO/USDT": 1784304671.823142, "ADA/USDT": 1784308897.9761326}, "vals": {"AKE/USDT": 28.72, "BANK/USDT": 13.25, "US/USDT": 8.11, "LRC/USDT": 35.45, "ONDO/USDT": 3.85}}