{"set": ["CLO/USDT", "EDGEX/USDT", "POWER/USDT", "SKYAI/USDT", "VANRY/USDT"], "left": {"NES/USDT": 1783555311.7287774, "SLX/USDT": 1783555311.7287774, "APE/USDT": 1783556172.0513215, "KAITO/USDT": 1783556172.0513215, "RAVE/USDT": 1783556172.0513215, "FET/USDT": 1783556172.0513215, "ANSEM/USDT": 1783556172.0513215, "UAI/USDT": 1783556172.0513215, "OGN/USDT": 1783556172.0513215, "EVAA/USDT": 1783559488.4230435, "LAB/USDT": 1783564557.8091063, "TAG/USDT": 1783575359.72321}, "vals": {"EDGEX/USDT": 4.33, "POWER/USDT": 3.34, "VANRY/USDT": 9.31, "SKYAI/USDT": 12.14, "CLO/USDT": 9.87}}