{"set": ["MYX/USDT", "SLX/USDT", "VELVET/USDT", "WIF/USDT"], "left": {"JTO/USDT": 1782558659.0702903, "M/USDT": 1782570061.7170103, "UB/USDT": 1782570356.5255635, "ESPORTS/USDT": 1782570953.3599927, "AGLD/USDT": 1782576354.5298}, "vals": {"VELVET/USDT": 112.39, "SLX/USDT": 15.84, "WIF/USDT": 15.62, "MYX/USDT": 35.31}}