{"set": ["BEAT/USDT", "BTW/USDT", "ESPORTS/USDT", "LAB/USDT", "SKYAI/USDT", "SPACE/USDT", "UNI/USDT", "XLM/USDT", "\u9f99\u867e/USDT"], "left": {"SPX/USDT": 1781654485.207243, "JTO/USDT": 1781654485.207243, "ASTEROID/USDT": 1781654485.207243, "LUNC/USDT": 1781654750.7251735, "BLESS/USDT": 1781654750.7251735, "VELVET/USDT": 1781654750.7251735, "BSB/USDT": 1781655354.1214187, "EVAA/USDT": 1781655959.2465234, "BR/USDT": 1781660456.923042, "H/USDT": 1781668262.6370485}, "vals": {"\u9f99\u867e/USDT": 4.84, "SPACE/USDT": 3.32, "LAB/USDT": 4.13, "BTW/USDT": 7.5, "ESPORTS/USDT": 12.76, "BEAT/USDT": 14.07, "SKYAI/USDT": 4.34, "XLM/USDT": 5.32, "UNI/USDT": 7.33}}