{"set": ["M/USDT", "NES/USDT", "OPG/USDT", "TAC/USDT", "TLM/USDT", "WLFI/USDT"], "left": {"LAB/USDT": 1783405900.8362122, "EPIC/USDT": 1783410365.9587643, "VANRY/USDT": 1783418506.3333259}, "vals": {"OPG/USDT": 13.36, "NES/USDT": 6.23, "TAC/USDT": 55.55, "WLFI/USDT": 4.96, "M/USDT": 25.58, "TLM/USDT": 13.42}}