{"set": ["BEAT/USDT", "BEL/USDT", "LAB/USDT", "TNSR/USDT", "UB/USDT"], "left": {"ESPORTS/USDT": 1782081082.4611847, "RESOLV/USDT": 1782084972.3252332, "WLFI/USDT": 1782084972.3252332}, "vals": {"UB/USDT": 53.72, "TNSR/USDT": 49.61, "LAB/USDT": 18.52, "BEL/USDT": 10.38, "BEAT/USDT": 3.0}}