{"set": ["AKE/USDT", "BANK/USDT", "ERA/USDT", "RIF/USDT", "ZAMA/USDT"], "left": {"ONDO/USDT": 1784762466.1418607, "ENA/USDT": 1784764885.4666567, "LAB/USDT": 1784764885.4666567, "US/USDT": 1784764885.4666567, "NIGHT/USDT": 1784767858.7784984, "MIRA/USDT": 1784768153.5253203, "RE/USDT": 1784771754.1040137}, "vals": {"AKE/USDT": 3.45, "BANK/USDT": 3.84, "ERA/USDT": 8.14, "ZAMA/USDT": 4.59, "RIF/USDT": 19.2}}