{"set": ["EPIC/USDT", "LAB/USDT", "TNSR/USDT", "UB/USDT"], "left": {"BEAT/USDT": 1782026755.5463672, "ESPORTS/USDT": 1782039356.6699903, "ENA/USDT": 1782040857.9481757, "SIREN/USDT": 1782046878.837981}, "vals": {"UB/USDT": 30.98, "TNSR/USDT": 65.08, "LAB/USDT": 13.93, "EPIC/USDT": 11.26}}