{"set": ["BEAT/USDT", "BEL/USDT", "BICO/USDT", "BTW/USDT", "CLO/USDT", "HEI/USDT"], "left": {"SKYAI/USDT": 1781886707.6679676, "BSB/USDT": 1781897190.9785345, "H/USDT": 1781901395.442788, "BASED/USDT": 1781907660.2789173}, "vals": {"BTW/USDT": 69.35, "BEL/USDT": 15.03, "CLO/USDT": 7.82, "BEAT/USDT": 12.92, "BICO/USDT": 80.94, "HEI/USDT": 23.24}}