{"set": ["NASDAQ:TDIC"], "left": {"NASDAQ:CETX": 1783411317.1386607, "NASDAQ:PPCB": 1783411317.1386607, "NASDAQ:WHLR": 1783411317.1386607, "NASDAQ:USDE": 1783411317.1386607, "NASDAQ:CLRO": 1783411317.1386607, "AMEX:SDEV": 1783411317.1386607, "NASDAQ:CWD": 1783411317.1386607, "NASDAQ:CRE": 1783412478.2524836, "NASDAQ:ZCMD": 1783412478.2524836, "NASDAQ:KIDZ": 1783412478.2524836, "NASDAQ:FXHO": 1783412478.2524836, "NYSE:PEW": 1783412478.2524836, "NASDAQ:SPHL": 1783412478.2524836, "NASDAQ:LUCY": 1783412478.2524836, "NASDAQ:LHSW": 1783412478.2524836, "NASDAQ:JLHL": 1783412478.2524836}, "vals": {"NASDAQ:TDIC": 20.33}}