{"set": ["B/USDT", "BILL/USDT", "ENA/USDT", "LAB/USDT"], "left": {"T/USDT": 1784000475.9117653, "ZBT/USDT": 1784013089.8568041, "VELVET/USDT": 1784020563.9516664}, "vals": {"BILL/USDT": 6.97, "LAB/USDT": 10.2, "B/USDT": 4.53, "ENA/USDT": 4.97}}