{"set": ["AKE/USDT", "BANK/USDT", "ESPORTS/USDT"], "left": {"ONDO/USDT": 1784318797.1005747, "LRC/USDT": 1784332881.7501092, "ADA/USDT": 1784332881.7501092, "US/USDT": 1784332881.7501092, "XEC/USDT": 1784333454.8118052}, "vals": {"AKE/USDT": 5.5, "BANK/USDT": 5.61, "ESPORTS/USDT": 6.93}}