{"set": ["AGLD/USDT", "MYX/USDT", "SLX/USDT", "VELVET/USDT", "WIF/USDT"], "left": {"JTO/USDT": 1782558659.0702903, "M/USDT": 1782570061.7170103, "UB/USDT": 1782570356.5255635, "ESPORTS/USDT": 1782570953.3599927}, "vals": {"VELVET/USDT": 105.12, "AGLD/USDT": 5.67, "SLX/USDT": 14.98, "WIF/USDT": 11.94, "MYX/USDT": 31.15}}