{"set": ["AMEX:MCRP", "NASDAQ:CLWT", "NASDAQ:EHGO", "NASDAQ:ELTX", "NASDAQ:ICCM", "NASDAQ:LNAI", "NASDAQ:OBAI"], "left": {"NASDAQ:CCTG": 1781769705.2666976, "NASDAQ:SUGP": 1781769705.2666976, "NASDAQ:CRVO": 1781769705.2666976, "NASDAQ:GDHG": 1781770868.318212, "NASDAQ:CRE": 1781770868.318212, "NASDAQ:SDOT": 1781770868.318212, "NASDAQ:FTHM": 1781770868.318212, "NASDAQ:MNTS": 1781770868.318212, "AMEX:RGNT": 1781770868.318212, "NASDAQ:UTSI": 1781770868.318212}, "vals": {"NASDAQ:ICCM": 98.59, "NASDAQ:EHGO": 264.39, "NASDAQ:ELTX": 14.31, "NASDAQ:CLWT": 105.0, "AMEX:MCRP": 12.98, "NASDAQ:LNAI": 66.61, "NASDAQ:OBAI": 29.28}}