{"set": ["ADA/USDT", "BAS/USDT", "BASED/USDT", "BTW/USDT", "DYDX/USDT", "NFP/USDT", "SKYAI/USDT", "TAIKO/USDT", "XLM/USDT"], "left": {"RAVE/USDT": 1782880563.4311125, "RE/USDT": 1782882087.2449737, "BEAT/USDT": 1782887166.1826334, "M/USDT": 1782900367.2833912, "O/USDT": 1782901298.2856789, "AIGENSYN/USDT": 1782901908.2078907}, "vals": {"BAS/USDT": 15.22, "BASED/USDT": 15.51, "BTW/USDT": 28.97, "TAIKO/USDT": 72.87, "NFP/USDT": 59.74, "XLM/USDT": 3.83, "ADA/USDT": 4.16, "SKYAI/USDT": 3.75, "DYDX/USDT": 11.31}}