{"set": ["BTW/USDT", "CLO/USDT", "ESPORTS/USDT", "H/USDT", "LAB/USDT", "SKYAI/USDT"], "left": {"VELVET/USDT": 1781444792.1403408, "JCT/USDT": 1781446321.9346998, "MEGA/USDT": 1781457131.357136, "TRADOOR/USDT": 1781457426.0167322}, "vals": {"ESPORTS/USDT": 13.91, "H/USDT": 9.92, "BTW/USDT": 8.35, "CLO/USDT": 34.39, "LAB/USDT": 4.24, "SKYAI/USDT": 3.39}}