{"set": ["ASTEROID/USDT", "CHIP/USDT", "CLO/USDT", "ESPORTS/USDT", "EVAA/USDT", "SIREN/USDT", "TRADOOR/USDT"], "left": {"LAB/USDT": 1781486463.1124449, "OPG/USDT": 1781488257.9583573, "VELVET/USDT": 1781493062.1771092, "H/USDT": 1781499688.6071773, "BEAT/USDT": 1781503571.7424152, "ENA/USDT": 1781503867.7316256, "SKYAI/USDT": 1781503867.7316256, "WLFI/USDT": 1781506271.419499, "JCT/USDT": 1781506886.7002296, "JELLYJELLY/USDT": 1781507773.5114925}, "vals": {"ASTEROID/USDT": 88.42, "SIREN/USDT": 11.63, "CHIP/USDT": 13.51, "ESPORTS/USDT": 12.99, "EVAA/USDT": 24.5, "CLO/USDT": 38.3, "TRADOOR/USDT": 13.69}}