{"set": ["ADA/USDT", "BASED/USDT", "BTW/USDT", "LIT/USDT", "M/USDT", "NFP/USDT", "O/USDT", "TAIKO/USDT", "XLM/USDT", "ZBT/USDT"], "left": {"DYDX/USDT": 1782928922.848585, "BAS/USDT": 1782931300.4252787, "AIGENSYN/USDT": 1782936117.144154, "SKYAI/USDT": 1782940285.1011455, "XRP/USDT": 1782945079.1081045}, "vals": {"TAIKO/USDT": 286.88, "NFP/USDT": 660.17, "BASED/USDT": 26.01, "ZBT/USDT": 24.04, "M/USDT": 67.88, "BTW/USDT": 25.57, "ADA/USDT": 8.25, "XLM/USDT": 6.07, "O/USDT": 18.12, "LIT/USDT": 13.78}}