{"set": ["BEL/USDT", "BICO/USDT", "BTW/USDT", "CLO/USDT", "EPIC/USDT", "ESPORTS/USDT", "GALA/USDT"], "left": {"HEI/USDT": 1781949681.8658605, "SKYAI/USDT": 1781951164.1377556, "AGT/USDT": 1781953861.097182, "EIGEN/USDT": 1781964659.4152844}, "vals": {"BTW/USDT": 64.58, "ESPORTS/USDT": 13.85, "BEL/USDT": 41.55, "GALA/USDT": 3.32, "CLO/USDT": 23.69, "BICO/USDT": 14.45, "EPIC/USDT": 9.01}}