{"set": ["EDGEX/USDT", "KAITO/USDT", "NES/USDT", "SLX/USDT", "UNI/USDT", "VANRY/USDT"], "left": {"VELVET/USDT": 1783520793.9343097, "CLO/USDT": 1783526794.2447305, "EVAA/USDT": 1783528919.239938, "LDO/USDT": 1783535191.2500618}, "vals": {"EDGEX/USDT": 5.3, "VANRY/USDT": 18.16, "NES/USDT": 3.01, "KAITO/USDT": 7.18, "SLX/USDT": 8.62, "UNI/USDT": 4.07}}