{"set": ["ARB/USDT", "CLO/USDT", "ENA/USDT", "T/USDT"], "left": {"SKYAI/USDT": 1783782026.1493845, "BEAT/USDT": 1783782026.1493845, "HMSTR/USDT": 1783783887.6966646, "ADA/USDT": 1783797361.2512817, "XPIN/USDT": 1783797681.7226915}, "vals": {"T/USDT": 28.99, "CLO/USDT": 29.64, "ENA/USDT": 3.48, "ARB/USDT": 5.02}}