{"set": ["AKE/USDT", "BANK/USDT", "ESPORTS/USDT", "LRC/USDT", "US/USDT"], "left": {"KAITO/USDT": 1784310101.07536, "ONDO/USDT": 1784318797.1005747, "ADA/USDT": 1784320309.4516215}, "vals": {"AKE/USDT": 41.55, "BANK/USDT": 4.71, "US/USDT": 9.62, "ESPORTS/USDT": 12.91, "LRC/USDT": 34.53}}