{"set": ["BAS/USDT", "BTW/USDT", "M/USDT", "RE/USDT", "TAIKO/USDT", "XLM/USDT"], "left": {"VELVET/USDT": 1782858063.506421, "TAC/USDT": 1782866152.8073266, "BEAT/USDT": 1782867058.0822861, "AIGENSYN/USDT": 1782870962.4996216, "BASED/USDT": 1782873663.6213746, "H/USDT": 1782876067.9752543}, "vals": {"BAS/USDT": 5.55, "BTW/USDT": 24.22, "TAIKO/USDT": 4.46, "M/USDT": 9.28, "XLM/USDT": 7.18, "RE/USDT": 3.01}}