{"set": ["BTW/USDT", "LAB/USDT", "MIRA/USDT", "NES/USDT", "TLM/USDT", "UB/USDT", "VANRY/USDT", "WLFI/USDT"], "left": {"HMSTR/USDT": 1783266363.6915896, "M/USDT": 1783269086.9972239, "LIT/USDT": 1783274498.418961, "VELVET/USDT": 1783277756.5366247}, "vals": {"UB/USDT": 14.13, "VANRY/USDT": 21.56, "LAB/USDT": 7.81, "BTW/USDT": 15.84, "NES/USDT": 25.57, "WLFI/USDT": 3.22, "MIRA/USDT": 3.17, "TLM/USDT": 54.08}}