{"set": ["BEAT/USDT", "BSB/USDT", "BTW/USDT", "ESPORTS/USDT", "FOLKS/USDT", "LAB/USDT"], "left": {"SKYAI/USDT": 1781818561.0220134, "AGT/USDT": 1781822466.085143, "XLM/USDT": 1781827299.6970115, "VIRTUAL/USDT": 1781827549.1006176, "FLOKI/USDT": 1781827549.1006176, "ENA/USDT": 1781827549.1006176, "MYX/USDT": 1781827549.1006176, "POL/USDT": 1781827549.1006176, "ASTEROID/USDT": 1781827549.1006176, "SEI/USDT": 1781827549.1006176, "FET/USDT": 1781827549.1006176, "SYN/USDT": 1781827549.1006176, "PENGU/USDT": 1781827549.1006176, "BIO/USDT": 1781832056.0748942, "VELVET/USDT": 1781832351.1867995, "CLO/USDT": 1781835055.7451491}, "vals": {"ESPORTS/USDT": 9.86, "LAB/USDT": 3.92, "BTW/USDT": 8.12, "BEAT/USDT": 7.41, "BSB/USDT": 5.18, "FOLKS/USDT": 3.7}}