{"set": ["BANK/USDT", "ESPORTS/USDT"], "left": {"ONDO/USDT": 1784318797.1005747, "ADA/USDT": 1784332881.7501092, "US/USDT": 1784332881.7501092, "XEC/USDT": 1784333454.8118052, "AKE/USDT": 1784335257.1391053, "LRC/USDT": 1784337665.1118386, "BILL/USDT": 1784338265.196659}, "vals": {"BANK/USDT": 5.72, "ESPORTS/USDT": 11.86}}