{"set": ["BTW/USDT", "CLO/USDT", "ESPORTS/USDT", "LAB/USDT", "SKYAI/USDT", "TRADOOR/USDT"], "left": {"XPL/USDT": 1781434933.697731, "VELVET/USDT": 1781444792.1403408, "JCT/USDT": 1781446321.9346998, "H/USDT": 1781455750.9948473}, "vals": {"ESPORTS/USDT": 16.34, "BTW/USDT": 7.13, "CLO/USDT": 32.46, "TRADOOR/USDT": 3.88, "LAB/USDT": 5.02, "SKYAI/USDT": 3.25}}