{"set": ["BANK/USDT", "ENA/USDT", "ERA/USDT", "LAB/USDT", "MIRA/USDT", "RE/USDT", "US/USDT"], "left": {"ONDO/USDT": 1784740923.4816012, "ADA/USDT": 1784742701.6604655, "BONK/USDT": 1784745117.2059247, "AKE/USDT": 1784749894.408872}, "vals": {"BANK/USDT": 17.66, "ERA/USDT": 3.37, "US/USDT": 7.79, "LAB/USDT": 11.08, "RE/USDT": 24.8, "MIRA/USDT": 16.43, "ENA/USDT": 6.52}}