{"set": ["ADA/USDT", "ARPA/USDT", "BAS/USDT", "GUA/USDT", "PEPE/USDT", "TLM/USDT", "ZKP/USDT"], "left": {"TAC/USDT": 1783066278.9986367, "US/USDT": 1783076497.9331872, "M/USDT": 1783077676.7961626, "MAGMA/USDT": 1783084303.3080373}, "vals": {"PEPE/USDT": 4.13, "ARPA/USDT": 34.92, "ZKP/USDT": 25.16, "BAS/USDT": 19.03, "GUA/USDT": 8.16, "TLM/USDT": 4.72, "ADA/USDT": 5.58}}