{"set": ["BAS/USDT", "MAGIC/USDT", "RAVE/USDT", "SLX/USDT", "VELVET/USDT"], "left": {"WIF/USDT": 1782673561.6373107, "LAB/USDT": 1782682330.3504665, "ACT/USDT": 1782691284.653991, "BEAT/USDT": 1782691284.653991, "MANTA/USDT": 1782691284.653991, "UB/USDT": 1782691284.653991, "O/USDT": 1782691284.653991}, "vals": {"BAS/USDT": 7.94, "MAGIC/USDT": 4.18, "RAVE/USDT": 10.61, "VELVET/USDT": 6.35, "SLX/USDT": 7.18}}