{"set": ["ACE/USDT", "BANK/USDT", "HOME/USDT", "KAITO/USDT", "PI/USDT"], "left": {"BONK/USDT": 1784495464.7845154, "PEPE/USDT": 1784496063.9469194, "TLM/USDT": 1784505693.7150998, "B/USDT": 1784506264.8048582, "PUMPFUN/USDT": 1784506264.8048582, "AKE/USDT": 1784512260.9563913, "ESPORTS/USDT": 1784516157.2112594}, "vals": {"BANK/USDT": 6.67, "HOME/USDT": 4.95, "KAITO/USDT": 5.42, "PI/USDT": 4.86, "ACE/USDT": 14.59}}