{"set": ["BTW/USDT", "ESPORTS/USDT", "MMT/USDT", "RESOLV/USDT"], "left": {"ID/USDT": 1782203167.1947546, "BEL/USDT": 1782203478.1150124, "FOLKS/USDT": 1782206171.7866685, "CLO/USDT": 1782216369.631479, "LAYER/USDT": 1782217882.904279}, "vals": {"BTW/USDT": 11.3, "RESOLV/USDT": 17.0, "MMT/USDT": 7.55, "ESPORTS/USDT": 15.17}}