{"set": ["BASED/USDT", "BICO/USDT", "BTW/USDT"], "left": {"BSB/USDT": 1781897190.9785345, "H/USDT": 1781901395.442788, "SKYAI/USDT": 1781911872.545053, "HEI/USDT": 1781913684.1579404, "BEAT/USDT": 1781913684.1579404, "CLO/USDT": 1781913684.1579404, "BEL/USDT": 1781913684.1579404, "SYN/USDT": 1781913954.9455822, "BLESS/USDT": 1781913954.9455822}, "vals": {"BTW/USDT": 7.66, "BASED/USDT": 3.04, "BICO/USDT": 4.78}}