{"set": ["EDGEX/USDT", "EVAA/USDT", "KAITO/USDT", "SLX/USDT", "VANRY/USDT"], "left": {"CLO/USDT": 1783526794.2447305, "LDO/USDT": 1783535191.2500618, "NES/USDT": 1783542392.938328, "UNI/USDT": 1783542991.504887}, "vals": {"EDGEX/USDT": 4.03, "VANRY/USDT": 11.0, "KAITO/USDT": 9.38, "EVAA/USDT": 3.73, "SLX/USDT": 9.32}}