{"set": ["AKE/USDT", "KAITO/USDT"], "left": {"CRO/USDT": 1784260880.8118584, "SKYAI/USDT": 1784269265.0068219, "ESPORTS/USDT": 1784272554.7914135, "US/USDT": 1784274962.0930705, "TAC/USDT": 1784275556.5844533, "BANK/USDT": 1784278891.2781096}, "vals": {"AKE/USDT": 8.66, "KAITO/USDT": 3.82}}