{"set": ["ASTER/USDT", "BTW/USDT", "ENA/USDT", "ESPORTS/USDT", "SIREN/USDT", "SPX/USDT", "XLM/USDT", "XPL/USDT"], "left": {"EVAA/USDT": 1781680868.9426517, "LAB/USDT": 1781682667.3037412, "BR/USDT": 1781692290.6848204, "\u9f99\u867e/USDT": 1781693503.6220849, "UNI/USDT": 1781694395.6005182, "BSB/USDT": 1781700102.1609983}, "vals": {"SIREN/USDT": 4.52, "ESPORTS/USDT": 46.66, "SPX/USDT": 12.39, "BTW/USDT": 3.07, "ASTER/USDT": 13.07, "XPL/USDT": 18.42, "ENA/USDT": 3.93, "XLM/USDT": 4.34}}