{"set": ["ASTEROID/USDT", "BEAT/USDT", "BSB/USDT", "ESPORTS/USDT", "HEI/USDT", "UB/USDT"], "left": {"SKYAI/USDT": 1781911872.545053, "BEL/USDT": 1781913684.1579404, "SYN/USDT": 1781913954.9455822, "BLESS/USDT": 1781913954.9455822, "BASED/USDT": 1781915763.145682, "BTW/USDT": 1781916662.773172, "LAB/USDT": 1781916662.773172, "BICO/USDT": 1781921462.5297523, "CLO/USDT": 1781923863.4541962}, "vals": {"ASTEROID/USDT": 7.08, "UB/USDT": 3.96, "ESPORTS/USDT": 6.4, "BEAT/USDT": 5.27, "BSB/USDT": 4.86, "HEI/USDT": 3.12}}