{"set": ["B/USDT", "CLO/USDT", "SKYAI/USDT", "T/USDT", "VANRY/USDT"], "left": {"VIRTUAL/USDT": 1783830955.5822108, "ARB/USDT": 1783843886.3491313, "XPIN/USDT": 1783846554.796885}, "vals": {"T/USDT": 12.46, "B/USDT": 14.76, "CLO/USDT": 9.21, "VANRY/USDT": 16.22, "SKYAI/USDT": 3.35}}