{"set": ["DODO/USDT", "PUMPFUN/USDT", "VELVET/USDT"], "left": {"XRP/USDT": 1784073695.6998954, "KAITO/USDT": 1784073695.6998954, "PEPE/USDT": 1784073695.6998954, "ADA/USDT": 1784073695.6998954, "DOGE/USDT": 1784073695.6998954, "ENA/USDT": 1784073695.6998954, "BSB/USDT": 1784077559.998516, "LAB/USDT": 1784077559.998516, "TRIA/USDT": 1784077882.459651}, "vals": {"PUMPFUN/USDT": 3.69, "DODO/USDT": 36.12, "VELVET/USDT": 11.44}}