{"set": ["NASDAQ:BJDX", "NASDAQ:CLRO", "NASDAQ:SKYQ", "NASDAQ:TDIC"], "left": {"NYSE:PEW": 1783497713.1893256, "NASDAQ:KIDZ": 1783497713.1893256, "NASDAQ:WXM": 1783497713.1893256, "NASDAQ:LHSW": 1783497713.1893256, "NASDAQ:JLHL": 1783497713.1893256, "NASDAQ:LUCY": 1783497713.1893256, "NASDAQ:ZCMD": 1783497713.1893256, "NASDAQ:CRE": 1783497713.1893256, "NASDAQ:SPHL": 1783497713.1893256}, "vals": {"NASDAQ:BJDX": 31.9, "NASDAQ:CLRO": 37.0, "NASDAQ:TDIC": 20.33, "NASDAQ:SKYQ": 15.57}}