{"set": ["ASTEROID/USDT", "BSB/USDT", "EVAA/USDT", "JTO/USDT", "XLM/USDT", "XRP/USDT", "ZRO/USDT"], "left": {"TRADOOR/USDT": 1781535721.159713, "ADA/USDT": 1781542302.2382748, "SIREN/USDT": 1781545307.1217198, "WLFI/USDT": 1781545603.9212775, "CHIP/USDT": 1781550146.310581, "ENA/USDT": 1781551306.9101093, "PEPE/USDT": 1781551306.9101093, "CLO/USDT": 1781552504.4846117, "ESPORTS/USDT": 1781553109.4730678}, "vals": {"ASTEROID/USDT": 68.96, "EVAA/USDT": 68.5, "XRP/USDT": 7.13, "ZRO/USDT": 16.18, "XLM/USDT": 15.66, "JTO/USDT": 39.97, "BSB/USDT": 34.19}}