{"set": ["ACT/USDT", "LAB/USDT", "MANTA/USDT", "O/USDT", "RAVE/USDT", "UB/USDT", "VELVET/USDT", "WIF/USDT"], "left": {"BEAT/USDT": 1782640559.905485, "BTW/USDT": 1782645662.3460834, "PUMP/USDT": 1782655279.7240782, "SLX/USDT": 1782660357.979782, "\u5e01\u5b89\u4eba\u751f/USDT": 1782660950.5243452}, "vals": {"ACT/USDT": 63.61, "UB/USDT": 11.22, "VELVET/USDT": 14.31, "LAB/USDT": 6.04, "RAVE/USDT": 21.86, "MANTA/USDT": 76.09, "O/USDT": 17.52, "WIF/USDT": 5.12}}