{"set": ["CLO/USDT", "FOLKS/USDT", "H/USDT", "HOME/USDT", "LAB/USDT", "SKYAI/USDT", "XLM/USDT"], "left": {"ESPORTS/USDT": 1781770868.3157644, "SIREN/USDT": 1781781403.490746, "BIO/USDT": 1781784395.5034444, "BTW/USDT": 1781784395.5034444, "AGT/USDT": 1781785001.605098}, "vals": {"HOME/USDT": 4.55, "LAB/USDT": 20.47, "CLO/USDT": 19.39, "H/USDT": 13.88, "XLM/USDT": 5.87, "SKYAI/USDT": 8.64, "FOLKS/USDT": 11.09}}