{"set": ["ASTEROID/USDT", "BEAT/USDT", "BSB/USDT", "JTO/USDT", "SIREN/USDT", "SKYAI/USDT"], "left": {"ENA/USDT": 1781560892.3096526, "FARTCOIN/USDT": 1781562369.5543702, "ZRO/USDT": 1781568083.7734823, "XRP/USDT": 1781568083.7734823, "CLO/USDT": 1781568083.7734823, "ESPORTS/USDT": 1781568083.7734823, "VELVET/USDT": 1781568354.5492907, "EVAA/USDT": 1781570763.2897978, "XLM/USDT": 1781571065.9299102, "H/USDT": 1781571065.9299102, "LAB/USDT": 1781576467.2451441}, "vals": {"ASTEROID/USDT": 37.41, "SIREN/USDT": 5.05, "SKYAI/USDT": 3.1, "BEAT/USDT": 5.67, "JTO/USDT": 3.61, "BSB/USDT": 5.54}}