{"set": ["BAS/USDT", "HMSTR/USDT", "LAB/USDT", "TLM/USDT", "VELVET/USDT"], "left": {"PEPE/USDT": 1783138560.072619, "BEAT/USDT": 1783152087.5974643, "M/USDT": 1783154471.1554468, "ARPA/USDT": 1783155067.7548878}, "vals": {"HMSTR/USDT": 30.78, "BAS/USDT": 14.99, "LAB/USDT": 55.86, "VELVET/USDT": 17.84, "TLM/USDT": 3.53}}