{"set": ["BAS/USDT", "BEAT/USDT", "IP/USDT", "SLX/USDT"], "left": {"SKYAI/USDT": 1782432091.6756217, "HEI/USDT": 1782432091.6756217, "LAB/USDT": 1782432091.6756217, "XPL/USDT": 1782432091.6756217, "BEL/USDT": 1782432091.6756217, "M/USDT": 1782432363.2367258, "FARTCOIN/USDT": 1782432673.1264422, "BTW/USDT": 1782433259.2305038, "H/USDT": 1782433259.2305038, "UB/USDT": 1782435361.4525566, "RESOLV/USDT": 1782436260.641591}, "vals": {"BAS/USDT": 4.52, "SLX/USDT": 3.2, "BEAT/USDT": 5.23, "IP/USDT": 7.53}}