{"set": ["ASTER/USDT", "BSB/USDT", "ENA/USDT", "ESPORTS/USDT", "SIREN/USDT", "SPX/USDT", "XLM/USDT"], "left": {"EVAA/USDT": 1781680868.9426517, "LAB/USDT": 1781682667.3037412, "BR/USDT": 1781692290.6848204, "\u9f99\u867e/USDT": 1781693503.6220849, "UNI/USDT": 1781694395.6005182, "BTW/USDT": 1781698600.7979114}, "vals": {"SIREN/USDT": 12.09, "ESPORTS/USDT": 55.01, "SPX/USDT": 11.19, "ASTER/USDT": 12.65, "ENA/USDT": 4.29, "BSB/USDT": 6.38, "XLM/USDT": 4.29}}