{"set": ["B/USDT", "BANK/USDT", "ESPORTS/USDT", "HOME/USDT", "KAITO/USDT"], "left": {"BILL/USDT": 1784420159.8236463, "FARTCOIN/USDT": 1784420159.8236463, "AKE/USDT": 1784422881.7681973, "US/USDT": 1784428858.6133661, "NES/USDT": 1784432757.9521945}, "vals": {"BANK/USDT": 3.25, "ESPORTS/USDT": 50.08, "HOME/USDT": 11.53, "B/USDT": 12.3, "KAITO/USDT": 11.78}}