{"set": ["BEL/USDT", "CLO/USDT", "H/USDT", "ID/USDT"], "left": {"ESPORTS/USDT": 1782259286.5653002, "BEAT/USDT": 1782259286.5653002, "UB/USDT": 1782260157.580966, "RESOLV/USDT": 1782263161.442205, "HEI/USDT": 1782263758.6866052, "SYN/USDT": 1782263758.6866052, "DYDX/USDT": 1782263758.6866052, "BASED/USDT": 1782263758.6866052, "FARTCOIN/USDT": 1782263758.6866052, "BTW/USDT": 1782264755.647677, "BLESS/USDT": 1782266762.454853}, "vals": {"CLO/USDT": 18.89, "BEL/USDT": 7.11, "H/USDT": 4.4, "ID/USDT": 9.31}}