{"set": ["CLO/USDT", "ESPORTS/USDT", "HMSTR/USDT", "ID/USDT", "LAYER/USDT", "RESOLV/USDT"], "left": {"ALLO/USDT": 1782172893.931539, "EIGEN/USDT": 1782172893.931539, "BEL/USDT": 1782172893.931539, "ENA/USDT": 1782172893.931539, "VELVET/USDT": 1782173246.1022189, "UB/USDT": 1782173246.1022189, "RE/USDT": 1782173246.1022189, "TNSR/USDT": 1782173246.1022189, "LAB/USDT": 1782173246.1022189, "BTW/USDT": 1782173246.1022189, "SYN/USDT": 1782173246.1022189, "NAORIS/USDT": 1782173246.1022189, "BLESS/USDT": 1782181261.7121751, "H/USDT": 1782192063.3554492}, "vals": {"HMSTR/USDT": 4.07, "RESOLV/USDT": 11.26, "ESPORTS/USDT": 17.44, "CLO/USDT": 23.5, "LAYER/USDT": 16.21, "ID/USDT": 4.61}}