{"set": ["NASDAQ:CCTG", "NASDAQ:GDHG", "NASDAQ:OBAI", "NASDAQ:SUGP"], "left": {"NASDAQ:GLXG": 1781683303.2196813, "NASDAQ:HUBC": 1781683303.2196813, "NASDAQ:BYAH": 1781683303.2196813, "NASDAQ:VSME": 1781683303.2196813, "NASDAQ:CAST": 1781683303.2196813, "NASDAQ:MTEN": 1781683303.2196813, "AMEX:RGNT": 1781683303.2196813, "NASDAQ:TDIC": 1781683303.2196813, "NASDAQ:AHMA": 1781684176.4549375, "NASDAQ:WNW": 1781684176.4549375, "NASDAQ:CRE": 1781684176.4549375, "NASDAQ:CRVO": 1781684176.4549375, "NASDAQ:MAMO": 1781684176.4549375}, "vals": {"NASDAQ:GDHG": 40.49, "NASDAQ:OBAI": 69.64, "NASDAQ:SUGP": 172.57, "NASDAQ:CCTG": 16.41}}