{"set": ["ASTEROID/USDT", "BSB/USDT", "JTO/USDT", "LAB/USDT", "SKYAI/USDT", "SPACE/USDT", "UNI/USDT", "XLM/USDT"], "left": {"ZRO/USDT": 1781607718.8485653, "CHIP/USDT": 1781613111.0452197, "ENA/USDT": 1781615200.7178867, "VELVET/USDT": 1781619706.3217, "OPG/USDT": 1781619706.3217, "FARTCOIN/USDT": 1781619706.3217, "\u9f99\u867e/USDT": 1781622138.3720102}, "vals": {"ASTEROID/USDT": 26.53, "SPACE/USDT": 11.64, "LAB/USDT": 37.94, "SKYAI/USDT": 23.05, "BSB/USDT": 45.21, "XLM/USDT": 3.44, "JTO/USDT": 10.87, "UNI/USDT": 4.22}}