{"set": ["EPIC/USDT", "LIT/USDT", "TLM/USDT", "VANRY/USDT"], "left": {"LAB/USDT": 1783336275.4230828, "SLX/USDT": 1783339560.0558045, "NES/USDT": 1783341687.403493, "HMSTR/USDT": 1783351920.1353521}, "vals": {"VANRY/USDT": 45.5, "TLM/USDT": 13.68, "LIT/USDT": 6.95, "EPIC/USDT": 4.08}}