{"set": ["EDGEX/USDT", "KAITO/USDT", "SKYAI/USDT", "TAG/USDT", "VANRY/USDT"], "left": {"CLO/USDT": 1783587968.868174, "POWER/USDT": 1783589763.6256015, "UNI/USDT": 1783592763.5796893, "ENA/USDT": 1783592763.5796893}, "vals": {"TAG/USDT": 23.05, "EDGEX/USDT": 6.98, "VANRY/USDT": 4.96, "SKYAI/USDT": 13.47, "KAITO/USDT": 3.8}}