{"set": ["BEAT/USDT", "SKYAI/USDT", "TAG/USDT", "XPIN/USDT"], "left": {"B/USDT": 1783752362.0489285, "VIRTUAL/USDT": 1783752957.3707373, "SKL/USDT": 1783764680.5233457}, "vals": {"TAG/USDT": 6.64, "XPIN/USDT": 12.78, "BEAT/USDT": 9.39, "SKYAI/USDT": 14.49}}