{"set": ["BAS/USDT", "LAB/USDT", "VANRY/USDT", "VELVET/USDT"], "left": {"TAC/USDT": 1783205481.4531302, "ADA/USDT": 1783209700.0057917, "MIRA/USDT": 1783209700.0057917, "RAVE/USDT": 1783210271.3595967, "ANSEM/USDT": 1783210271.3595967, "TLM/USDT": 1783210798.1525428, "ARPA/USDT": 1783211755.6816056, "MAGMA/USDT": 1783214152.3033066, "HMSTR/USDT": 1783216271.6822398, "M/USDT": 1783224355.6734343}, "vals": {"LAB/USDT": 7.06, "VANRY/USDT": 17.25, "BAS/USDT": 7.68, "VELVET/USDT": 8.07}}