{"set": ["ASTEROID/USDT", "BSB/USDT", "CLO/USDT", "ENA/USDT", "EVAA/USDT", "JTO/USDT", "PEPE/USDT", "XLM/USDT", "XRP/USDT", "ZRO/USDT"], "left": {"TRADOOR/USDT": 1781535721.159713, "ADA/USDT": 1781542302.2382748, "SIREN/USDT": 1781545307.1217198, "WLFI/USDT": 1781545603.9212775, "CHIP/USDT": 1781550146.310581, "ESPORTS/USDT": 1781550716.3323693}, "vals": {"PEPE/USDT": 4.22, "ASTEROID/USDT": 69.13, "EVAA/USDT": 79.37, "CLO/USDT": 3.83, "XRP/USDT": 8.64, "ENA/USDT": 4.11, "ZRO/USDT": 17.01, "XLM/USDT": 16.99, "JTO/USDT": 39.4, "BSB/USDT": 32.38}}