{"set": ["ASTEROID/USDT", "BSB/USDT", "CLO/USDT", "EVAA/USDT", "JTO/USDT", "XLM/USDT", "XRP/USDT", "ZRO/USDT"], "left": {"WLFI/USDT": 1781545603.9212775, "CHIP/USDT": 1781550146.310581, "PEPE/USDT": 1781551306.9101093, "ENA/USDT": 1781560892.3096526, "FARTCOIN/USDT": 1781562369.5543702, "ESPORTS/USDT": 1781564481.917428, "SIREN/USDT": 1781565370.1773062}, "vals": {"ASTEROID/USDT": 66.28, "EVAA/USDT": 73.85, "CLO/USDT": 4.36, "XRP/USDT": 4.63, "ZRO/USDT": 15.45, "XLM/USDT": 12.05, "JTO/USDT": 38.2, "BSB/USDT": 38.23}}