{"set": ["BAS/USDT", "BASED/USDT", "BTW/USDT", "H/USDT", "M/USDT", "TAIKO/USDT", "XLM/USDT"], "left": {"VELVET/USDT": 1782858063.506421, "TAC/USDT": 1782866152.8073266, "BEAT/USDT": 1782867058.0822861, "AIGENSYN/USDT": 1782870962.4996216, "RE/USDT": 1782876682.5493243}, "vals": {"BAS/USDT": 7.08, "BTW/USDT": 21.82, "BASED/USDT": 3.02, "TAIKO/USDT": 3.69, "M/USDT": 9.93, "XLM/USDT": 8.89, "H/USDT": 3.51}}