{"set": ["BEAT/USDT", "G/USDT", "H/USDT", "SKYAI/USDT", "SLX/USDT", "UB/USDT"], "left": {"BEL/USDT": 1782447364.0422156, "IP/USDT": 1782447662.282406, "ESPORTS/USDT": 1782448274.1921105, "BTW/USDT": 1782451870.6836007, "LAB/USDT": 1782456664.1921847, "PUMP/USDT": 1782461769.381446, "TNSR/USDT": 1782466565.4646373, "BAS/USDT": 1782466565.4646373}, "vals": {"G/USDT": 11.4, "UB/USDT": 13.07, "SLX/USDT": 9.22, "BEAT/USDT": 14.24, "SKYAI/USDT": 9.64, "H/USDT": 8.84}}