{"set": ["BTW/USDT", "CLO/USDT", "ESPORTS/USDT", "LAYER/USDT", "MMT/USDT", "RESOLV/USDT"], "left": {"H/USDT": 1782193564.0633771, "HMSTR/USDT": 1782194477.5189312, "ID/USDT": 1782203167.1947546, "BEL/USDT": 1782203478.1150124, "FOLKS/USDT": 1782206171.7866685}, "vals": {"BTW/USDT": 4.81, "RESOLV/USDT": 24.4, "MMT/USDT": 6.08, "CLO/USDT": 3.85, "ESPORTS/USDT": 16.19, "LAYER/USDT": 6.55}}