{"set": ["AKE/USDT", "BANK/USDT", "RAVE/USDT", "US/USDT"], "left": {"BEAT/USDT": 1784160096.0925872, "PUMP/USDT": 1784160096.0925872, "ROAM/USDT": 1784160352.5193465, "ONDO/USDT": 1784160352.5193465, "LAB/USDT": 1784160957.2544622, "PI/USDT": 1784169683.306033, "VELVET/USDT": 1784170555.7320085, "VANRY/USDT": 1784174756.4903207}, "vals": {"AKE/USDT": 16.93, "BANK/USDT": 7.94, "US/USDT": 25.77, "RAVE/USDT": 6.66}}