{"set": ["BTW/USDT", "ESPORTS/USDT", "LAYER/USDT", "MMT/USDT", "RESOLV/USDT"], "left": {"HMSTR/USDT": 1782194477.5189312, "ID/USDT": 1782203167.1947546, "BEL/USDT": 1782203478.1150124, "FOLKS/USDT": 1782206171.7866685, "CLO/USDT": 1782215470.0261075}, "vals": {"BTW/USDT": 9.54, "RESOLV/USDT": 21.83, "MMT/USDT": 7.86, "ESPORTS/USDT": 14.27, "LAYER/USDT": 6.07}}