{"set": ["JCT/USDT", "US/USDT", "VELVET/USDT"], "left": {"LAB/USDT": 1783921560.2379856, "BEAT/USDT": 1783932963.1464195, "MAGMA/USDT": 1783938083.0415742}, "vals": {"JCT/USDT": 20.94, "US/USDT": 5.93, "VELVET/USDT": 26.32}}