{"set": ["AGLD/USDT", "BAS/USDT", "BEAT/USDT", "ESPORTS/USDT", "H/USDT", "MAGMA/USDT", "SKYAI/USDT", "SLX/USDT", "UB/USDT", "VELVET/USDT"], "left": {"PUMP/USDT": 1782482520.7389536, "TNSR/USDT": 1782483095.3601108, "HEI/USDT": 1782483095.3601108, "ADA/USDT": 1782498394.675908, "LAB/USDT": 1782502597.5912125}, "vals": {"UB/USDT": 11.33, "BAS/USDT": 7.41, "MAGMA/USDT": 23.12, "AGLD/USDT": 67.07, "VELVET/USDT": 36.93, "SLX/USDT": 9.03, "ESPORTS/USDT": 6.67, "BEAT/USDT": 15.65, "SKYAI/USDT": 23.38, "H/USDT": 7.28}}