{"set": ["B/USDT", "JCT/USDT", "MAGMA/USDT", "VELVET/USDT"], "left": {"LAB/USDT": 1783921560.2379856, "BEAT/USDT": 1783939288.251734, "US/USDT": 1783940771.4687545}, "vals": {"JCT/USDT": 20.47, "VELVET/USDT": 27.77, "B/USDT": 11.36, "MAGMA/USDT": 3.22}}