{"set": ["AGT/USDT", "ASTER/USDT", "BLESS/USDT", "BTW/USDT", "ENA/USDT", "ESPORTS/USDT", "SPX/USDT", "XLM/USDT", "XPL/USDT"], "left": {"\u9f99\u867e/USDT": 1781693503.6220849, "UNI/USDT": 1781694395.6005182, "BR/USDT": 1781704931.8404937, "SIREN/USDT": 1781706106.1390588, "BSB/USDT": 1781712126.3949327}, "vals": {"AGT/USDT": 102.37, "BLESS/USDT": 3.09, "ESPORTS/USDT": 33.43, "SPX/USDT": 16.13, "ASTER/USDT": 12.59, "BTW/USDT": 4.35, "XPL/USDT": 30.73, "ENA/USDT": 10.12, "XLM/USDT": 4.73}}