{"set": ["BLESS/USDT", "BR/USDT", "BTW/USDT", "ESPORTS/USDT", "LAB/USDT", "UNI/USDT", "\u9f99\u867e/USDT"], "left": {"JTO/USDT": 1781654485.207243, "ASTEROID/USDT": 1781654485.207243, "LUNC/USDT": 1781654750.7251735, "VELVET/USDT": 1781654750.7251735, "BSB/USDT": 1781655354.1214187, "EVAA/USDT": 1781655959.2465234, "H/USDT": 1781668262.6370485, "SKYAI/USDT": 1781669465.9265976, "SPACE/USDT": 1781669767.8997996, "SPX/USDT": 1781672489.5488448, "SIREN/USDT": 1781672760.9604423, "XLM/USDT": 1781673664.3652246, "BEAT/USDT": 1781673664.3652246}, "vals": {"\u9f99\u867e/USDT": 4.16, "BLESS/USDT": 6.52, "BR/USDT": 4.98, "LAB/USDT": 3.07, "BTW/USDT": 14.8, "ESPORTS/USDT": 14.1, "UNI/USDT": 6.66}}