{"set": ["AKE/USDT", "PI/USDT", "PUMP/USDT", "US/USDT", "VANRY/USDT"], "left": {"KAITO/USDT": 1784117169.435723, "BEAT/USDT": 1784123508.6452532, "PEPE/USDT": 1784123508.6452532}, "vals": {"AKE/USDT": 331.51, "PUMP/USDT": 7.53, "US/USDT": 27.21, "VANRY/USDT": 6.73, "PI/USDT": 3.17}}