{"set": ["EPIC/USDT"], "left": {"TLM/USDT": 1783368130.8172705, "VANRY/USDT": 1783382508.6813967, "LIT/USDT": 1783382508.6813967, "US/USDT": 1783383355.9862242, "BILL/USDT": 1783383355.9862242, "BLUR/USDT": 1783383355.9862242, "HMSTR/USDT": 1783383355.9862242, "TRIA/USDT": 1783383355.9862242, "ANSEM/USDT": 1783383355.9862242}, "vals": {"EPIC/USDT": 3.48}}