{"set": ["BLESS/USDT", "BTW/USDT", "ESPORTS/USDT", "EVAA/USDT", "LAB/USDT", "SPX/USDT", "UNI/USDT", "XLM/USDT"], "left": {"JTO/USDT": 1781654485.207243, "ASTEROID/USDT": 1781654485.207243, "LUNC/USDT": 1781654750.7251735, "VELVET/USDT": 1781654750.7251735, "BSB/USDT": 1781655354.1214187, "H/USDT": 1781668262.6370485, "SKYAI/USDT": 1781669465.9265976, "SPACE/USDT": 1781669767.8997996, "SIREN/USDT": 1781672760.9604423, "BEAT/USDT": 1781673664.3652246, "\u9f99\u867e/USDT": 1781673967.258475, "BR/USDT": 1781675469.6897132}, "vals": {"BLESS/USDT": 9.0, "LAB/USDT": 3.2, "SPX/USDT": 23.63, "BTW/USDT": 13.35, "ESPORTS/USDT": 9.93, "XLM/USDT": 3.63, "UNI/USDT": 6.48, "EVAA/USDT": 10.49}}