{"set": ["BTW/USDT", "CLO/USDT", "EIGEN/USDT", "ENA/USDT", "RESOLV/USDT", "TNSR/USDT", "UB/USDT"], "left": {"ESPORTS/USDT": 1782081082.4611847, "WLFI/USDT": 1782084972.3252332, "BEL/USDT": 1782086498.4360116, "BEAT/USDT": 1782086498.4360116, "STO/USDT": 1782087057.9893005, "NAORIS/USDT": 1782087057.9893005, "LAB/USDT": 1782090977.8595104, "ADA/USDT": 1782092158.0058637}, "vals": {"UB/USDT": 9.38, "BTW/USDT": 21.63, "RESOLV/USDT": 4.43, "TNSR/USDT": 4.25, "CLO/USDT": 26.89, "ENA/USDT": 5.85, "EIGEN/USDT": 11.5}}