{"set": ["AKE/USDT", "KAITO/USDT", "ONDO/USDT", "US/USDT"], "left": {"ESPORTS/USDT": 1784289361.5060365, "BILL/USDT": 1784291480.5933228, "BANK/USDT": 1784302310.9308853}, "vals": {"AKE/USDT": 18.83, "US/USDT": 6.26, "KAITO/USDT": 6.51, "ONDO/USDT": 3.6}}