{"set": ["BAS/USDT", "BEAT/USDT", "H/USDT", "LAB/USDT", "MAGMA/USDT", "SKYAI/USDT", "UB/USDT", "VELVET/USDT"], "left": {"G/USDT": 1782471687.5486228, "SLX/USDT": 1782476197.4772115, "BTW/USDT": 1782479795.881762, "PUMP/USDT": 1782482520.7389536, "TNSR/USDT": 1782483095.3601108, "HEI/USDT": 1782483095.3601108}, "vals": {"UB/USDT": 6.43, "BAS/USDT": 4.38, "MAGMA/USDT": 69.03, "LAB/USDT": 4.27, "VELVET/USDT": 16.5, "BEAT/USDT": 11.82, "SKYAI/USDT": 16.92, "H/USDT": 3.14}}