{"set": ["BEAT/USDT", "BSB/USDT", "BTW/USDT", "FOLKS/USDT"], "left": {"LAB/USDT": 1781839260.977391, "BIO/USDT": 1781841958.741841, "VELVET/USDT": 1781843471.1378145, "BASED/USDT": 1781844062.1616166, "ESPORTS/USDT": 1781844956.9527075, "CLO/USDT": 1781850677.8161705}, "vals": {"BTW/USDT": 19.07, "BEAT/USDT": 29.23, "BSB/USDT": 8.18, "FOLKS/USDT": 4.86}}