{"set": ["BAS/USDT", "GUA/USDT", "M/USDT", "MAGMA/USDT", "TAC/USDT", "TLM/USDT", "US/USDT"], "left": {"TAIKO/USDT": 1783045553.4454162, "ADA/USDT": 1783051553.579309, "NFP/USDT": 1783054882.8246603, "VELVET/USDT": 1783057559.6459973}, "vals": {"US/USDT": 3.12, "BAS/USDT": 7.99, "M/USDT": 6.05, "GUA/USDT": 11.56, "TLM/USDT": 11.12, "MAGMA/USDT": 3.07, "TAC/USDT": 3.82}}