{"set": ["AIGENSYN/USDT", "BEAT/USDT", "BTW/USDT", "H/USDT", "M/USDT", "XLM/USDT"], "left": {"SLX/USDT": 1782838920.917782, "IN/USDT": 1782840398.3848712, "TAC/USDT": 1782843094.4822547, "VELVET/USDT": 1782843094.4822547}, "vals": {"AIGENSYN/USDT": 14.87, "BTW/USDT": 3.45, "M/USDT": 19.26, "XLM/USDT": 4.79, "H/USDT": 24.84, "BEAT/USDT": 4.61}}