{"set": ["NES/USDT", "OPG/USDT", "TLM/USDT", "VANRY/USDT"], "left": {"LAB/USDT": 1783405900.8362122, "WLFI/USDT": 1783408878.6337864, "EPIC/USDT": 1783408878.6337864}, "vals": {"VANRY/USDT": 4.22, "OPG/USDT": 18.22, "NES/USDT": 8.01, "TLM/USDT": 12.88}}