{"set": ["CLO/USDT", "EVAA/USDT", "NES/USDT"], "left": {"OPG/USDT": 1783468890.0904126, "BLUR/USDT": 1783469755.6902192, "TLM/USDT": 1783470958.6890893, "US/USDT": 1783472500.8082616, "EPIC/USDT": 1783473673.5877848, "LAB/USDT": 1783474873.5287735, "SKYAI/USDT": 1783476091.7598207, "TAC/USDT": 1783476955.12267, "EDGEX/USDT": 1783478151.9256375}, "vals": {"NES/USDT": 7.12, "CLO/USDT": 3.5, "EVAA/USDT": 4.34}}