{"set": ["BEAT/USDT", "CLO/USDT", "PEPE/USDT", "T/USDT", "VANRY/USDT", "VELVET/USDT"], "left": {"ENA/USDT": 1783850157.7283676, "SKYAI/USDT": 1783850492.040027, "B/USDT": 1783857087.3878386, "TAG/USDT": 1783869361.0187836}, "vals": {"PEPE/USDT": 3.29, "T/USDT": 9.76, "VELVET/USDT": 30.92, "VANRY/USDT": 13.2, "CLO/USDT": 3.4, "BEAT/USDT": 20.17}}