{"set": ["NASDAQ:CDT", "NASDAQ:CRMT", "NASDAQ:EHGO", "NASDAQ:ICCM", "NASDAQ:NXTS", "NASDAQ:QXL", "NASDAQ:SAGT", "NASDAQ:SKYQ"], "left": {"NASDAQ:BYAH": 1782201698.821727, "NASDAQ:WOK": 1782201698.821727, "NASDAQ:WPRT": 1782201698.821727, "NASDAQ:CAST": 1782201698.821727, "NASDAQ:CTNT": 1782201698.821727, "NASDAQ:APWC": 1782201698.821727, "NASDAQ:CRVO": 1782201698.821727, "NASDAQ:LNKS": 1782201698.821727}, "vals": {"NASDAQ:NXTS": 116.54, "NASDAQ:SKYQ": 38.03, "NASDAQ:CRMT": 46.88, "NASDAQ:SAGT": 61.62, "NASDAQ:EHGO": 52.22, "NASDAQ:QXL": 10.24, "NASDAQ:CDT": 38.73, "NASDAQ:ICCM": 30.74}}