{"set": ["BTW/USDT", "CLO/USDT", "EVAA/USDT", "H/USDT", "OPG/USDT", "SKYAI/USDT"], "left": {"JCT/USDT": 1781446321.9346998, "MEGA/USDT": 1781457131.357136, "ESPORTS/USDT": 1781461270.3347054, "LAB/USDT": 1781467285.6314092, "TRADOOR/USDT": 1781467555.3501515}, "vals": {"H/USDT": 19.14, "BTW/USDT": 10.96, "OPG/USDT": 22.44, "EVAA/USDT": 75.97, "CLO/USDT": 36.49, "SKYAI/USDT": 7.18}}