{"set": ["BIO/USDT", "CLO/USDT", "FOLKS/USDT", "LAB/USDT", "SKYAI/USDT", "VELVET/USDT", "XLM/USDT"], "left": {"\u9f99\u867e/USDT": 1781794001.5678475, "AGT/USDT": 1781802703.5421944, "H/USDT": 1781811111.6969812, "BTW/USDT": 1781811999.9235442}, "vals": {"VELVET/USDT": 64.65, "LAB/USDT": 33.64, "CLO/USDT": 14.9, "XLM/USDT": 4.9, "FOLKS/USDT": 5.53, "SKYAI/USDT": 5.25, "BIO/USDT": 7.52}}