{"set": ["ADA/USDT", "BASED/USDT", "BTW/USDT", "M/USDT", "NFP/USDT", "O/USDT", "TAIKO/USDT", "XLM/USDT"], "left": {"SKYAI/USDT": 1782916004.951649, "ZBT/USDT": 1782928922.848585, "DYDX/USDT": 1782928922.848585, "AIGENSYN/USDT": 1782929804.3046417, "BAS/USDT": 1782931300.4252787}, "vals": {"TAIKO/USDT": 59.49, "NFP/USDT": 375.37, "BASED/USDT": 18.79, "M/USDT": 56.33, "BTW/USDT": 24.22, "ADA/USDT": 6.8, "XLM/USDT": 4.53, "O/USDT": 8.63}}