{"set": ["ADA/USDT", "ENA/USDT", "LAB/USDT", "PEPE/USDT", "PI/USDT", "TRIA/USDT"], "left": {"VELVET/USDT": 1784020563.9516664, "BILL/USDT": 1784031969.7101521, "B/USDT": 1784037712.4609885, "XRP/USDT": 1784040140.441204, "DOGE/USDT": 1784040400.8299067}, "vals": {"PEPE/USDT": 4.33, "TRIA/USDT": 10.37, "LAB/USDT": 19.5, "ENA/USDT": 6.93, "ADA/USDT": 3.94, "PI/USDT": 3.62}}