{"set": ["BANK/USDT", "ENA/USDT", "ERA/USDT", "LAB/USDT", "MIRA/USDT", "RE/USDT", "US/USDT"], "left": {"ONDO/USDT": 1784740923.4816012, "ADA/USDT": 1784742701.6604655, "BONK/USDT": 1784745117.2059247, "AKE/USDT": 1784751700.2503908}, "vals": {"BANK/USDT": 19.92, "ERA/USDT": 4.03, "US/USDT": 7.67, "LAB/USDT": 11.36, "RE/USDT": 23.91, "MIRA/USDT": 15.93, "ENA/USDT": 6.76}}