{"set": ["ACT/USDT", "O/USDT", "RAVE/USDT", "RE/USDT", "TAC/USDT", "UB/USDT"], "left": {"WIF/USDT": 1782748298.6996446, "GWEI/USDT": 1782751299.420819, "BEAT/USDT": 1782752518.4309266, "ADA/USDT": 1782755498.7968976, "ENA/USDT": 1782757301.0957186}, "vals": {"TAC/USDT": 165.11, "UB/USDT": 33.86, "RAVE/USDT": 32.82, "ACT/USDT": 15.55, "O/USDT": 8.75, "RE/USDT": 28.19}}