{"set": ["BLUR/USDT", "M/USDT", "NES/USDT", "OPG/USDT", "TAC/USDT", "WLFI/USDT"], "left": {"LAB/USDT": 1783405900.8362122, "EPIC/USDT": 1783410365.9587643, "VANRY/USDT": 1783419967.3909187, "TLM/USDT": 1783423202.1716416}, "vals": {"BLUR/USDT": 13.94, "OPG/USDT": 13.36, "TAC/USDT": 50.75, "NES/USDT": 5.31, "WLFI/USDT": 4.03, "M/USDT": 23.6}}