{"set": ["ASTEROID/USDT", "BIO/USDT", "CLO/USDT", "LAB/USDT", "VELVET/USDT", "XLM/USDT"], "left": {"H/USDT": 1781811111.6969812, "FOLKS/USDT": 1781813494.8512738, "SKYAI/USDT": 1781818561.0220134, "AGT/USDT": 1781822466.085143, "BTW/USDT": 1781824262.302229}, "vals": {"ASTEROID/USDT": 82.68, "VELVET/USDT": 31.09, "LAB/USDT": 34.51, "CLO/USDT": 13.26, "XLM/USDT": 3.77, "BIO/USDT": 4.38}}