{"set": ["ASTEROID/USDT", "CHIP/USDT", "CLO/USDT", "ENA/USDT", "ESPORTS/USDT", "EVAA/USDT", "SIREN/USDT", "TRADOOR/USDT"], "left": {"BEAT/USDT": 1781503571.7424152, "SKYAI/USDT": 1781503867.7316256, "WLFI/USDT": 1781506271.419499, "JELLYJELLY/USDT": 1781507773.5114925, "JCT/USDT": 1781510501.4892855, "H/USDT": 1781521321.5204344}, "vals": {"ASTEROID/USDT": 79.03, "SIREN/USDT": 17.83, "CHIP/USDT": 9.87, "ESPORTS/USDT": 11.64, "EVAA/USDT": 43.57, "CLO/USDT": 33.47, "TRADOOR/USDT": 17.66, "ENA/USDT": 4.09}}