{"set": ["AKE/USDT", "BANK/USDT", "KAITO/USDT", "US/USDT"], "left": {"ESPORTS/USDT": 1784289361.5060365, "BILL/USDT": 1784291480.5933228, "ONDO/USDT": 1784298367.2997272}, "vals": {"AKE/USDT": 20.05, "BANK/USDT": 8.17, "US/USDT": 6.72, "KAITO/USDT": 9.09}}