{"set": ["AKE/USDT", "BEAT/USDT", "PUMP/USDT", "RAVE/USDT", "US/USDT", "VANRY/USDT"], "left": {"PEPE/USDT": 1784123508.6452532, "PI/USDT": 1784127397.6196728, "BSB/USDT": 1784133132.2227702}, "vals": {"AKE/USDT": 243.78, "PUMP/USDT": 10.24, "US/USDT": 30.76, "RAVE/USDT": 12.93, "VANRY/USDT": 3.29, "BEAT/USDT": 7.35}}