{"set": ["ASTEROID/USDT", "CHIP/USDT", "CLO/USDT", "ESPORTS/USDT", "EVAA/USDT", "H/USDT", "SIREN/USDT", "TRADOOR/USDT"], "left": {"OPG/USDT": 1781488257.9583573, "VELVET/USDT": 1781493062.1771092, "BEAT/USDT": 1781503571.7424152, "ENA/USDT": 1781503867.7316256, "SKYAI/USDT": 1781503867.7316256, "WLFI/USDT": 1781506271.419499, "JCT/USDT": 1781506886.7002296, "JELLYJELLY/USDT": 1781507773.5114925}, "vals": {"ASTEROID/USDT": 92.62, "SIREN/USDT": 11.65, "CHIP/USDT": 13.73, "ESPORTS/USDT": 10.7, "EVAA/USDT": 29.35, "H/USDT": 4.85, "CLO/USDT": 36.91, "TRADOOR/USDT": 13.69}}