{"set": ["ASTER/USDT", "ENA/USDT", "ESPORTS/USDT", "SIREN/USDT", "SPX/USDT", "XLM/USDT", "XPL/USDT"], "left": {"EVAA/USDT": 1781680868.9426517, "LAB/USDT": 1781682667.3037412, "BR/USDT": 1781692290.6848204, "\u9f99\u867e/USDT": 1781693503.6220849, "UNI/USDT": 1781694395.6005182, "BSB/USDT": 1781700102.1609983, "BTW/USDT": 1781700999.7100859}, "vals": {"SIREN/USDT": 3.52, "ESPORTS/USDT": 47.6, "SPX/USDT": 13.16, "ASTER/USDT": 13.05, "XPL/USDT": 16.34, "ENA/USDT": 4.23, "XLM/USDT": 4.72}}