{"set": ["BAS/USDT", "HMSTR/USDT", "LAB/USDT", "MIRA/USDT", "TLM/USDT", "VELVET/USDT"], "left": {"BEAT/USDT": 1783152087.5974643, "ARPA/USDT": 1783155067.7548878, "M/USDT": 1783164681.9602823}, "vals": {"HMSTR/USDT": 56.72, "LAB/USDT": 80.44, "BAS/USDT": 18.94, "VELVET/USDT": 35.32, "TLM/USDT": 18.84, "MIRA/USDT": 20.85}}