{"set": ["ASTEROID/USDT", "BSB/USDT", "ESPORTS/USDT", "EVAA/USDT", "FARTCOIN/USDT", "JTO/USDT", "SIREN/USDT", "XLM/USDT", "XRP/USDT", "ZRO/USDT"], "left": {"TRADOOR/USDT": 1781535721.159713, "ADA/USDT": 1781542302.2382748, "WLFI/USDT": 1781545603.9212775, "CHIP/USDT": 1781550146.310581, "ENA/USDT": 1781551306.9101093, "PEPE/USDT": 1781551306.9101093, "CLO/USDT": 1781554308.588058}, "vals": {"ASTEROID/USDT": 69.8, "SIREN/USDT": 3.97, "EVAA/USDT": 68.61, "ESPORTS/USDT": 6.61, "XRP/USDT": 7.58, "ZRO/USDT": 16.91, "XLM/USDT": 15.48, "JTO/USDT": 39.01, "BSB/USDT": 35.09, "FARTCOIN/USDT": 14.02}}