{"set": ["BAS/USDT", "BEAT/USDT", "H/USDT", "HEI/USDT", "MAGMA/USDT", "SKYAI/USDT", "TNSR/USDT", "UB/USDT"], "left": {"PUMP/USDT": 1782461769.381446, "G/USDT": 1782471687.5486228, "SLX/USDT": 1782476197.4772115, "BTW/USDT": 1782479795.881762, "LAB/USDT": 1782480765.6385098}, "vals": {"UB/USDT": 8.23, "BAS/USDT": 3.14, "MAGMA/USDT": 54.6, "BEAT/USDT": 12.89, "SKYAI/USDT": 16.99, "TNSR/USDT": 5.66, "H/USDT": 4.45, "HEI/USDT": 8.79}}