{"set": ["BAS/USDT", "HMSTR/USDT", "LAB/USDT", "MIRA/USDT", "TLM/USDT", "VELVET/USDT"], "left": {"ARPA/USDT": 1783155067.7548878, "M/USDT": 1783164681.9602823, "BEAT/USDT": 1783170093.6328485}, "vals": {"HMSTR/USDT": 39.29, "LAB/USDT": 116.33, "BAS/USDT": 21.04, "VELVET/USDT": 22.28, "TLM/USDT": 11.41, "MIRA/USDT": 23.05}}