{"set": ["ASTEROID/USDT", "CHIP/USDT", "CLO/USDT", "ESPORTS/USDT", "EVAA/USDT", "JCT/USDT", "JELLYJELLY/USDT", "SIREN/USDT"], "left": {"TRADOOR/USDT": 1781481361.106416, "BTW/USDT": 1781481673.613035, "XRP/USDT": 1781481673.613035, "ADA/USDT": 1781481673.613035, "COAI/USDT": 1781484059.012646, "LAB/USDT": 1781486463.1124449, "OPG/USDT": 1781488257.9583573, "BEAT/USDT": 1781490960.807529, "VELVET/USDT": 1781493062.1771092, "SKYAI/USDT": 1781499372.4338498, "H/USDT": 1781499688.6071773}, "vals": {"ASTEROID/USDT": 122.65, "JCT/USDT": 6.1, "SIREN/USDT": 12.53, "CHIP/USDT": 4.8, "ESPORTS/USDT": 3.34, "JELLYJELLY/USDT": 6.53, "CLO/USDT": 29.61, "EVAA/USDT": 32.86}}