{"set": ["AKE/USDT", "VELVET/USDT"], "left": {"VANRY/USDT": 1784150762.7552814, "BEAT/USDT": 1784160096.0925872, "PUMP/USDT": 1784160096.0925872, "RAVE/USDT": 1784160096.0925872, "US/USDT": 1784160096.0925872, "ROAM/USDT": 1784160352.5193465, "ONDO/USDT": 1784160352.5193465, "LAB/USDT": 1784160957.2544622}, "vals": {"AKE/USDT": 4.37, "VELVET/USDT": 3.9}}