{"set": ["NES/USDT", "SLX/USDT", "VANRY/USDT"], "left": {"HMSTR/USDT": 1783314962.4727664, "EPIC/USDT": 1783317960.707354, "VELVET/USDT": 1783326359.0054882, "UB/USDT": 1783329958.4682093, "LIT/USDT": 1783333555.6255176, "LAB/USDT": 1783336275.4230828}, "vals": {"VANRY/USDT": 20.34, "NES/USDT": 8.75, "SLX/USDT": 5.53}}