{"set": ["US/USDT"], "left": {"AKE/USDT": 1784247964.9534473, "LAB/USDT": 1784248559.4605422, "RAVE/USDT": 1784250962.934766, "ESPORTS/USDT": 1784257872.7741404, "CRO/USDT": 1784260880.8118584, "BANK/USDT": 1784268655.072859, "SKYAI/USDT": 1784268655.072859, "KAITO/USDT": 1784268655.072859, "TAC/USDT": 1784268655.072859}, "vals": {"US/USDT": 3.22}}