{"set": ["ASTEROID/USDT", "BSB/USDT", "CLO/USDT", "ESPORTS/USDT", "EVAA/USDT", "JTO/USDT", "XLM/USDT", "XRP/USDT", "ZRO/USDT"], "left": {"TRADOOR/USDT": 1781535721.159713, "ADA/USDT": 1781542302.2382748, "SIREN/USDT": 1781545307.1217198, "WLFI/USDT": 1781545603.9212775, "CHIP/USDT": 1781550146.310581, "ENA/USDT": 1781551306.9101093, "PEPE/USDT": 1781551306.9101093}, "vals": {"ASTEROID/USDT": 66.78, "EVAA/USDT": 74.76, "ESPORTS/USDT": 3.66, "CLO/USDT": 3.98, "XRP/USDT": 7.52, "ZRO/USDT": 15.97, "XLM/USDT": 16.82, "JTO/USDT": 38.31, "BSB/USDT": 33.9}}