{"set": ["BTW/USDT", "CLO/USDT", "EIGEN/USDT", "ENA/USDT", "ID/USDT", "UB/USDT"], "left": {"RESOLV/USDT": 1782106571.7805967, "TNSR/USDT": 1782107467.06685, "BEAT/USDT": 1782109558.5650342, "BEL/USDT": 1782114365.9663596, "ADA/USDT": 1782117087.1591988}, "vals": {"UB/USDT": 24.45, "BTW/USDT": 32.25, "CLO/USDT": 33.36, "ENA/USDT": 8.88, "EIGEN/USDT": 11.32, "ID/USDT": 22.22}}