{"set": ["ADA/USDT", "BIRB/USDT", "BREV/USDT", "ENA/USDT", "LIT/USDT", "M/USDT", "PEPE/USDT", "TLM/USDT", "UB/USDT", "XRP/USDT"], "left": {"LAB/USDT": 1782981670.6143816, "SLX/USDT": 1782988872.3451953, "BAS/USDT": 1782990368.4244921, "TAC/USDT": 1782992775.2916791, "DOGE/USDT": 1782995768.142158}, "vals": {"PEPE/USDT": 4.82, "UB/USDT": 3.28, "BIRB/USDT": 58.98, "BREV/USDT": 30.81, "M/USDT": 23.75, "TLM/USDT": 6.43, "XRP/USDT": 3.45, "ADA/USDT": 4.29, "ENA/USDT": 8.91, "LIT/USDT": 6.09}}