{"set": ["ENA/USDT", "TAG/USDT", "US/USDT"], "left": {"KAITO/USDT": 1783631165.7486725, "ESPORTS/USDT": 1783641690.7023995, "BASED/USDT": 1783641690.7023995, "ARB/USDT": 1783641690.7023995, "SKYAI/USDT": 1783641690.7023995, "TAC/USDT": 1783645561.3696177, "LAB/USDT": 1783648884.6974123, "VANRY/USDT": 1783648884.6974123, "EDGEX/USDT": 1783649153.2064257, "EVAA/USDT": 1783650354.8935785}, "vals": {"TAG/USDT": 7.31, "US/USDT": 3.69, "ENA/USDT": 3.13}}