{"set": ["BEAT/USDT", "BEL/USDT", "IP/USDT", "LAB/USDT", "RESOLV/USDT", "SKYAI/USDT", "SLX/USDT"], "left": {"BLESS/USDT": 1782388917.2101676, "XPL/USDT": 1782404195.4882438, "H/USDT": 1782406300.4531302, "WLFI/USDT": 1782406596.8579862, "BAS/USDT": 1782408730.491489}, "vals": {"SLX/USDT": 19.31, "LAB/USDT": 14.87, "RESOLV/USDT": 8.88, "SKYAI/USDT": 10.35, "BEAT/USDT": 24.25, "IP/USDT": 3.79, "BEL/USDT": 9.73}}