{"set": ["ADA/USDT", "BIRB/USDT", "BREV/USDT", "ENA/USDT", "LAB/USDT", "M/USDT", "PEPE/USDT", "TLM/USDT", "UB/USDT", "XRP/USDT"], "left": {"SLX/USDT": 1782988872.3451953, "BAS/USDT": 1782990368.4244921, "TAC/USDT": 1782992775.2916791, "LIT/USDT": 1783003309.3451247, "DOGE/USDT": 1783004195.363327, "BEAT/USDT": 1783004195.363327}, "vals": {"PEPE/USDT": 4.82, "UB/USDT": 4.46, "BIRB/USDT": 71.91, "BREV/USDT": 27.87, "M/USDT": 34.17, "TLM/USDT": 33.29, "LAB/USDT": 3.06, "XRP/USDT": 3.38, "ENA/USDT": 6.76, "ADA/USDT": 3.64}}