{"set": ["BEL/USDT", "BICO/USDT", "BTW/USDT", "CLO/USDT", "EIGEN/USDT", "ESPORTS/USDT", "GALA/USDT", "HEI/USDT", "SKYAI/USDT"], "left": {"ENA/USDT": 1781936761.9218526, "BSB/USDT": 1781937073.213171, "ASTEROID/USDT": 1781940674.0638392, "BEAT/USDT": 1781944562.8452747, "UB/USDT": 1781944562.8452747}, "vals": {"BTW/USDT": 33.17, "ESPORTS/USDT": 7.52, "BEL/USDT": 35.08, "GALA/USDT": 3.75, "CLO/USDT": 15.27, "EIGEN/USDT": 5.53, "BICO/USDT": 16.61, "SKYAI/USDT": 5.77, "HEI/USDT": 6.17}}