{"set": ["AKE/USDT", "B/USDT"], "left": {"BANK/USDT": 1784377867.7585218, "LAB/USDT": 1784378758.0685637}, "vals": {"AKE/USDT": 21.85, "B/USDT": 42.77}}