{"set": ["BEAT/USDT", "BEL/USDT", "RESOLV/USDT", "TNSR/USDT", "UB/USDT", "WLFI/USDT"], "left": {"SIREN/USDT": 1782054081.0560644, "LAB/USDT": 1782055871.3949046, "ENA/USDT": 1782058561.4018724, "EPIC/USDT": 1782063361.0904973, "ESPORTS/USDT": 1782074160.4563336}, "vals": {"UB/USDT": 55.08, "TNSR/USDT": 48.57, "RESOLV/USDT": 10.15, "WLFI/USDT": 4.78, "BEL/USDT": 7.02, "BEAT/USDT": 3.6}}