{"set": ["AKE/USDT", "BANK/USDT", "RAVE/USDT"], "left": {"VANRY/USDT": 1784174756.4903207, "SKL/USDT": 1784178963.9165957, "US/USDT": 1784192764.993225}, "vals": {"AKE/USDT": 24.81, "BANK/USDT": 9.78, "RAVE/USDT": 7.99}}