{"set": ["BEL/USDT", "G/USDT", "LAB/USDT", "SLX/USDT"], "left": {"ID/USDT": 1782270078.2248478, "H/USDT": 1782278166.2508242, "ESPORTS/USDT": 1782285955.3146243, "BTW/USDT": 1782288361.8589675, "BEAT/USDT": 1782288361.8589675, "CLO/USDT": 1782289872.2151103}, "vals": {"G/USDT": 8.96, "LAB/USDT": 9.1, "SLX/USDT": 22.65, "BEL/USDT": 6.65}}