{"set": ["BIO/USDT", "CLO/USDT", "LAB/USDT", "SIREN/USDT", "SKYAI/USDT", "XLM/USDT"], "left": {"BLESS/USDT": 1781732498.5417356, "CFX/USDT": 1781738757.260513, "BSB/USDT": 1781740871.493052, "SPX/USDT": 1781740871.493052, "AGT/USDT": 1781740871.493052, "XPL/USDT": 1781740871.493052, "ASTER/USDT": 1781740871.493052, "BEAT/USDT": 1781744158.7403486, "ESPORTS/USDT": 1781749869.9408722, "ENA/USDT": 1781750162.3179739, "H/USDT": 1781751684.3458176}, "vals": {"SIREN/USDT": 7.78, "LAB/USDT": 8.65, "CLO/USDT": 9.51, "SKYAI/USDT": 8.92, "XLM/USDT": 5.2, "BIO/USDT": 3.2}}