{"set": ["BR/USDT", "BSB/USDT", "BTW/USDT", "ESPORTS/USDT", "SPX/USDT", "UNI/USDT", "\u9f99\u867e/USDT"], "left": {"SIREN/USDT": 1781672760.9604423, "BEAT/USDT": 1781673664.3652246, "SPACE/USDT": 1781676091.3308692, "BLESS/USDT": 1781676970.9589026, "EVAA/USDT": 1781680868.9426517, "XLM/USDT": 1781682371.3704596, "LAB/USDT": 1781682667.3037412}, "vals": {"\u9f99\u867e/USDT": 5.7, "BR/USDT": 3.06, "SPX/USDT": 12.29, "ESPORTS/USDT": 35.71, "BTW/USDT": 10.82, "BSB/USDT": 4.83, "UNI/USDT": 11.16}}