{"set": ["ASTEROID/USDT", "BSB/USDT", "JTO/USDT", "LAB/USDT", "SKYAI/USDT", "SPACE/USDT", "UNI/USDT", "XLM/USDT"], "left": {"ZRO/USDT": 1781607718.8485653, "CHIP/USDT": 1781613111.0452197, "ENA/USDT": 1781615200.7178867, "VELVET/USDT": 1781619706.3217, "OPG/USDT": 1781619706.3217, "FARTCOIN/USDT": 1781619706.3217}, "vals": {"ASTEROID/USDT": 24.97, "SPACE/USDT": 14.0, "LAB/USDT": 37.07, "SKYAI/USDT": 21.94, "XLM/USDT": 3.34, "BSB/USDT": 47.4, "JTO/USDT": 9.6, "UNI/USDT": 3.83}}