{"set": ["ARB/USDT", "EVAA/USDT", "PEPE/USDT", "SKL/USDT", "TAG/USDT", "VELVET/USDT"], "left": {"VANRY/USDT": 1783656092.6123552, "LAB/USDT": 1783657892.4873512, "US/USDT": 1783662079.4856043, "EDGEX/USDT": 1783665679.5733185, "ENA/USDT": 1783674100.9691825}, "vals": {"PEPE/USDT": 3.19, "TAG/USDT": 14.53, "SKL/USDT": 36.01, "VELVET/USDT": 25.82, "ARB/USDT": 7.59, "EVAA/USDT": 15.86}}