{"set": ["LAB/USDT", "SKYAI/USDT"], "left": {"OPG/USDT": 1783468890.0904126, "BLUR/USDT": 1783469755.6902192, "TLM/USDT": 1783470958.6890893, "US/USDT": 1783472500.8082616, "EDGEX/USDT": 1783473078.8661072, "EVAA/USDT": 1783473078.8661072, "EPIC/USDT": 1783473673.5877848, "NES/USDT": 1783474286.8051803}, "vals": {"LAB/USDT": 4.14, "SKYAI/USDT": 6.38}}