{"set": ["ACE/USDT", "BANK/USDT", "BONK/USDT", "HANA/USDT", "KAITO/USDT", "ONDO/USDT", "PI/USDT", "PROM/USDT", "PUMP/USDT"], "left": {"HOME/USDT": 1784561775.2969363, "PEPE/USDT": 1784564500.1598353, "LAB/USDT": 1784568398.64854, "B/USDT": 1784570799.41474, "ENA/USDT": 1784574394.6410167}, "vals": {"BONK/USDT": 8.22, "PUMP/USDT": 3.15, "HANA/USDT": 17.44, "BANK/USDT": 25.03, "ACE/USDT": 60.02, "PROM/USDT": 33.9, "KAITO/USDT": 3.59, "ONDO/USDT": 3.04, "PI/USDT": 7.02}}