{"set": ["BTW/USDT", "NES/USDT", "TLM/USDT", "UB/USDT", "VANRY/USDT"], "left": {"M/USDT": 1783258287.1343338, "LAB/USDT": 1783265758.4910336, "WLFI/USDT": 1783266363.6915896, "HMSTR/USDT": 1783266363.6915896}, "vals": {"VANRY/USDT": 18.17, "UB/USDT": 10.39, "BTW/USDT": 19.09, "NES/USDT": 15.88, "TLM/USDT": 31.39}}