{"set": ["NASDAQ:BIYA"], "left": {"NASDAQ:DXST": 1784534507.3055255, "NASDAQ:ATPC": 1784534507.3055255, "NASDAQ:TGHL": 1784534507.3055255, "NASDAQ:IQST": 1784534507.3055255, "NASDAQ:JLHL": 1784535662.832212, "NASDAQ:GLXG": 1784535662.832212, "AMEX:SLND": 1784535662.832212, "NASDAQ:TRUG": 1784535662.832212, "NASDAQ:PMAX": 1784535662.832212}, "vals": {"NASDAQ:BIYA": 38.16}}