{"set": ["BTW/USDT", "CLO/USDT", "ESPORTS/USDT", "EVAA/USDT", "H/USDT", "OPG/USDT", "SKYAI/USDT"], "left": {"VELVET/USDT": 1781444792.1403408, "JCT/USDT": 1781446321.9346998, "MEGA/USDT": 1781457131.357136, "TRADOOR/USDT": 1781460368.7243822, "LAB/USDT": 1781460969.7236722}, "vals": {"ESPORTS/USDT": 5.61, "H/USDT": 16.78, "BTW/USDT": 11.61, "OPG/USDT": 16.7, "CLO/USDT": 36.86, "EVAA/USDT": 44.5, "SKYAI/USDT": 5.42}}