{"set": ["BEAT/USDT", "BEL/USDT", "LAB/USDT", "SLX/USDT"], "left": {"BLESS/USDT": 1782266762.454853, "ID/USDT": 1782270078.2248478, "H/USDT": 1782278166.2508242, "BTW/USDT": 1782283259.7482293, "ESPORTS/USDT": 1782285955.3146243, "CLO/USDT": 1782287160.797812}, "vals": {"LAB/USDT": 8.58, "BEAT/USDT": 8.8, "SLX/USDT": 21.52, "BEL/USDT": 8.69}}