{"set": ["BLESS/USDT", "BTW/USDT", "LAB/USDT", "NAORIS/USDT", "RE/USDT", "SYN/USDT", "TNSR/USDT", "UB/USDT", "VELVET/USDT"], "left": {"LAYER/USDT": 1782172893.931539, "ALLO/USDT": 1782172893.931539, "EIGEN/USDT": 1782172893.931539, "BEL/USDT": 1782172893.931539, "RESOLV/USDT": 1782172893.931539, "ENA/USDT": 1782172893.931539, "CLO/USDT": 1782172893.931539, "ID/USDT": 1782172893.931539}, "vals": {"UB/USDT": 4.18, "BTW/USDT": 3.18, "BLESS/USDT": 13.84, "NAORIS/USDT": 3.47, "SYN/USDT": 17.99, "VELVET/USDT": 19.1, "RE/USDT": 11.93, "TNSR/USDT": 4.1, "LAB/USDT": 12.89}}