{"set": ["BAS/USDT", "BEAT/USDT", "H/USDT", "HEI/USDT", "MAGMA/USDT", "SKYAI/USDT", "TNSR/USDT", "UB/USDT", "VELVET/USDT"], "left": {"PUMP/USDT": 1782461769.381446, "G/USDT": 1782471687.5486228, "SLX/USDT": 1782476197.4772115, "BTW/USDT": 1782479795.881762, "LAB/USDT": 1782481596.3106234}, "vals": {"UB/USDT": 7.85, "BAS/USDT": 3.81, "MAGMA/USDT": 64.65, "VELVET/USDT": 23.64, "BEAT/USDT": 12.81, "SKYAI/USDT": 17.67, "TNSR/USDT": 3.59, "H/USDT": 4.35, "HEI/USDT": 8.9}}