{"set": ["ALICE/USDT", "BEL/USDT", "BTW/USDT", "EIGEN/USDT", "EPIC/USDT", "ESPORTS/USDT", "SLX/USDT"], "left": {"BICO/USDT": 1782000069.9734209, "GALA/USDT": 1782000069.9734209, "LAB/USDT": 1782000069.9734209, "CLO/USDT": 1782003954.350042, "BEAT/USDT": 1782007593.0055304}, "vals": {"BTW/USDT": 5.39, "ESPORTS/USDT": 7.32, "BEL/USDT": 5.25, "SLX/USDT": 7.87, "EPIC/USDT": 7.65, "EIGEN/USDT": 4.57, "ALICE/USDT": 13.08}}