{"set": ["BEL/USDT", "CLO/USDT", "LAB/USDT", "O/USDT", "SLX/USDT"], "left": {"ESPORTS/USDT": 1782285955.3146243, "BTW/USDT": 1782288361.8589675, "BEAT/USDT": 1782288361.8589675, "G/USDT": 1782302490.2419248}, "vals": {"LAB/USDT": 15.99, "CLO/USDT": 3.54, "SLX/USDT": 24.21, "O/USDT": 34.23, "BEL/USDT": 5.45}}