{"set": ["BAS/USDT", "HMSTR/USDT", "LAB/USDT", "M/USDT", "VELVET/USDT"], "left": {"PEPE/USDT": 1783138560.072619, "BEAT/USDT": 1783152087.5974643, "ARPA/USDT": 1783155067.7548878, "TLM/USDT": 1783155356.9939325}, "vals": {"HMSTR/USDT": 30.24, "BAS/USDT": 16.44, "LAB/USDT": 56.32, "VELVET/USDT": 17.56, "M/USDT": 3.2}}