{"set": ["BIO/USDT", "CLO/USDT", "FOLKS/USDT", "LAB/USDT", "SKYAI/USDT", "VELVET/USDT", "XLM/USDT"], "left": {"\u9f99\u867e/USDT": 1781794001.5678475, "AGT/USDT": 1781802703.5421944, "H/USDT": 1781803907.6361732, "BTW/USDT": 1781806601.9071543}, "vals": {"VELVET/USDT": 64.08, "LAB/USDT": 30.7, "CLO/USDT": 17.55, "XLM/USDT": 3.63, "FOLKS/USDT": 5.65, "SKYAI/USDT": 3.12, "BIO/USDT": 6.08}}