{"set": ["BLESS/USDT", "CLO/USDT", "ID/USDT", "LAYER/USDT"], "left": {"ALLO/USDT": 1782172893.931539, "EIGEN/USDT": 1782172893.931539, "BEL/USDT": 1782172893.931539, "ENA/USDT": 1782172893.931539, "VELVET/USDT": 1782173246.1022189, "UB/USDT": 1782173246.1022189, "RE/USDT": 1782173246.1022189, "TNSR/USDT": 1782173246.1022189, "LAB/USDT": 1782173246.1022189, "BTW/USDT": 1782173246.1022189, "SYN/USDT": 1782173246.1022189, "NAORIS/USDT": 1782173246.1022189, "HMSTR/USDT": 1782178556.04009, "RESOLV/USDT": 1782178556.04009}, "vals": {"BLESS/USDT": 15.39, "CLO/USDT": 3.02, "LAYER/USDT": 5.7, "ID/USDT": 4.26}}