{"set": ["ADA/USDT", "BAS/USDT", "BEAT/USDT", "BTW/USDT", "M/USDT", "RE/USDT", "XLM/USDT"], "left": {"VELVET/USDT": 1782858063.506421, "TAC/USDT": 1782866152.8073266, "AIGENSYN/USDT": 1782870962.4996216, "H/USDT": 1782878264.681469, "TAIKO/USDT": 1782878264.681469, "BASED/USDT": 1782879071.5931277}, "vals": {"BAS/USDT": 5.62, "BTW/USDT": 19.71, "M/USDT": 14.95, "XLM/USDT": 8.24, "ADA/USDT": 3.74, "RE/USDT": 4.32, "BEAT/USDT": 12.49}}