{"set": ["ADA/USDT", "BAS/USDT", "BASED/USDT", "BEAT/USDT", "BTW/USDT", "M/USDT", "RE/USDT", "XLM/USDT"], "left": {"VELVET/USDT": 1782858063.506421, "TAC/USDT": 1782866152.8073266, "AIGENSYN/USDT": 1782870962.4996216, "H/USDT": 1782878264.681469, "TAIKO/USDT": 1782878264.681469}, "vals": {"BAS/USDT": 6.76, "BTW/USDT": 19.42, "BASED/USDT": 3.96, "M/USDT": 10.28, "XLM/USDT": 7.84, "ADA/USDT": 3.74, "RE/USDT": 3.78, "BEAT/USDT": 13.77}}