{"set": ["BASED/USDT", "KAITO/USDT", "SKYAI/USDT", "VANRY/USDT"], "left": {"UNI/USDT": 1783592763.5796893, "EDGEX/USDT": 1783603011.964125, "ENA/USDT": 1783611999.8889506, "TAG/USDT": 1783611999.8889506}, "vals": {"VANRY/USDT": 5.93, "SKYAI/USDT": 4.56, "BASED/USDT": 17.9, "KAITO/USDT": 3.32}}