{"set": ["BEL/USDT", "BICO/USDT", "BTW/USDT", "EIGEN/USDT", "ESPORTS/USDT", "SKYAI/USDT"], "left": {"HEI/USDT": 1781924153.5218754, "ENA/USDT": 1781936761.9218526, "BSB/USDT": 1781937073.213171, "CLO/USDT": 1781938881.122302, "ASTEROID/USDT": 1781940674.0638392, "BEAT/USDT": 1781943662.2167544, "UB/USDT": 1781943959.8120768}, "vals": {"BTW/USDT": 21.63, "ESPORTS/USDT": 5.44, "BEL/USDT": 34.66, "EIGEN/USDT": 9.36, "BICO/USDT": 12.51, "SKYAI/USDT": 4.25}}