{"set": ["BTW/USDT", "CLO/USDT", "ENA/USDT", "LAB/USDT", "UB/USDT"], "left": {"ESPORTS/USDT": 1782081082.4611847, "RESOLV/USDT": 1782084972.3252332, "WLFI/USDT": 1782084972.3252332, "BEL/USDT": 1782086498.4360116, "BEAT/USDT": 1782086498.4360116, "STO/USDT": 1782087057.9893005, "NAORIS/USDT": 1782087057.9893005, "TNSR/USDT": 1782090077.2930338}, "vals": {"UB/USDT": 5.02, "BTW/USDT": 6.0, "LAB/USDT": 5.68, "CLO/USDT": 7.31, "ENA/USDT": 3.07}}