{"set": ["ADA/USDT", "BTW/USDT", "CLO/USDT", "ENA/USDT", "RESOLV/USDT", "TNSR/USDT", "UB/USDT"], "left": {"ESPORTS/USDT": 1782081082.4611847, "WLFI/USDT": 1782084972.3252332, "BEL/USDT": 1782086498.4360116, "BEAT/USDT": 1782086498.4360116, "STO/USDT": 1782087057.9893005, "NAORIS/USDT": 1782087057.9893005, "LAB/USDT": 1782090977.8595104}, "vals": {"UB/USDT": 4.26, "BTW/USDT": 9.28, "RESOLV/USDT": 4.04, "TNSR/USDT": 3.22, "CLO/USDT": 14.23, "ENA/USDT": 6.14, "ADA/USDT": 3.26}}