{"set": ["ASTEROID/USDT", "BEAT/USDT", "BEL/USDT", "BSB/USDT", "BTW/USDT", "CLO/USDT", "ESPORTS/USDT", "UB/USDT"], "left": {"SKYAI/USDT": 1781911872.545053, "SYN/USDT": 1781913954.9455822, "BLESS/USDT": 1781913954.9455822, "BASED/USDT": 1781915763.145682, "LAB/USDT": 1781916662.773172, "BICO/USDT": 1781921462.5297523, "HEI/USDT": 1781924153.5218754}, "vals": {"ASTEROID/USDT": 5.12, "UB/USDT": 4.41, "BTW/USDT": 5.36, "ESPORTS/USDT": 6.74, "BEL/USDT": 3.47, "CLO/USDT": 5.86, "BEAT/USDT": 4.34, "BSB/USDT": 5.23}}