{"set": ["ACE/USDT", "AVAAI/USDT", "BANK/USDT", "PI/USDT"], "left": {"B/USDT": 1784506264.8048582, "PUMPFUN/USDT": 1784506264.8048582, "AKE/USDT": 1784512260.9563913, "PEPE/USDT": 1784517062.9586895, "HOME/USDT": 1784518978.3080316, "KAITO/USDT": 1784522459.8047664, "ESPORTS/USDT": 1784523357.0800269, "TLM/USDT": 1784525761.6559381}, "vals": {"BANK/USDT": 10.53, "AVAAI/USDT": 11.14, "ACE/USDT": 11.98, "PI/USDT": 3.78}}