{"NASDAQ:PPCB": 1781383728.2071698, "NASDAQ:RKDA": 1781383728.2071698, "NASDAQ:VRA": 1781383728.2071698, "NASDAQ:GLXG": 1781383728.2071698, "AMEX:TMDE": 1781383728.2071698, "NASDAQ:MTEN": 1781383728.2071698}