{"set": ["ESPORTS/USDT", "G/USDT", "SLX/USDT", "VELVET/USDT"], "left": {"LAB/USDT": 1782524459.6813502, "AGLD/USDT": 1782536758.01099, "MAGMA/USDT": 1782536758.01099, "JTO/USDT": 1782544258.4403758}, "vals": {"G/USDT": 3.29, "VELVET/USDT": 28.36, "ESPORTS/USDT": 7.51, "SLX/USDT": 11.87}}