{"set": ["BLUR/USDT", "OPG/USDT", "TAC/USDT", "WLFI/USDT"], "left": {"EPIC/USDT": 1783410365.9587643, "NES/USDT": 1783428691.6485453, "M/USDT": 1783429313.8417206, "VANRY/USDT": 1783430493.8190887, "TLM/USDT": 1783430767.1384525}, "vals": {"BLUR/USDT": 11.23, "OPG/USDT": 8.02, "TAC/USDT": 54.72, "WLFI/USDT": 3.6}}