{"set": ["ADA/USDT", "ARPA/USDT", "BAS/USDT", "GUA/USDT", "PEPE/USDT", "ZKP/USDT"], "left": {"TAC/USDT": 1783066278.9986367, "MAGMA/USDT": 1783074080.1558797, "US/USDT": 1783076497.9331872, "M/USDT": 1783077676.7961626, "TLM/USDT": 1783079495.179191}, "vals": {"PEPE/USDT": 4.75, "ARPA/USDT": 54.41, "ZKP/USDT": 30.24, "BAS/USDT": 18.55, "GUA/USDT": 10.14, "ADA/USDT": 5.14}}