{"set": ["ACT/USDT", "KAS/USDT", "POWR/USDT", "SYN/USDT", "TAC/USDT", "UB/USDT"], "left": {"ENA/USDT": 1782758799.5168116, "WLFI/USDT": 1782773166.404553, "BEAT/USDT": 1782776765.6729114, "AGLD/USDT": 1782777687.2265365, "O/USDT": 1782777687.2265365, "BAS/USDT": 1782777687.2265365, "RAVE/USDT": 1782777687.2265365, "RE/USDT": 1782777687.2265365, "PUMPFUN/USDT": 1782777967.3393908}, "vals": {"KAS/USDT": 8.38, "TAC/USDT": 3.82, "UB/USDT": 14.24, "POWR/USDT": 3.21, "ACT/USDT": 8.5, "SYN/USDT": 19.22}}