{"set": ["AKE/USDT", "BANK/USDT", "ESPORTS/USDT", "XEC/USDT"], "left": {"ONDO/USDT": 1784318797.1005747, "LRC/USDT": 1784332881.7501092, "ADA/USDT": 1784332881.7501092, "US/USDT": 1784332881.7501092}, "vals": {"XEC/USDT": 7.41, "AKE/USDT": 16.27, "BANK/USDT": 4.73, "ESPORTS/USDT": 44.82}}