{"set": ["ADA/USDT", "BIRB/USDT", "BREV/USDT", "DOGE/USDT", "ENA/USDT", "LAB/USDT", "M/USDT", "PEPE/USDT", "TLM/USDT", "UB/USDT", "XRP/USDT"], "left": {"SLX/USDT": 1782988872.3451953, "BAS/USDT": 1782990368.4244921, "TAC/USDT": 1782992775.2916791, "LIT/USDT": 1783003309.3451247, "BEAT/USDT": 1783004195.363327}, "vals": {"PEPE/USDT": 5.38, "UB/USDT": 5.48, "BIRB/USDT": 68.38, "BREV/USDT": 26.47, "M/USDT": 38.03, "TLM/USDT": 35.61, "LAB/USDT": 5.58, "XRP/USDT": 3.76, "ENA/USDT": 7.02, "DOGE/USDT": 3.09, "ADA/USDT": 4.23}}