{"set": ["AIGENSYN/USDT", "BSB/USDT", "BTW/USDT", "TAC/USDT"], "left": {"VELVET/USDT": 1782799858.5735085, "CAP/USDT": 1782805859.594563, "MYX/USDT": 1782805859.594563, "KAS/USDT": 1782805859.594563, "SYN/USDT": 1782805859.594563, "XLM/USDT": 1782809160.032642}, "vals": {"AIGENSYN/USDT": 10.17, "TAC/USDT": 4.35, "BTW/USDT": 43.14, "BSB/USDT": 3.09}}