{"set": ["EVAA/USDT", "LAB/USDT", "TAC/USDT", "TAG/USDT"], "left": {"KAITO/USDT": 1783631165.7486725, "ENA/USDT": 1783638688.140897, "ESPORTS/USDT": 1783641690.7023995, "BASED/USDT": 1783641690.7023995, "ARB/USDT": 1783641690.7023995, "SKYAI/USDT": 1783641690.7023995, "US/USDT": 1783643485.5325227, "EDGEX/USDT": 1783644362.9178944}, "vals": {"TAG/USDT": 7.93, "LAB/USDT": 7.43, "TAC/USDT": 7.69, "EVAA/USDT": 4.59}}