{"set": ["ACT/USDT", "BEAT/USDT", "RAVE/USDT", "SLX/USDT", "VELVET/USDT"], "left": {"LAB/USDT": 1782682330.3504665, "MANTA/USDT": 1782691284.653991, "UB/USDT": 1782691284.653991, "POWR/USDT": 1782693061.7186444, "MAGIC/USDT": 1782693061.7186444, "BTW/USDT": 1782694552.992421, "AGLD/USDT": 1782698160.6993742, "O/USDT": 1782698759.4098055, "SKYAI/USDT": 1782700551.8194292, "BAS/USDT": 1782701461.4914496}, "vals": {"VELVET/USDT": 11.48, "ACT/USDT": 3.64, "RAVE/USDT": 4.94, "SLX/USDT": 4.75, "BEAT/USDT": 3.38}}