{"set": ["ASTEROID/USDT", "BSB/USDT", "ESPORTS/USDT", "EVAA/USDT", "FARTCOIN/USDT", "JTO/USDT", "SIREN/USDT", "XLM/USDT", "XRP/USDT", "ZRO/USDT"], "left": {"ADA/USDT": 1781542302.2382748, "WLFI/USDT": 1781545603.9212775, "CHIP/USDT": 1781550146.310581, "PEPE/USDT": 1781551306.9101093, "CLO/USDT": 1781555509.6523776, "ENA/USDT": 1781559971.089112}, "vals": {"ASTEROID/USDT": 79.36, "SIREN/USDT": 16.22, "EVAA/USDT": 58.92, "ESPORTS/USDT": 5.5, "XRP/USDT": 5.47, "ZRO/USDT": 17.22, "XLM/USDT": 14.39, "JTO/USDT": 33.9, "BSB/USDT": 33.14, "FARTCOIN/USDT": 4.26}}