{"set": ["RESOLV/USDT"], "left": {"ESPORTS/USDT": 1782259286.5653002, "BEAT/USDT": 1782259286.5653002, "BTW/USDT": 1782259286.5653002, "HEI/USDT": 1782260157.580966, "UB/USDT": 1782260157.580966, "DYDX/USDT": 1782260157.580966, "BASED/USDT": 1782260157.580966, "ID/USDT": 1782262551.8670192}, "vals": {"RESOLV/USDT": 3.51}}