{"set": ["BANK/USDT", "ENA/USDT", "LAB/USDT", "MIRA/USDT", "RE/USDT", "US/USDT"], "left": {"ONDO/USDT": 1784740923.4816012, "ADA/USDT": 1784742701.6604655, "ERA/USDT": 1784744496.099978, "BONK/USDT": 1784745117.2059247, "AKE/USDT": 1784748992.0554726}, "vals": {"BANK/USDT": 24.95, "US/USDT": 8.59, "LAB/USDT": 11.34, "RE/USDT": 25.06, "ENA/USDT": 6.93, "MIRA/USDT": 15.38}}