{"set": ["ARB/USDT", "CLO/USDT", "T/USDT"], "left": {"TAG/USDT": 1783768558.0159066, "SKYAI/USDT": 1783782026.1493845, "BEAT/USDT": 1783782026.1493845, "ENA/USDT": 1783782678.6023226, "HMSTR/USDT": 1783783887.6966646, "ADA/USDT": 1783787155.4164948, "XPIN/USDT": 1783787753.1493256}, "vals": {"T/USDT": 35.42, "CLO/USDT": 21.59, "ARB/USDT": 4.94}}