{"set": ["EDGEX/USDT", "EVAA/USDT", "TAG/USDT"], "left": {"KAITO/USDT": 1783631165.7486725, "ENA/USDT": 1783638688.140897, "ESPORTS/USDT": 1783641690.7023995, "BASED/USDT": 1783641690.7023995, "ARB/USDT": 1783641690.7023995, "SKYAI/USDT": 1783641690.7023995, "TAC/USDT": 1783645561.3696177, "US/USDT": 1783647355.6420429, "LAB/USDT": 1783648884.6974123, "VANRY/USDT": 1783648884.6974123}, "vals": {"TAG/USDT": 8.82, "EDGEX/USDT": 3.3, "EVAA/USDT": 4.12}}