{"set": ["BTW/USDT", "LAB/USDT", "LIT/USDT", "NES/USDT", "TLM/USDT", "UB/USDT", "VANRY/USDT"], "left": {"MIRA/USDT": 1783278677.6371796, "WLFI/USDT": 1783288892.1587539, "VELVET/USDT": 1783289478.9227061, "ENA/USDT": 1783293677.5100284, "CAP/USDT": 1783295175.271558}, "vals": {"VANRY/USDT": 25.21, "UB/USDT": 17.03, "LAB/USDT": 6.49, "NES/USDT": 12.96, "BTW/USDT": 17.24, "TLM/USDT": 40.43, "LIT/USDT": 12.86}}