{"set": ["BTW/USDT", "M/USDT", "NES/USDT", "TLM/USDT", "VANRY/USDT"], "left": {"HMSTR/USDT": 1783247756.0110407, "WLFI/USDT": 1783255563.6762834, "LAB/USDT": 1783257675.1220028}, "vals": {"VANRY/USDT": 27.69, "BTW/USDT": 24.89, "NES/USDT": 11.26, "M/USDT": 3.12, "TLM/USDT": 11.18}}