{"set": ["JTO/USDT", "SLX/USDT", "UB/USDT", "VELVET/USDT", "WIF/USDT"], "left": {"AGLD/USDT": 1782536758.01099, "MAGMA/USDT": 1782536758.01099, "G/USDT": 1782546058.3500926, "ESPORTS/USDT": 1782554482.4956775, "M/USDT": 1782555660.4669464}, "vals": {"UB/USDT": 4.81, "VELVET/USDT": 78.62, "SLX/USDT": 4.34, "JTO/USDT": 4.41, "WIF/USDT": 9.1}}