{"set": ["NASDAQ:ADVB", "NASDAQ:EHGO", "NASDAQ:LGCL", "NASDAQ:NEUP", "NASDAQ:SKYQ", "NASDAQ:WBUY", "NASDAQ:WLDS", "NASDAQ:ZYBT"], "left": {"NASDAQ:KUST": 1784880107.9175153, "NASDAQ:ZCMD": 1784880107.9175153, "NASDAQ:INM": 1784880107.9175153, "NASDAQ:LABT": 1784880107.9175153, "NASDAQ:INLF": 1784880107.9175153}, "vals": {"NASDAQ:WLDS": 16.22, "NASDAQ:WBUY": 76.78, "NASDAQ:NEUP": 14.11, "NASDAQ:LGCL": 67.1, "NASDAQ:EHGO": 134.09, "NASDAQ:SKYQ": 12.59, "NASDAQ:ADVB": 23.67, "NASDAQ:ZYBT": 27.54}}