{"set": ["BEAT/USDT", "BEL/USDT", "LAB/USDT"], "left": {"BLESS/USDT": 1782266762.454853, "ID/USDT": 1782270078.2248478, "ESPORTS/USDT": 1782276664.413571, "H/USDT": 1782278166.2508242, "BTW/USDT": 1782283259.7482293, "CLO/USDT": 1782285361.9590595}, "vals": {"LAB/USDT": 12.2, "BEAT/USDT": 11.03, "BEL/USDT": 9.52}}