{"set": ["BEL/USDT", "LAB/USDT", "O/USDT", "SLX/USDT"], "left": {"G/USDT": 1782302490.2419248, "BLESS/USDT": 1782306969.3825095, "CLO/USDT": 1782310571.6127245}, "vals": {"LAB/USDT": 19.73, "SLX/USDT": 15.05, "O/USDT": 22.09, "BEL/USDT": 3.68}}