{"set": ["BEL/USDT", "BICO/USDT", "BTW/USDT", "EIGEN/USDT", "ESPORTS/USDT"], "left": {"ENA/USDT": 1781936761.9218526, "BSB/USDT": 1781937073.213171, "ASTEROID/USDT": 1781940674.0638392, "BEAT/USDT": 1781944562.8452747, "UB/USDT": 1781944562.8452747, "HEI/USDT": 1781949681.8658605, "SKYAI/USDT": 1781951164.1377556, "AGT/USDT": 1781953861.097182, "GALA/USDT": 1781956887.6106508, "CLO/USDT": 1781956887.6106508}, "vals": {"BTW/USDT": 39.06, "ESPORTS/USDT": 3.81, "BEL/USDT": 46.31, "EIGEN/USDT": 7.75, "BICO/USDT": 21.59}}