{"set": ["ACE/USDT", "BANK/USDT", "ESPORTS/USDT", "HOME/USDT", "KAITO/USDT", "PEPE/USDT", "PI/USDT"], "left": {"BONK/USDT": 1784495464.7845154, "TLM/USDT": 1784505693.7150998, "B/USDT": 1784506264.8048582, "PUMPFUN/USDT": 1784506264.8048582, "AKE/USDT": 1784512260.9563913}, "vals": {"PEPE/USDT": 3.14, "BANK/USDT": 7.43, "ESPORTS/USDT": 4.09, "HOME/USDT": 3.88, "KAITO/USDT": 5.45, "PI/USDT": 5.18, "ACE/USDT": 13.76}}