{"set": ["BANK/USDT", "KAITO/USDT", "TAC/USDT"], "left": {"AKE/USDT": 1784247964.9534473, "LAB/USDT": 1784248559.4605422, "RAVE/USDT": 1784250962.934766, "ESPORTS/USDT": 1784257872.7741404, "CRO/USDT": 1784260880.8118584, "US/USDT": 1784269265.0068219, "SKYAI/USDT": 1784269265.0068219}, "vals": {"BANK/USDT": 4.07, "TAC/USDT": 13.41, "KAITO/USDT": 12.33}}