{"set": ["ENA/USDT", "LAB/USDT", "VELVET/USDT"], "left": {"T/USDT": 1784000475.9117653, "B/USDT": 1784011285.3117409}, "vals": {"LAB/USDT": 28.88, "VELVET/USDT": 5.57, "ENA/USDT": 3.92}}