{"set": ["ARB/USDT", "B/USDT", "T/USDT"], "left": {"CLO/USDT": 1783814490.6812153, "TAG/USDT": 1783819280.2722335, "SXT/USDT": 1783820756.6568308, "SKL/USDT": 1783821077.7561285, "VIRTUAL/USDT": 1783830955.5822108, "XPIN/USDT": 1783831877.019421}, "vals": {"T/USDT": 12.79, "B/USDT": 14.51, "ARB/USDT": 4.83}}