{"set": ["AKE/USDT", "B/USDT", "LAB/USDT"], "left": {"BANK/USDT": 1784377867.7585218, "US/USDT": 1784382660.189706}, "vals": {"AKE/USDT": 17.41, "B/USDT": 18.82, "LAB/USDT": 4.24}}