{"set": ["BTW/USDT", "H/USDT", "VELVET/USDT", "XLM/USDT"], "left": {"SLX/USDT": 1782838920.917782, "IN/USDT": 1782840398.3848712, "TAC/USDT": 1782842522.9683788, "AIGENSYN/USDT": 1782842522.9683788}, "vals": {"BTW/USDT": 5.68, "VELVET/USDT": 3.69, "XLM/USDT": 4.06, "H/USDT": 15.78}}