{"set": ["BASED/USDT", "BTW/USDT", "H/USDT", "RE/USDT", "XLM/USDT"], "left": {"VELVET/USDT": 1782858063.506421, "TAC/USDT": 1782866152.8073266, "BEAT/USDT": 1782867058.0822861, "TAIKO/USDT": 1782867955.2676673, "AIGENSYN/USDT": 1782870962.4996216, "M/USDT": 1782871279.518773, "BAS/USDT": 1782871861.815031}, "vals": {"BTW/USDT": 16.2, "BASED/USDT": 3.47, "XLM/USDT": 6.25, "RE/USDT": 4.76, "H/USDT": 3.16}}