{"set": ["BTW/USDT", "CAP/USDT", "LAB/USDT", "NES/USDT", "TLM/USDT", "UB/USDT", "VANRY/USDT"], "left": {"HMSTR/USDT": 1783266363.6915896, "M/USDT": 1783269086.9972239, "LIT/USDT": 1783274498.418961, "MIRA/USDT": 1783278677.6371796, "WLFI/USDT": 1783279278.0503263, "VELVET/USDT": 1783283488.502864}, "vals": {"UB/USDT": 14.01, "VANRY/USDT": 18.44, "CAP/USDT": 17.84, "LAB/USDT": 7.0, "BTW/USDT": 16.27, "NES/USDT": 25.95, "TLM/USDT": 50.83}}