{"set": ["ASTEROID/USDT", "BEAT/USDT", "BSB/USDT", "ESPORTS/USDT", "UB/USDT"], "left": {"H/USDT": 1781901395.442788, "SKYAI/USDT": 1781911872.545053, "HEI/USDT": 1781913684.1579404, "CLO/USDT": 1781913684.1579404, "BEL/USDT": 1781913684.1579404, "SYN/USDT": 1781913954.9455822, "BLESS/USDT": 1781913954.9455822, "BASED/USDT": 1781915763.145682, "BTW/USDT": 1781916662.773172, "LAB/USDT": 1781916662.773172, "BICO/USDT": 1781921462.5297523}, "vals": {"ASTEROID/USDT": 4.27, "UB/USDT": 4.25, "ESPORTS/USDT": 5.44, "BEAT/USDT": 7.1, "BSB/USDT": 4.59}}