{"set": ["BAS/USDT", "BEAT/USDT", "H/USDT", "HEI/USDT", "LAB/USDT", "SKYAI/USDT", "UB/USDT"], "left": {"PUMP/USDT": 1782461769.381446, "G/USDT": 1782471687.5486228, "BTW/USDT": 1782474098.215162, "TNSR/USDT": 1782474098.215162, "SLX/USDT": 1782476197.4772115}, "vals": {"UB/USDT": 4.63, "BAS/USDT": 3.55, "LAB/USDT": 5.93, "BEAT/USDT": 11.15, "SKYAI/USDT": 15.15, "H/USDT": 5.41, "HEI/USDT": 3.87}}