{"set": ["AKE/USDT", "B/USDT", "LAB/USDT"], "left": {"BANK/USDT": 1784377867.7585218, "US/USDT": 1784382660.189706}, "vals": {"AKE/USDT": 21.18, "B/USDT": 24.74, "LAB/USDT": 3.82}}