{"set": ["BEAT/USDT", "BTW/USDT", "CLO/USDT", "FOLKS/USDT", "HEI/USDT"], "left": {"BIO/USDT": 1781841958.741841, "BASED/USDT": 1781844062.1616166, "ESPORTS/USDT": 1781844956.9527075, "BSB/USDT": 1781854554.125682, "VELVET/USDT": 1781861480.8552368}, "vals": {"BTW/USDT": 27.6, "CLO/USDT": 5.75, "BEAT/USDT": 4.49, "FOLKS/USDT": 6.15, "HEI/USDT": 52.06}}