{"set": ["ADA/USDT", "BAS/USDT", "BEAT/USDT", "BTW/USDT", "H/USDT", "M/USDT", "TAIKO/USDT", "XLM/USDT"], "left": {"VELVET/USDT": 1782858063.506421, "TAC/USDT": 1782866152.8073266, "AIGENSYN/USDT": 1782870962.4996216, "RE/USDT": 1782876682.5493243, "BASED/USDT": 1782877268.9784644}, "vals": {"BAS/USDT": 7.95, "BTW/USDT": 19.38, "TAIKO/USDT": 4.2, "M/USDT": 9.02, "XLM/USDT": 7.69, "ADA/USDT": 3.05, "H/USDT": 4.33, "BEAT/USDT": 6.4}}