{"set": ["ACT/USDT", "BAS/USDT", "O/USDT", "RAVE/USDT", "SLX/USDT", "UB/USDT"], "left": {"POWR/USDT": 1782693061.7186444, "MAGIC/USDT": 1782693061.7186444, "BTW/USDT": 1782694552.992421, "AGLD/USDT": 1782698160.6993742, "SKYAI/USDT": 1782700551.8194292, "BEAT/USDT": 1782701760.3329859, "MANTA/USDT": 1782703264.1026807, "VELVET/USDT": 1782703871.3559985, "ENA/USDT": 1782714062.4109943}, "vals": {"UB/USDT": 9.49, "ACT/USDT": 17.64, "BAS/USDT": 4.73, "RAVE/USDT": 43.32, "SLX/USDT": 13.56, "O/USDT": 3.77}}