{"set": ["CHIP/USDT", "CLO/USDT", "ESPORTS/USDT", "EVAA/USDT", "JCT/USDT", "SIREN/USDT", "VELVET/USDT"], "left": {"TRADOOR/USDT": 1781481361.106416, "BTW/USDT": 1781481673.613035, "XRP/USDT": 1781481673.613035, "SKYAI/USDT": 1781481673.613035, "ADA/USDT": 1781481673.613035, "COAI/USDT": 1781484059.012646, "LAB/USDT": 1781486463.1124449, "OPG/USDT": 1781488257.9583573, "JELLYJELLY/USDT": 1781490069.5972364, "H/USDT": 1781490069.5972364}, "vals": {"JCT/USDT": 6.38, "SIREN/USDT": 4.49, "VELVET/USDT": 3.24, "CHIP/USDT": 4.1, "ESPORTS/USDT": 7.16, "CLO/USDT": 20.99, "EVAA/USDT": 4.07}}