{"set": ["ACT/USDT", "MANTA/USDT", "O/USDT", "RAVE/USDT", "SLX/USDT", "UB/USDT", "VELVET/USDT", "WIF/USDT"], "left": {"BTW/USDT": 1782645662.3460834, "PUMP/USDT": 1782655279.7240782, "\u5e01\u5b89\u4eba\u751f/USDT": 1782660950.5243452, "LAB/USDT": 1782666959.8424215}, "vals": {"ACT/USDT": 53.69, "UB/USDT": 10.12, "VELVET/USDT": 14.03, "RAVE/USDT": 17.91, "MANTA/USDT": 28.52, "SLX/USDT": 3.15, "O/USDT": 21.09, "WIF/USDT": 4.64}}