{"set": ["BLUR/USDT", "NES/USDT", "OPG/USDT", "TAC/USDT", "WLFI/USDT"], "left": {"LAB/USDT": 1783405900.8362122, "EPIC/USDT": 1783410365.9587643, "VANRY/USDT": 1783419967.3909187, "M/USDT": 1783425715.0640087, "TLM/USDT": 1783426292.6427538}, "vals": {"BLUR/USDT": 16.37, "OPG/USDT": 13.93, "TAC/USDT": 57.8, "NES/USDT": 8.21, "WLFI/USDT": 4.53}}