{"set": ["BTW/USDT", "CLO/USDT", "ENA/USDT", "UB/USDT"], "left": {"ESPORTS/USDT": 1782081082.4611847, "WLFI/USDT": 1782084972.3252332, "BEL/USDT": 1782086498.4360116, "BEAT/USDT": 1782086498.4360116, "STO/USDT": 1782087057.9893005, "NAORIS/USDT": 1782087057.9893005, "LAB/USDT": 1782090977.8595104, "ADA/USDT": 1782092158.0058637, "TNSR/USDT": 1782092158.0058637, "RESOLV/USDT": 1782097324.0951607}, "vals": {"UB/USDT": 5.97, "BTW/USDT": 24.85, "CLO/USDT": 26.36, "ENA/USDT": 5.61}}