{"set": ["BLUR/USDT", "LAB/USDT"], "left": {"EDGEX/USDT": 1783468890.0904126, "EVAA/USDT": 1783468890.0904126, "OPG/USDT": 1783468890.0904126, "NES/USDT": 1783468890.0904126}, "vals": {"LAB/USDT": 5.83, "BLUR/USDT": 3.7}}