{"set": ["ASTEROID/USDT", "BEAT/USDT", "BEL/USDT", "BSB/USDT", "CLO/USDT", "EIGEN/USDT", "ESPORTS/USDT", "UB/USDT"], "left": {"SKYAI/USDT": 1781911872.545053, "SYN/USDT": 1781913954.9455822, "BLESS/USDT": 1781913954.9455822, "BASED/USDT": 1781915763.145682, "LAB/USDT": 1781916662.773172, "BICO/USDT": 1781921462.5297523, "HEI/USDT": 1781924153.5218754, "BTW/USDT": 1781925665.8882604}, "vals": {"ASTEROID/USDT": 5.19, "UB/USDT": 3.75, "ESPORTS/USDT": 5.41, "BEL/USDT": 3.4, "CLO/USDT": 7.07, "BEAT/USDT": 8.31, "BSB/USDT": 3.54, "EIGEN/USDT": 10.21}}