{"set": ["LAB/USDT", "US/USDT"], "left": {"BANK/USDT": 1784698861.5060885, "AKE/USDT": 1784703353.433865}, "vals": {"US/USDT": 5.94, "LAB/USDT": 14.58}}