{"set": ["B/USDT", "T/USDT", "VANRY/USDT"], "left": {"TAG/USDT": 1783819280.2722335, "SXT/USDT": 1783820756.6568308, "SKL/USDT": 1783821077.7561285, "VIRTUAL/USDT": 1783830955.5822108, "XPIN/USDT": 1783831877.019421, "ARB/USDT": 1783837280.0201983}, "vals": {"T/USDT": 6.71, "B/USDT": 9.47, "VANRY/USDT": 17.43}}