{"set": ["BAS/USDT", "BEAT/USDT", "ESPORTS/USDT", "H/USDT", "LAB/USDT", "MAGMA/USDT", "SKYAI/USDT", "UB/USDT", "VELVET/USDT"], "left": {"G/USDT": 1782471687.5486228, "SLX/USDT": 1782476197.4772115, "BTW/USDT": 1782479795.881762, "PUMP/USDT": 1782482520.7389536, "TNSR/USDT": 1782483095.3601108, "HEI/USDT": 1782483095.3601108}, "vals": {"UB/USDT": 7.13, "BAS/USDT": 5.46, "MAGMA/USDT": 72.46, "VELVET/USDT": 20.28, "LAB/USDT": 5.18, "ESPORTS/USDT": 19.45, "BEAT/USDT": 17.6, "SKYAI/USDT": 19.11, "H/USDT": 8.08}}