{"set": ["CLO/USDT", "EDGEX/USDT", "EVAA/USDT", "NES/USDT", "TLM/USDT", "VANRY/USDT"], "left": {"OPG/USDT": 1783468890.0904126, "BLUR/USDT": 1783469755.6902192, "US/USDT": 1783472500.8082616, "EPIC/USDT": 1783473673.5877848, "LAB/USDT": 1783474873.5287735, "SKYAI/USDT": 1783476091.7598207, "TAC/USDT": 1783476955.12267, "SLX/USDT": 1783487479.8335152}, "vals": {"EDGEX/USDT": 10.27, "VANRY/USDT": 4.83, "NES/USDT": 6.48, "CLO/USDT": 4.12, "EVAA/USDT": 16.92, "TLM/USDT": 6.13}}