{"set": ["B/USDT", "BEAT/USDT", "ESPORTS/USDT", "HOME/USDT", "RE/USDT", "US/USDT"], "left": {"ZAMA/USDT": 1784856957.7212021, "RIF/USDT": 1784857260.3041213, "BANK/USDT": 1784858155.9180408, "ERA/USDT": 1784870459.8763897, "AKE/USDT": 1784874371.8867524}, "vals": {"HOME/USDT": 10.32, "ESPORTS/USDT": 4.02, "US/USDT": 10.63, "RE/USDT": 19.93, "B/USDT": 3.24, "BEAT/USDT": 13.33}}