{"set": ["BEAT/USDT", "UB/USDT"], "left": {"WIF/USDT": 1782604885.0212393, "S/USDT": 1782605457.9097173, "RE/USDT": 1782605457.9097173, "VELVET/USDT": 1782605457.9097173, "SLX/USDT": 1782606666.9862638, "M/USDT": 1782607259.478217, "MYX/USDT": 1782612657.5769546, "LAB/USDT": 1782614756.4180048}, "vals": {"UB/USDT": 8.51, "BEAT/USDT": 4.45}}