{"set": ["BTW/USDT", "LAB/USDT", "NES/USDT", "TLM/USDT", "UB/USDT", "VANRY/USDT", "VELVET/USDT"], "left": {"HMSTR/USDT": 1783266363.6915896, "M/USDT": 1783269086.9972239, "LIT/USDT": 1783274498.418961, "MIRA/USDT": 1783278677.6371796, "WLFI/USDT": 1783279278.0503263}, "vals": {"UB/USDT": 15.04, "VANRY/USDT": 18.17, "LAB/USDT": 6.72, "BTW/USDT": 17.77, "NES/USDT": 25.02, "VELVET/USDT": 3.48, "TLM/USDT": 50.37}}