{"set": ["BIO/USDT", "CLO/USDT", "ESPORTS/USDT", "H/USDT", "HOME/USDT", "LAB/USDT", "SKYAI/USDT", "XLM/USDT"], "left": {"ENA/USDT": 1781750162.3179739, "BEAT/USDT": 1781759162.5846694, "SIREN/USDT": 1781760061.2154665, "BTW/USDT": 1781769705.2642832}, "vals": {"ESPORTS/USDT": 3.68, "HOME/USDT": 21.72, "LAB/USDT": 13.23, "CLO/USDT": 15.76, "H/USDT": 5.18, "SKYAI/USDT": 9.04, "XLM/USDT": 5.87, "BIO/USDT": 3.22}}