{"set": ["BAS/USDT", "BTW/USDT", "CLO/USDT"], "left": {"EVAA/USDT": 1782339666.1488972, "LAB/USDT": 1782345693.2318556, "ID/USDT": 1782345693.2318556, "SAHARA/USDT": 1782345693.2318556, "ENA/USDT": 1782346254.9399734, "O/USDT": 1782346254.9399734, "FET/USDT": 1782346254.9399734, "UB/USDT": 1782346254.9399734, "JUP/USDT": 1782346254.9399734, "SEI/USDT": 1782346254.9399734, "SLX/USDT": 1782346254.9399734, "ONDO/USDT": 1782346254.9399734}, "vals": {"BAS/USDT": 3.08, "BTW/USDT": 3.18, "CLO/USDT": 9.18}}