{"set": ["BTW/USDT", "CLO/USDT", "ESPORTS/USDT", "LAB/USDT", "SKYAI/USDT"], "left": {"MEGA/USDT": 1781430421.0614576, "COAI/USDT": 1781430726.673498, "XPL/USDT": 1781434933.697731, "H/USDT": 1781443305.373017, "VELVET/USDT": 1781444792.1403408, "JCT/USDT": 1781446321.9346998}, "vals": {"ESPORTS/USDT": 16.14, "BTW/USDT": 4.2, "CLO/USDT": 29.31, "LAB/USDT": 5.94, "SKYAI/USDT": 3.97}}