{"set": ["LAB/USDT", "NES/USDT", "SKYAI/USDT"], "left": {"OPG/USDT": 1783468890.0904126, "BLUR/USDT": 1783469755.6902192, "TLM/USDT": 1783470958.6890893, "US/USDT": 1783472500.8082616, "EPIC/USDT": 1783472763.583454, "EDGEX/USDT": 1783473078.8661072, "EVAA/USDT": 1783473078.8661072}, "vals": {"LAB/USDT": 12.4, "NES/USDT": 3.33, "SKYAI/USDT": 6.67}}