{"set": ["BEAT/USDT", "EPIC/USDT", "TNSR/USDT", "UB/USDT"], "left": {"ESPORTS/USDT": 1782039356.6699903, "SIREN/USDT": 1782054081.0560644, "RESOLV/USDT": 1782054961.3210511, "ENA/USDT": 1782055260.8392408, "LAB/USDT": 1782055871.3949046}, "vals": {"UB/USDT": 36.44, "TNSR/USDT": 44.8, "EPIC/USDT": 11.65, "BEAT/USDT": 4.08}}