{"set": ["ASTEROID/USDT", "BSB/USDT", "BTW/USDT", "ESPORTS/USDT"], "left": {"SKYAI/USDT": 1781911872.545053, "BEL/USDT": 1781913684.1579404, "SYN/USDT": 1781913954.9455822, "BLESS/USDT": 1781913954.9455822, "BASED/USDT": 1781915763.145682, "LAB/USDT": 1781916662.773172, "BICO/USDT": 1781921462.5297523, "CLO/USDT": 1781923863.4541962, "HEI/USDT": 1781924153.5218754, "UB/USDT": 1781924475.2047393, "BEAT/USDT": 1781924475.2047393}, "vals": {"ASTEROID/USDT": 4.91, "BTW/USDT": 4.7, "ESPORTS/USDT": 8.37, "BSB/USDT": 4.75}}