{"set": ["NASDAQ:AKAN", "NASDAQ:BYAH", "NASDAQ:CIIT", "NASDAQ:CUPR", "NASDAQ:DSY", "NASDAQ:MASK", "NASDAQ:UBXG", "NASDAQ:VSME"], "left": {"NASDAQ:VRA": 1781510501.4915512, "NASDAQ:RKDA": 1781510501.4915512, "NASDAQ:PPCB": 1781510501.4915512, "AMEX:TMDE": 1781510501.4915512, "NASDAQ:GLXG": 1781510501.4915512, "NASDAQ:MTEN": 1781510501.4915512}, "vals": {"NASDAQ:CUPR": 35.28, "NASDAQ:UBXG": 26.1, "NASDAQ:AKAN": 35.61, "NASDAQ:BYAH": 173.33, "NASDAQ:VSME": 59.01, "NASDAQ:CIIT": 13.92, "NASDAQ:MASK": 18.06, "NASDAQ:DSY": 77.32}}