{"set": ["ASTEROID/USDT", "CHIP/USDT", "CLO/USDT", "ESPORTS/USDT", "EVAA/USDT", "JCT/USDT", "JELLYJELLY/USDT", "SIREN/USDT", "TRADOOR/USDT"], "left": {"LAB/USDT": 1781486463.1124449, "OPG/USDT": 1781488257.9583573, "VELVET/USDT": 1781493062.1771092, "H/USDT": 1781499688.6071773, "BEAT/USDT": 1781503571.7424152, "ENA/USDT": 1781503867.7316256, "SKYAI/USDT": 1781503867.7316256, "WLFI/USDT": 1781506271.419499}, "vals": {"ASTEROID/USDT": 77.52, "JCT/USDT": 7.88, "SIREN/USDT": 10.48, "CHIP/USDT": 15.61, "ESPORTS/USDT": 12.11, "JELLYJELLY/USDT": 17.41, "EVAA/USDT": 22.25, "CLO/USDT": 37.22, "TRADOOR/USDT": 17.86}}