{"set": ["AKE/USDT", "BANK/USDT", "KAITO/USDT", "US/USDT"], "left": {"ESPORTS/USDT": 1784289361.5060365, "BILL/USDT": 1784291480.5933228, "ONDO/USDT": 1784299575.0762925}, "vals": {"AKE/USDT": 26.97, "BANK/USDT": 20.51, "US/USDT": 7.2, "KAITO/USDT": 10.15}}