{"set": ["BLESS/USDT", "CLO/USDT", "ESPORTS/USDT", "HMSTR/USDT", "ID/USDT"], "left": {"ALLO/USDT": 1782172893.931539, "EIGEN/USDT": 1782172893.931539, "BEL/USDT": 1782172893.931539, "ENA/USDT": 1782172893.931539, "VELVET/USDT": 1782173246.1022189, "UB/USDT": 1782173246.1022189, "RE/USDT": 1782173246.1022189, "TNSR/USDT": 1782173246.1022189, "LAB/USDT": 1782173246.1022189, "BTW/USDT": 1782173246.1022189, "SYN/USDT": 1782173246.1022189, "NAORIS/USDT": 1782173246.1022189, "RESOLV/USDT": 1782178556.04009, "LAYER/USDT": 1782178860.5155203}, "vals": {"BLESS/USDT": 14.35, "HMSTR/USDT": 3.29, "ESPORTS/USDT": 3.29, "CLO/USDT": 7.31, "ID/USDT": 3.59}}