{"set": ["CLO/USDT", "EDGEX/USDT", "SKYAI/USDT", "VANRY/USDT"], "left": {"NES/USDT": 1783555311.7287774, "SLX/USDT": 1783555311.7287774, "APE/USDT": 1783556172.0513215, "KAITO/USDT": 1783556172.0513215, "RAVE/USDT": 1783556172.0513215, "FET/USDT": 1783556172.0513215, "ANSEM/USDT": 1783556172.0513215, "UAI/USDT": 1783556172.0513215, "OGN/USDT": 1783556172.0513215, "EVAA/USDT": 1783559488.4230435, "LAB/USDT": 1783564557.8091063, "TAG/USDT": 1783575359.72321, "POWER/USDT": 1783576557.8307416}, "vals": {"EDGEX/USDT": 6.37, "VANRY/USDT": 6.13, "SKYAI/USDT": 11.59, "CLO/USDT": 10.24}}