{"set": ["BAS/USDT", "BEAT/USDT", "G/USDT", "PUMP/USDT", "SKYAI/USDT", "UB/USDT"], "left": {"BEL/USDT": 1782447364.0422156, "IP/USDT": 1782447662.282406, "ESPORTS/USDT": 1782448274.1921105, "BTW/USDT": 1782451870.6836007, "SLX/USDT": 1782453064.4557335, "H/USDT": 1782453676.8899572, "LAB/USDT": 1782456664.1921847}, "vals": {"PUMP/USDT": 3.58, "BAS/USDT": 10.05, "G/USDT": 7.48, "UB/USDT": 3.17, "BEAT/USDT": 15.04, "SKYAI/USDT": 8.05}}