{"set": ["ASTER/USDT", "BSB/USDT", "ENA/USDT", "ESPORTS/USDT", "SPX/USDT", "XLM/USDT", "XPL/USDT"], "left": {"EVAA/USDT": 1781680868.9426517, "LAB/USDT": 1781682667.3037412, "BR/USDT": 1781692290.6848204, "\u9f99\u867e/USDT": 1781693503.6220849, "UNI/USDT": 1781694395.6005182, "BTW/USDT": 1781700999.7100859, "SIREN/USDT": 1781702203.4074695}, "vals": {"ESPORTS/USDT": 44.34, "SPX/USDT": 12.08, "ASTER/USDT": 12.37, "XPL/USDT": 26.04, "BSB/USDT": 5.1, "ENA/USDT": 5.69, "XLM/USDT": 4.35}}