{"set": ["ACT/USDT", "RAVE/USDT", "UB/USDT"], "left": {"AGLD/USDT": 1782698160.6993742, "SKYAI/USDT": 1782700551.8194292, "BEAT/USDT": 1782701760.3329859, "MANTA/USDT": 1782703264.1026807, "VELVET/USDT": 1782703871.3559985, "O/USDT": 1782714362.6655598, "BAS/USDT": 1782714672.0819025, "ENA/USDT": 1782715260.836869, "SLX/USDT": 1782719161.136761}, "vals": {"UB/USDT": 13.18, "ACT/USDT": 33.55, "RAVE/USDT": 53.63}}