{"set": ["ADA/USDT", "ENA/USDT", "ERA/USDT", "ESPORTS/USDT", "NIGHT/USDT", "ONDO/USDT"], "left": {"BANK/USDT": 1784620901.218681, "B/USDT": 1784621474.4346163, "AKE/USDT": 1784625686.5113473, "US/USDT": 1784628170.5067914}, "vals": {"ERA/USDT": 49.45, "ESPORTS/USDT": 19.58, "NIGHT/USDT": 10.19, "ADA/USDT": 3.01, "ENA/USDT": 3.89, "ONDO/USDT": 12.85}}