{"set": ["ADA/USDT", "ENA/USDT", "ERA/USDT", "ESPORTS/USDT", "NIGHT/USDT"], "left": {"PROM/USDT": 1784595064.241671, "HEMI/USDT": 1784595359.653175, "BANK/USDT": 1784601073.8639216, "AKE/USDT": 1784610684.0711584, "B/USDT": 1784614571.0742867}, "vals": {"ERA/USDT": 60.86, "ESPORTS/USDT": 6.05, "NIGHT/USDT": 7.4, "ADA/USDT": 3.83, "ENA/USDT": 3.11}}