{"set": ["BIO/USDT", "CLO/USDT", "ESPORTS/USDT", "HOME/USDT", "LAB/USDT", "SKYAI/USDT", "XLM/USDT"], "left": {"ENA/USDT": 1781750162.3179739, "BEAT/USDT": 1781759162.5846694, "SIREN/USDT": 1781760061.2154665, "BTW/USDT": 1781769705.2642832, "H/USDT": 1781770285.618861}, "vals": {"ESPORTS/USDT": 3.62, "HOME/USDT": 21.93, "LAB/USDT": 15.34, "CLO/USDT": 13.73, "SKYAI/USDT": 9.12, "XLM/USDT": 5.39, "BIO/USDT": 4.32}}