{"set": ["CLO/USDT", "POWER/USDT", "SKYAI/USDT", "TAG/USDT"], "left": {"LDO/USDT": 1783553159.1583135, "NES/USDT": 1783555311.7287774, "SLX/USDT": 1783555311.7287774, "APE/USDT": 1783556172.0513215, "KAITO/USDT": 1783556172.0513215, "RAVE/USDT": 1783556172.0513215, "FET/USDT": 1783556172.0513215, "ANSEM/USDT": 1783556172.0513215, "UAI/USDT": 1783556172.0513215, "OGN/USDT": 1783556172.0513215, "EVAA/USDT": 1783559488.4230435, "EDGEX/USDT": 1783563955.5260215, "LAB/USDT": 1783564557.8091063, "VANRY/USDT": 1783566359.1253493}, "vals": {"TAG/USDT": 6.21, "POWER/USDT": 12.4, "CLO/USDT": 13.7, "SKYAI/USDT": 4.09}}