{"set": ["AKE/USDT", "BANK/USDT", "KAITO/USDT"], "left": {"CRO/USDT": 1784260880.8118584, "SKYAI/USDT": 1784269265.0068219, "ESPORTS/USDT": 1784272554.7914135, "US/USDT": 1784274962.0930705, "TAC/USDT": 1784275556.5844533}, "vals": {"AKE/USDT": 11.34, "BANK/USDT": 15.12, "KAITO/USDT": 4.64}}