{"set": ["ESPORTS/USDT", "US/USDT"], "left": {"LAB/USDT": 1784419277.0800655, "AVAAI/USDT": 1784419277.0800655, "B/USDT": 1784420159.8236463, "BILL/USDT": 1784420159.8236463, "FARTCOIN/USDT": 1784420159.8236463, "BANK/USDT": 1784420159.8236463, "AKE/USDT": 1784422881.7681973, "KAITO/USDT": 1784423459.632783}, "vals": {"ESPORTS/USDT": 37.97, "US/USDT": 4.19}}