{"set": ["AKE/USDT", "BANK/USDT", "KAITO/USDT", "RIF/USDT", "WLFI/USDT", "ZAMA/USDT"], "left": {"O/USDT": 1784806279.7565594, "ERA/USDT": 1784808101.9070883, "LAB/USDT": 1784812590.830063, "ESPORTS/USDT": 1784816804.0706446}, "vals": {"AKE/USDT": 20.91, "BANK/USDT": 9.68, "ZAMA/USDT": 11.21, "RIF/USDT": 40.72, "WLFI/USDT": 9.07, "KAITO/USDT": 11.69}}