{"set": ["BEAT/USDT", "LAB/USDT", "SKYAI/USDT"], "left": {"HEI/USDT": 1782432091.6756217, "XPL/USDT": 1782432091.6756217, "M/USDT": 1782432363.2367258, "FARTCOIN/USDT": 1782432673.1264422, "H/USDT": 1782433259.2305038, "RESOLV/USDT": 1782436260.641591, "BAS/USDT": 1782439860.2622604, "BEL/USDT": 1782447364.0422156, "IP/USDT": 1782447662.282406, "ESPORTS/USDT": 1782448274.1921105, "UB/USDT": 1782448274.1921105, "SLX/USDT": 1782448543.331768, "BTW/USDT": 1782450356.857133}, "vals": {"LAB/USDT": 3.11, "SKYAI/USDT": 8.19, "BEAT/USDT": 12.89}}