{"set": ["ALLO/USDT", "BEL/USDT", "BLESS/USDT", "BTW/USDT", "CLO/USDT", "EIGEN/USDT", "ENA/USDT", "ID/USDT", "LAYER/USDT"], "left": {"UB/USDT": 1782137510.7530808, "XRP/USDT": 1782137510.7530808, "ADA/USDT": 1782138403.9731681, "PEPE/USDT": 1782142915.8657644, "RESOLV/USDT": 1782148301.422766, "HMSTR/USDT": 1782150701.943051, "RE/USDT": 1782153397.2343817, "LAB/USDT": 1782159106.1279294}, "vals": {"BTW/USDT": 11.82, "BLESS/USDT": 26.13, "CLO/USDT": 29.64, "LAYER/USDT": 13.64, "BEL/USDT": 15.53, "ENA/USDT": 7.03, "ID/USDT": 21.83, "ALLO/USDT": 10.9, "EIGEN/USDT": 6.86}}