{"set": ["ASTEROID/USDT", "BSB/USDT", "FARTCOIN/USDT", "LAB/USDT", "SKYAI/USDT", "SPACE/USDT", "UNI/USDT", "VELVET/USDT"], "left": {"BEAT/USDT": 1781580952.8928974, "JTO/USDT": 1781595363.2537274, "ENA/USDT": 1781596569.5204742, "SIREN/USDT": 1781597485.4952133, "WLFI/USDT": 1781597485.4952133, "XLM/USDT": 1781598693.9417205}, "vals": {"ASTEROID/USDT": 31.3, "SPACE/USDT": 23.37, "VELVET/USDT": 15.85, "LAB/USDT": 8.07, "SKYAI/USDT": 5.02, "BSB/USDT": 32.25, "FARTCOIN/USDT": 7.16, "UNI/USDT": 5.8}}