{"set": ["EDGEX/USDT", "SKYAI/USDT", "TAG/USDT", "VANRY/USDT"], "left": {"ENA/USDT": 1783580512.1679814, "UNI/USDT": 1783582297.4941254, "CLO/USDT": 1783587968.868174, "KAITO/USDT": 1783589763.6256015, "POWER/USDT": 1783589763.6256015}, "vals": {"TAG/USDT": 12.03, "EDGEX/USDT": 14.19, "VANRY/USDT": 3.6, "SKYAI/USDT": 8.71}}