{"set": ["AKE/USDT", "CRO/USDT", "RAVE/USDT", "SKYAI/USDT"], "left": {"ONDO/USDT": 1784233594.4158194, "PUMP/USDT": 1784240758.4403362, "KAITO/USDT": 1784246480.3950748, "FLOCK/USDT": 1784246480.3950748, "ESPORTS/USDT": 1784246480.3950748, "BANK/USDT": 1784246480.3950748, "US/USDT": 1784246480.3950748}, "vals": {"AKE/USDT": 4.05, "CRO/USDT": 6.56, "RAVE/USDT": 3.53, "SKYAI/USDT": 7.09}}