{"set": ["ASTEROID/USDT", "BSB/USDT", "FARTCOIN/USDT", "JTO/USDT", "LAB/USDT", "SKYAI/USDT", "SPACE/USDT", "UNI/USDT", "VELVET/USDT", "\u9f99\u867e/USDT"], "left": {"ZRO/USDT": 1781607718.8485653, "CHIP/USDT": 1781613111.0452197, "ENA/USDT": 1781615200.7178867, "OPG/USDT": 1781623605.6902158, "XLM/USDT": 1781625741.3454776, "H/USDT": 1781626907.0268903}, "vals": {"ASTEROID/USDT": 23.01, "SPACE/USDT": 12.84, "\u9f99\u867e/USDT": 43.13, "VELVET/USDT": 4.25, "LAB/USDT": 37.39, "SKYAI/USDT": 21.72, "BSB/USDT": 57.75, "JTO/USDT": 11.13, "UNI/USDT": 9.21, "FARTCOIN/USDT": 4.09}}