{"set": ["BEAT/USDT", "CLO/USDT", "T/USDT", "VANRY/USDT", "VELVET/USDT"], "left": {"ENA/USDT": 1783850157.7283676, "SKYAI/USDT": 1783850492.040027, "B/USDT": 1783857087.3878386, "TAG/USDT": 1783869361.0187836, "PEPE/USDT": 1783870290.9569135}, "vals": {"T/USDT": 10.84, "VELVET/USDT": 29.46, "VANRY/USDT": 14.03, "CLO/USDT": 5.38, "BEAT/USDT": 14.4}}