{"set": ["BEAT/USDT", "ESPORTS/USDT", "EVAA/USDT", "ID/USDT", "LAB/USDT"], "left": {"ENA/USDT": 1782346254.9399734, "O/USDT": 1782346254.9399734, "FET/USDT": 1782346254.9399734, "UB/USDT": 1782346254.9399734, "JUP/USDT": 1782346254.9399734, "SEI/USDT": 1782346254.9399734, "SLX/USDT": 1782346254.9399734, "ONDO/USDT": 1782346254.9399734, "CLO/USDT": 1782349281.2013028, "BTW/USDT": 1782349281.2013028, "BAS/USDT": 1782349860.3383844, "SAHARA/USDT": 1782350757.2498891}, "vals": {"LAB/USDT": 4.12, "ESPORTS/USDT": 6.1, "BEAT/USDT": 4.32, "EVAA/USDT": 3.74, "ID/USDT": 9.79}}