{"set": ["ESPORTS/USDT", "H/USDT", "LAB/USDT", "SKYAI/USDT"], "left": {"ENA/USDT": 1781750162.3179739, "BIO/USDT": 1781754965.8192444, "XLM/USDT": 1781758879.5410872, "BEAT/USDT": 1781759162.5846694, "SIREN/USDT": 1781760061.2154665, "CLO/USDT": 1781764558.3636882}, "vals": {"ESPORTS/USDT": 8.55, "LAB/USDT": 10.59, "H/USDT": 11.99, "SKYAI/USDT": 8.79}}