{"set": ["BEAT/USDT", "BEL/USDT", "RESOLV/USDT", "TNSR/USDT", "UB/USDT", "WLFI/USDT"], "left": {"SIREN/USDT": 1782054081.0560644, "LAB/USDT": 1782055871.3949046, "ENA/USDT": 1782058561.4018724, "EPIC/USDT": 1782063361.0904973, "ESPORTS/USDT": 1782073598.7565522}, "vals": {"UB/USDT": 53.93, "TNSR/USDT": 48.21, "RESOLV/USDT": 11.22, "WLFI/USDT": 4.75, "BEL/USDT": 8.09, "BEAT/USDT": 3.66}}