{"set": ["ADA/USDT", "ARPA/USDT", "BAS/USDT", "GUA/USDT", "M/USDT", "PEPE/USDT", "TLM/USDT", "US/USDT"], "left": {"NFP/USDT": 1783054882.8246603, "VELVET/USDT": 1783057559.6459973, "TAC/USDT": 1783066278.9986367, "MAGMA/USDT": 1783074080.1558797}, "vals": {"PEPE/USDT": 3.11, "ARPA/USDT": 42.0, "US/USDT": 4.14, "BAS/USDT": 12.71, "M/USDT": 6.88, "GUA/USDT": 11.78, "TLM/USDT": 9.51, "ADA/USDT": 4.52}}