{"set": ["BEAT/USDT", "BEL/USDT", "BICO/USDT", "BTW/USDT", "CLO/USDT", "EPIC/USDT", "ESPORTS/USDT", "GALA/USDT", "LAB/USDT"], "left": {"SIREN/USDT": 1781973660.7235167, "AGT/USDT": 1781977705.1725569, "EIGEN/USDT": 1781981786.5062947, "BLESS/USDT": 1781982081.5463178, "SLX/USDT": 1781982081.5463178}, "vals": {"BTW/USDT": 72.26, "BEL/USDT": 41.12, "ESPORTS/USDT": 8.06, "LAB/USDT": 3.64, "GALA/USDT": 6.14, "CLO/USDT": 27.91, "BICO/USDT": 73.75, "BEAT/USDT": 3.22, "EPIC/USDT": 8.13}}