{"set": ["SKYAI/USDT"], "left": {"OPG/USDT": 1783468890.0904126, "BLUR/USDT": 1783469755.6902192, "TLM/USDT": 1783470958.6890893, "US/USDT": 1783472500.8082616, "EDGEX/USDT": 1783473078.8661072, "EVAA/USDT": 1783473078.8661072, "NES/USDT": 1783473363.845352, "EPIC/USDT": 1783473673.5877848, "LAB/USDT": 1783473673.5877848}, "vals": {"SKYAI/USDT": 5.45}}