{"set": ["ASTEROID/USDT", "BEAT/USDT", "BICO/USDT", "BSB/USDT", "BTW/USDT", "UB/USDT"], "left": {"H/USDT": 1781901395.442788, "SKYAI/USDT": 1781911872.545053, "HEI/USDT": 1781913684.1579404, "CLO/USDT": 1781913684.1579404, "BEL/USDT": 1781913684.1579404, "SYN/USDT": 1781913954.9455822, "BLESS/USDT": 1781913954.9455822, "BASED/USDT": 1781915763.145682}, "vals": {"ASTEROID/USDT": 5.05, "UB/USDT": 3.13, "BTW/USDT": 9.89, "BEAT/USDT": 3.05, "BSB/USDT": 5.19, "BICO/USDT": 20.05}}