{"set": ["BEAT/USDT", "BEL/USDT", "LAB/USDT"], "left": {"RESOLV/USDT": 1782263161.442205, "HEI/USDT": 1782263758.6866052, "SYN/USDT": 1782263758.6866052, "DYDX/USDT": 1782263758.6866052, "BASED/USDT": 1782263758.6866052, "FARTCOIN/USDT": 1782263758.6866052, "BLESS/USDT": 1782266762.454853, "ID/USDT": 1782270078.2248478, "ESPORTS/USDT": 1782276664.413571, "H/USDT": 1782278166.2508242, "BTW/USDT": 1782283259.7482293, "CLO/USDT": 1782284759.672607}, "vals": {"LAB/USDT": 14.52, "BEAT/USDT": 6.98, "BEL/USDT": 10.2}}