{"set": ["BAS/USDT", "GUA/USDT", "M/USDT", "TLM/USDT"], "left": {"TAIKO/USDT": 1783045553.4454162, "ADA/USDT": 1783051553.579309, "NFP/USDT": 1783054882.8246603, "VELVET/USDT": 1783057559.6459973, "US/USDT": 1783065972.9090137, "TAC/USDT": 1783066278.9986367, "MAGMA/USDT": 1783066278.9986367}, "vals": {"BAS/USDT": 9.61, "M/USDT": 9.12, "GUA/USDT": 11.27, "TLM/USDT": 11.44}}