{"set": ["BTW/USDT", "ESPORTS/USDT", "SPX/USDT", "UNI/USDT"], "left": {"H/USDT": 1781668262.6370485, "SKYAI/USDT": 1781669465.9265976, "SIREN/USDT": 1781672760.9604423, "BEAT/USDT": 1781673664.3652246, "SPACE/USDT": 1781676091.3308692, "BLESS/USDT": 1781676970.9589026, "EVAA/USDT": 1781680868.9426517, "XLM/USDT": 1781682371.3704596, "LAB/USDT": 1781682667.3037412, "BR/USDT": 1781686562.916723, "\u9f99\u867e/USDT": 1781686562.916723}, "vals": {"SPX/USDT": 14.52, "ESPORTS/USDT": 26.12, "BTW/USDT": 10.87, "UNI/USDT": 6.05}}