{"set": ["BTW/USDT", "EPIC/USDT", "ESPORTS/USDT"], "left": {"EIGEN/USDT": 1781981786.5062947, "BLESS/USDT": 1781982081.5463178, "BEAT/USDT": 1781987474.5337448, "BICO/USDT": 1782000069.9734209, "GALA/USDT": 1782000069.9734209, "LAB/USDT": 1782000069.9734209, "SLX/USDT": 1782000069.9734209, "CLO/USDT": 1782002154.4291425, "BEL/USDT": 1782002154.4291425}, "vals": {"BTW/USDT": 6.18, "ESPORTS/USDT": 4.19, "EPIC/USDT": 3.91}}