{"set": ["BEL/USDT", "BTW/USDT", "CLO/USDT", "EIGEN/USDT", "ENA/USDT", "HMSTR/USDT", "ID/USDT", "UB/USDT"], "left": {"TNSR/USDT": 1782107467.06685, "BEAT/USDT": 1782109558.5650342, "ADA/USDT": 1782118283.6734467, "RESOLV/USDT": 1782122187.704439}, "vals": {"UB/USDT": 19.44, "BTW/USDT": 33.24, "HMSTR/USDT": 5.86, "CLO/USDT": 30.69, "ENA/USDT": 9.61, "EIGEN/USDT": 11.65, "BEL/USDT": 3.92, "ID/USDT": 24.72}}