{"set": ["ESPORTS/USDT", "SLX/USDT", "VELVET/USDT"], "left": {"AGLD/USDT": 1782536758.01099, "MAGMA/USDT": 1782536758.01099, "G/USDT": 1782546058.3500926, "JTO/USDT": 1782549351.2297685}, "vals": {"VELVET/USDT": 35.94, "ESPORTS/USDT": 11.85, "SLX/USDT": 8.1}}