{"set": ["EDGEX/USDT", "LAB/USDT", "US/USDT"], "left": {"OPG/USDT": 1783468890.0904126, "NES/USDT": 1783468890.0904126, "BLUR/USDT": 1783469755.6902192, "TLM/USDT": 1783470958.6890893, "EVAA/USDT": 1783471273.903844}, "vals": {"LAB/USDT": 14.63, "US/USDT": 3.59, "EDGEX/USDT": 3.83}}