{"set": ["BASED/USDT", "BEAT/USDT", "BIO/USDT", "BSB/USDT", "BTW/USDT"], "left": {"AGT/USDT": 1781822466.085143, "XLM/USDT": 1781827299.6970115, "VIRTUAL/USDT": 1781827549.1006176, "FLOKI/USDT": 1781827549.1006176, "ENA/USDT": 1781827549.1006176, "MYX/USDT": 1781827549.1006176, "POL/USDT": 1781827549.1006176, "ASTEROID/USDT": 1781827549.1006176, "SEI/USDT": 1781827549.1006176, "FET/USDT": 1781827549.1006176, "SYN/USDT": 1781827549.1006176, "PENGU/USDT": 1781827549.1006176, "CLO/USDT": 1781835055.7451491, "LAB/USDT": 1781839260.977391, "ESPORTS/USDT": 1781839260.977391, "VELVET/USDT": 1781840756.564802, "FOLKS/USDT": 1781841682.537861}, "vals": {"BTW/USDT": 9.95, "BASED/USDT": 5.35, "BEAT/USDT": 11.27, "BSB/USDT": 4.3, "BIO/USDT": 3.14}}