{"set": ["GUA/USDT", "M/USDT", "MAGMA/USDT", "TLM/USDT", "US/USDT"], "left": {"SKYAI/USDT": 1783042550.1302118, "TAIKO/USDT": 1783045553.4454162, "ADA/USDT": 1783051553.579309, "NFP/USDT": 1783054882.8246603, "VELVET/USDT": 1783057559.6459973, "TAC/USDT": 1783062091.7530737, "BAS/USDT": 1783062360.0769446}, "vals": {"US/USDT": 4.07, "M/USDT": 6.67, "GUA/USDT": 9.32, "TLM/USDT": 14.17, "MAGMA/USDT": 4.65}}