{"set": ["BIO/USDT", "BTW/USDT", "CLO/USDT", "FOLKS/USDT", "LAB/USDT", "SKYAI/USDT", "VELVET/USDT"], "left": {"HOME/USDT": 1781787725.655748, "\u9f99\u867e/USDT": 1781794001.5678475, "AGT/USDT": 1781802703.5421944, "H/USDT": 1781803907.6361732, "XLM/USDT": 1781804804.361622}, "vals": {"VELVET/USDT": 65.85, "LAB/USDT": 29.33, "BTW/USDT": 3.12, "CLO/USDT": 12.18, "FOLKS/USDT": 6.73, "SKYAI/USDT": 5.03, "BIO/USDT": 3.97}}