{"set": ["BEAT/USDT", "H/USDT", "LAB/USDT", "SKYAI/USDT", "SLX/USDT", "UB/USDT"], "left": {"PUMP/USDT": 1782461769.381446, "G/USDT": 1782471687.5486228, "BTW/USDT": 1782474098.215162, "TNSR/USDT": 1782474098.215162, "BAS/USDT": 1782474399.950311}, "vals": {"UB/USDT": 11.63, "LAB/USDT": 4.09, "SLX/USDT": 5.27, "BEAT/USDT": 16.08, "SKYAI/USDT": 13.2, "H/USDT": 8.86}}