{"set": ["BEAT/USDT", "LAB/USDT", "MYX/USDT", "UB/USDT"], "left": {"WIF/USDT": 1782604885.0212393, "S/USDT": 1782605457.9097173, "RE/USDT": 1782605457.9097173, "VELVET/USDT": 1782605457.9097173, "SLX/USDT": 1782606666.9862638, "M/USDT": 1782607259.478217}, "vals": {"UB/USDT": 6.86, "LAB/USDT": 7.27, "BEAT/USDT": 3.3, "MYX/USDT": 4.48}}