{"set": ["ADA/USDT", "BIRB/USDT", "BREV/USDT", "ENA/USDT", "M/USDT", "PEPE/USDT", "TAC/USDT", "TLM/USDT"], "left": {"LAB/USDT": 1782981670.6143816, "SLX/USDT": 1782988872.3451953, "BAS/USDT": 1782990368.4244921, "UB/USDT": 1782992473.90321, "LIT/USDT": 1782992473.90321}, "vals": {"PEPE/USDT": 4.87, "BIRB/USDT": 61.1, "BREV/USDT": 38.52, "M/USDT": 13.43, "TAC/USDT": 3.24, "TLM/USDT": 8.22, "ADA/USDT": 3.84, "ENA/USDT": 8.35}}