{"set": ["NASDAQ:TNMG"], "left": {"NASDAQ:SKYQ": 1782806490.5528157, "NASDAQ:ILLR": 1782806490.5528157, "NASDAQ:IVF": 1782806490.5528157, "NASDAQ:DCOY": 1782807662.1918144, "NASDAQ:UPC": 1782807662.1918144, "NASDAQ:SAGT": 1782807662.1918144, "NASDAQ:PETS": 1782807662.1918144, "NASDAQ:TVRD": 1782807662.1918144, "NASDAQ:KUST": 1782807662.1918144}, "vals": {"NASDAQ:TNMG": 68.89}}