{"set": ["ADA/USDT", "B/USDT", "ENA/USDT", "ERA/USDT", "ESPORTS/USDT", "NIGHT/USDT", "US/USDT"], "left": {"PROM/USDT": 1784595064.241671, "HEMI/USDT": 1784595359.653175, "BANK/USDT": 1784601073.8639216, "AKE/USDT": 1784610684.0711584}, "vals": {"ERA/USDT": 56.1, "ESPORTS/USDT": 5.55, "NIGHT/USDT": 5.1, "US/USDT": 4.87, "B/USDT": 3.89, "ADA/USDT": 3.71, "ENA/USDT": 3.01}}