{"set": ["ASTEROID/USDT", "BEAT/USDT", "H/USDT", "XLM/USDT"], "left": {"CHIP/USDT": 1781550146.310581, "PEPE/USDT": 1781551306.9101093, "ENA/USDT": 1781560892.3096526, "FARTCOIN/USDT": 1781562369.5543702, "ZRO/USDT": 1781568083.7734823, "BSB/USDT": 1781568083.7734823, "JTO/USDT": 1781568083.7734823, "XRP/USDT": 1781568083.7734823, "CLO/USDT": 1781568083.7734823, "ESPORTS/USDT": 1781568083.7734823, "VELVET/USDT": 1781568354.5492907, "EVAA/USDT": 1781570763.2897978, "SIREN/USDT": 1781570763.2897978}, "vals": {"ASTEROID/USDT": 8.5, "H/USDT": 3.33, "BEAT/USDT": 3.43, "XLM/USDT": 3.29}}