{"set": ["B/USDT", "BANK/USDT", "HOME/USDT", "KAITO/USDT", "PI/USDT", "TLM/USDT"], "left": {"BILL/USDT": 1784486467.8048453, "BONK/USDT": 1784495464.7845154, "PEPE/USDT": 1784496063.9469194}, "vals": {"BANK/USDT": 110.69, "HOME/USDT": 5.97, "B/USDT": 47.78, "KAITO/USDT": 16.09, "TLM/USDT": 39.38, "PI/USDT": 7.61}}