{"set": ["ADA/USDT", "BEAT/USDT", "BTW/USDT", "M/USDT", "RE/USDT", "SKYAI/USDT", "TAIKO/USDT", "XLM/USDT"], "left": {"VELVET/USDT": 1782858063.506421, "TAC/USDT": 1782866152.8073266, "AIGENSYN/USDT": 1782870962.4996216, "H/USDT": 1782878264.681469, "BASED/USDT": 1782879071.5931277, "BAS/USDT": 1782879364.6226685}, "vals": {"BTW/USDT": 23.42, "TAIKO/USDT": 3.06, "M/USDT": 13.93, "XLM/USDT": 6.91, "ADA/USDT": 3.19, "SKYAI/USDT": 3.83, "BEAT/USDT": 11.97, "RE/USDT": 3.97}}