{"set": ["BASED/USDT", "BTW/USDT", "M/USDT", "RE/USDT", "TAIKO/USDT", "XLM/USDT"], "left": {"VELVET/USDT": 1782858063.506421, "TAC/USDT": 1782866152.8073266, "BEAT/USDT": 1782867058.0822861, "AIGENSYN/USDT": 1782870962.4996216, "H/USDT": 1782872756.9294753, "BAS/USDT": 1782873365.6190062}, "vals": {"BTW/USDT": 16.31, "BASED/USDT": 3.48, "TAIKO/USDT": 4.46, "M/USDT": 7.99, "XLM/USDT": 7.73, "RE/USDT": 5.66}}