{"set": ["AKE/USDT", "ERA/USDT", "RIF/USDT", "WLFI/USDT", "ZAMA/USDT"], "left": {"ENA/USDT": 1784764885.4666567, "LAB/USDT": 1784764885.4666567, "US/USDT": 1784764885.4666567, "NIGHT/USDT": 1784767858.7784984, "RE/USDT": 1784771754.1040137, "BANK/USDT": 1784779861.8908658, "MIRA/USDT": 1784782552.6562068}, "vals": {"AKE/USDT": 7.82, "ZAMA/USDT": 4.94, "ERA/USDT": 11.86, "RIF/USDT": 17.07, "WLFI/USDT": 3.19}}