{"set": ["BEAT/USDT", "ESPORTS/USDT", "HOME/USDT", "RE/USDT", "US/USDT"], "left": {"LAB/USDT": 1784855763.4696994, "ZAMA/USDT": 1784856957.7212021, "RIF/USDT": 1784857260.3041213, "BANK/USDT": 1784858155.9180408, "ERA/USDT": 1784870459.8763897, "AKE/USDT": 1784874371.8867524, "B/USDT": 1784877063.549188}, "vals": {"HOME/USDT": 8.63, "ESPORTS/USDT": 4.29, "US/USDT": 9.46, "RE/USDT": 19.71, "BEAT/USDT": 12.97}}