{"set": ["BTW/USDT", "CLO/USDT", "EIGEN/USDT", "ENA/USDT", "ID/USDT", "RESOLV/USDT", "UB/USDT"], "left": {"TNSR/USDT": 1782107467.06685, "BEAT/USDT": 1782109558.5650342, "ADA/USDT": 1782118283.6734467, "BEL/USDT": 1782123675.9632735, "HMSTR/USDT": 1782124881.5059009}, "vals": {"UB/USDT": 6.66, "BTW/USDT": 43.09, "RESOLV/USDT": 4.18, "CLO/USDT": 30.5, "ENA/USDT": 9.13, "EIGEN/USDT": 10.76, "ID/USDT": 21.83}}