{"set": ["BLUR/USDT", "EDGEX/USDT", "EVAA/USDT", "NES/USDT", "OPG/USDT"], "left": {"LIT/USDT": 1783434117.5776558, "TLM/USDT": 1783435315.3536253, "TAC/USDT": 1783437114.274098, "WLFI/USDT": 1783443988.4897203}, "vals": {"EDGEX/USDT": 24.66, "BLUR/USDT": 3.47, "OPG/USDT": 3.24, "NES/USDT": 10.55, "EVAA/USDT": 159.31}}