{"set": ["BIO/USDT", "CLO/USDT", "H/USDT", "HOME/USDT", "LAB/USDT", "SIREN/USDT", "SKYAI/USDT", "XLM/USDT"], "left": {"BEAT/USDT": 1781759162.5846694, "ESPORTS/USDT": 1781770868.3157644, "BTW/USDT": 1781780192.775756, "AGT/USDT": 1781780578.2122939}, "vals": {"HOME/USDT": 19.37, "SIREN/USDT": 3.85, "LAB/USDT": 23.76, "CLO/USDT": 26.31, "H/USDT": 6.44, "XLM/USDT": 6.17, "SKYAI/USDT": 8.84, "BIO/USDT": 7.98}}