{"set": ["JTO/USDT", "MAGMA/USDT", "SLX/USDT", "VELVET/USDT"], "left": {"H/USDT": 1782514894.6638541, "ESPORTS/USDT": 1782518468.9153395, "BEAT/USDT": 1782518468.9153395, "ADA/USDT": 1782518468.9153395, "G/USDT": 1782518764.362656, "UB/USDT": 1782519069.0075705, "SKYAI/USDT": 1782519069.0075705, "WIF/USDT": 1782519069.0075705, "FARTCOIN/USDT": 1782519069.0075705, "PUMPFUN/USDT": 1782519069.0075705, "BAS/USDT": 1782519366.7886963, "LAB/USDT": 1782524459.6813502, "AGLD/USDT": 1782536156.1349998}, "vals": {"MAGMA/USDT": 3.65, "VELVET/USDT": 27.61, "SLX/USDT": 9.94, "JTO/USDT": 3.67}}