{"set": ["ARB/USDT", "CLO/USDT", "ENA/USDT", "T/USDT"], "left": {"SKYAI/USDT": 1783782026.1493845, "BEAT/USDT": 1783782026.1493845, "HMSTR/USDT": 1783783887.6966646, "ADA/USDT": 1783797361.2512817, "XPIN/USDT": 1783798881.144609}, "vals": {"T/USDT": 27.23, "CLO/USDT": 30.25, "ENA/USDT": 3.31, "ARB/USDT": 5.24}}