{"set": ["1000BONK/USDT", "ANSEM/USDT", "BAS/USDT", "BASED/USDT", "FLOKI/USDT", "MAGMA/USDT", "NEX/USDT", "PEPE/USDT", "TLM/USDT", "VELVET/USDT"], "left": {"XLM/USDT": 1783116088.1500266, "THE/USDT": 1783123297.2848868, "ZKP/USDT": 1783123297.2848868, "ENA/USDT": 1783123297.2848868, "GUA/USDT": 1783123297.2848868, "ADA/USDT": 1783123297.2848868, "UB/USDT": 1783123297.2848868, "ARPA/USDT": 1783123297.2848868, "DOGE/USDT": 1783123297.2848868, "XRP/USDT": 1783123297.2848868, "XPL/USDT": 1783123297.2848868, "HMSTR/USDT": 1783123297.2848868, "PIPPIN/USDT": 1783123297.2848868, "NOM/USDT": 1783123568.217241}, "vals": {"PEPE/USDT": 8.79, "NEX/USDT": 8.23, "FLOKI/USDT": 5.09, "1000BONK/USDT": 10.0, "BAS/USDT": 22.12, "MAGMA/USDT": 42.2, "BASED/USDT": 11.86, "ANSEM/USDT": 64.83, "TLM/USDT": 48.45, "VELVET/USDT": 12.45}}