{"set": ["BEAT/USDT", "BTW/USDT", "LAB/USDT", "O/USDT", "RAVE/USDT", "SLX/USDT", "UB/USDT"], "left": {"PIEVERSE/USDT": 1782620755.9253287, "VELVET/USDT": 1782630666.8079455, "BAS/USDT": 1782632469.004419, "WIF/USDT": 1782635163.0216272}, "vals": {"UB/USDT": 11.75, "LAB/USDT": 7.0, "SLX/USDT": 6.17, "BTW/USDT": 5.87, "RAVE/USDT": 9.58, "O/USDT": 36.3, "BEAT/USDT": 9.3}}