{"set": ["BTW/USDT", "COAI/USDT", "ESPORTS/USDT", "H/USDT", "LAB/USDT", "SKYAI/USDT", "VELVET/USDT"], "left": {"BEAT/USDT": 1781413867.731363, "SIREN/USDT": 1781419275.604243, "JCT/USDT": 1781421883.298276, "MEGA/USDT": 1781425324.6685603}, "vals": {"ESPORTS/USDT": 8.55, "VELVET/USDT": 29.44, "COAI/USDT": 10.06, "H/USDT": 64.24, "BTW/USDT": 6.11, "LAB/USDT": 8.77, "SKYAI/USDT": 3.24}}