{"set": ["ADA/USDT", "BEAT/USDT", "BTW/USDT", "M/USDT", "SKYAI/USDT", "TAIKO/USDT", "XLM/USDT"], "left": {"TAC/USDT": 1782866152.8073266, "AIGENSYN/USDT": 1782870962.4996216, "H/USDT": 1782878264.681469, "BAS/USDT": 1782879364.6226685, "RAVE/USDT": 1782880563.4311125, "RE/USDT": 1782882087.2449737, "BASED/USDT": 1782885361.410233}, "vals": {"BTW/USDT": 11.76, "M/USDT": 4.46, "TAIKO/USDT": 10.45, "XLM/USDT": 4.7, "ADA/USDT": 4.37, "BEAT/USDT": 8.8, "SKYAI/USDT": 6.65}}