{"set": ["KAITO/USDT", "NES/USDT", "SLX/USDT", "VANRY/USDT"], "left": {"CLO/USDT": 1783526794.2447305, "LDO/USDT": 1783535191.2500618, "EDGEX/USDT": 1783543319.9738119, "EVAA/USDT": 1783544196.627076, "UNI/USDT": 1783544196.627076}, "vals": {"VANRY/USDT": 9.79, "NES/USDT": 3.51, "KAITO/USDT": 9.07, "SLX/USDT": 9.33}}