{"set": ["AKE/USDT", "BANK/USDT", "KAITO/USDT", "RIF/USDT", "WLFI/USDT", "ZAMA/USDT"], "left": {"O/USDT": 1784806279.7565594, "ERA/USDT": 1784808101.9070883, "LAB/USDT": 1784810779.9238133, "ESPORTS/USDT": 1784811369.4784138}, "vals": {"AKE/USDT": 16.55, "BANK/USDT": 10.5, "ZAMA/USDT": 13.08, "RIF/USDT": 23.92, "WLFI/USDT": 9.77, "KAITO/USDT": 7.08}}