{"set": ["ASTEROID/USDT", "BEAT/USDT", "ESPORTS/USDT", "UB/USDT"], "left": {"H/USDT": 1781901395.442788, "SKYAI/USDT": 1781911872.545053, "HEI/USDT": 1781913684.1579404, "CLO/USDT": 1781913684.1579404, "BEL/USDT": 1781913684.1579404, "SYN/USDT": 1781913954.9455822, "BLESS/USDT": 1781913954.9455822, "BASED/USDT": 1781915763.145682, "BTW/USDT": 1781916662.773172, "LAB/USDT": 1781916662.773172, "BICO/USDT": 1781921462.5297523, "BSB/USDT": 1781922964.6308303}, "vals": {"ASTEROID/USDT": 6.52, "UB/USDT": 5.59, "ESPORTS/USDT": 5.04, "BEAT/USDT": 4.52}}