{"set": ["ASTEROID/USDT", "BEAT/USDT", "EVAA/USDT", "H/USDT"], "left": {"CHIP/USDT": 1781550146.310581, "PEPE/USDT": 1781551306.9101093, "ENA/USDT": 1781560892.3096526, "FARTCOIN/USDT": 1781562369.5543702, "SIREN/USDT": 1781565966.33896, "XLM/USDT": 1781568083.7734823, "ZRO/USDT": 1781568083.7734823, "BSB/USDT": 1781568083.7734823, "JTO/USDT": 1781568083.7734823, "XRP/USDT": 1781568083.7734823, "CLO/USDT": 1781568083.7734823, "ESPORTS/USDT": 1781568083.7734823, "VELVET/USDT": 1781568354.5492907}, "vals": {"ASTEROID/USDT": 7.46, "H/USDT": 3.57, "EVAA/USDT": 3.71, "BEAT/USDT": 3.0}}