{"set": ["BEL/USDT", "BICO/USDT", "BTW/USDT", "EIGEN/USDT", "ESPORTS/USDT", "UB/USDT"], "left": {"HEI/USDT": 1781924153.5218754, "ENA/USDT": 1781936761.9218526, "BSB/USDT": 1781937073.213171, "CLO/USDT": 1781938881.122302, "BEAT/USDT": 1781940674.0638392, "ASTEROID/USDT": 1781940674.0638392}, "vals": {"UB/USDT": 3.93, "BTW/USDT": 21.24, "ESPORTS/USDT": 6.6, "BEL/USDT": 37.21, "EIGEN/USDT": 10.09, "BICO/USDT": 17.63}}