{"set": ["MAGMA/USDT", "T/USDT", "US/USDT", "VELVET/USDT"], "left": {"PEPE/USDT": 1783890961.1996794, "CLO/USDT": 1783900898.0197139, "VANRY/USDT": 1783900898.0197139, "PIPPIN/USDT": 1783901479.7070339, "ANSEM/USDT": 1783901479.7070339, "DODO/USDT": 1783901479.7070339, "EVAA/USDT": 1783904780.384812, "B/USDT": 1783905680.3467035, "BEAT/USDT": 1783910489.5933743, "LAB/USDT": 1783911356.1640491}, "vals": {"T/USDT": 4.62, "US/USDT": 3.15, "VELVET/USDT": 8.76, "MAGMA/USDT": 10.68}}