{"set": ["ARB/USDT", "B/USDT", "T/USDT", "VANRY/USDT", "XPIN/USDT"], "left": {"TAG/USDT": 1783819280.2722335, "SXT/USDT": 1783820756.6568308, "SKL/USDT": 1783821077.7561285, "VIRTUAL/USDT": 1783830955.5822108, "CLO/USDT": 1783838767.3552454}, "vals": {"XPIN/USDT": 4.04, "T/USDT": 10.69, "B/USDT": 15.61, "VANRY/USDT": 18.72, "ARB/USDT": 3.38}}