{"set": ["ADA/USDT", "AKE/USDT", "ERA/USDT", "ESPORTS/USDT", "US/USDT"], "left": {"BANK/USDT": 1784620901.218681, "B/USDT": 1784621474.4346163, "ENA/USDT": 1784624502.970529, "NIGHT/USDT": 1784625079.2304957}, "vals": {"ERA/USDT": 51.82, "AKE/USDT": 5.55, "ESPORTS/USDT": 8.87, "US/USDT": 9.01, "ADA/USDT": 3.01}}