{"set": ["AKE/USDT", "BANK/USDT", "ESPORTS/USDT", "KAITO/USDT", "ONDO/USDT"], "left": {"SKYAI/USDT": 1784269265.0068219, "US/USDT": 1784274962.0930705, "TAC/USDT": 1784275556.5844533}, "vals": {"AKE/USDT": 14.08, "BANK/USDT": 30.0, "ESPORTS/USDT": 13.53, "KAITO/USDT": 5.17, "ONDO/USDT": 3.47}}