{"set": ["ALLO/USDT", "BEL/USDT", "BTW/USDT", "CLO/USDT", "ENA/USDT", "ID/USDT", "LAB/USDT", "LAYER/USDT"], "left": {"DOGE/USDT": 1782137202.693339, "UB/USDT": 1782137510.7530808, "XRP/USDT": 1782137510.7530808, "ADA/USDT": 1782138403.9731681, "PEPE/USDT": 1782142915.8657644, "EIGEN/USDT": 1782147720.151777, "RESOLV/USDT": 1782148301.422766, "HMSTR/USDT": 1782150701.943051, "RE/USDT": 1782153397.2343817}, "vals": {"BTW/USDT": 10.33, "LAB/USDT": 3.36, "CLO/USDT": 30.37, "LAYER/USDT": 13.01, "BEL/USDT": 20.16, "ENA/USDT": 6.6, "ID/USDT": 23.26, "ALLO/USDT": 13.66}}