{"set": ["AKE/USDT", "ERA/USDT", "RIF/USDT", "ZAMA/USDT"], "left": {"ONDO/USDT": 1784762466.1418607, "ENA/USDT": 1784764885.4666567, "LAB/USDT": 1784764885.4666567, "US/USDT": 1784764885.4666567, "NIGHT/USDT": 1784767858.7784984, "MIRA/USDT": 1784768153.5253203, "RE/USDT": 1784771754.1040137, "BANK/USDT": 1784778661.438496}, "vals": {"AKE/USDT": 3.4, "ERA/USDT": 8.35, "ZAMA/USDT": 4.92, "RIF/USDT": 16.14}}