{"set": ["BEAT/USDT", "BEL/USDT", "BICO/USDT", "BTW/USDT", "EIGEN/USDT", "ESPORTS/USDT", "SKYAI/USDT", "UB/USDT"], "left": {"HEI/USDT": 1781924153.5218754, "ENA/USDT": 1781936761.9218526, "BSB/USDT": 1781937073.213171, "CLO/USDT": 1781938881.122302, "ASTEROID/USDT": 1781940674.0638392}, "vals": {"UB/USDT": 3.84, "BTW/USDT": 20.94, "ESPORTS/USDT": 5.24, "BEL/USDT": 32.64, "BEAT/USDT": 3.23, "EIGEN/USDT": 9.97, "BICO/USDT": 12.71, "SKYAI/USDT": 3.85}}