{"set": ["BIO/USDT", "CLO/USDT", "LAB/USDT", "SKYAI/USDT", "VELVET/USDT", "XLM/USDT"], "left": {"\u9f99\u867e/USDT": 1781794001.5678475, "AGT/USDT": 1781802703.5421944, "H/USDT": 1781811111.6969812, "BTW/USDT": 1781811999.9235442, "FOLKS/USDT": 1781812303.7886448}, "vals": {"VELVET/USDT": 64.54, "LAB/USDT": 31.47, "CLO/USDT": 14.28, "XLM/USDT": 4.9, "SKYAI/USDT": 3.07, "BIO/USDT": 7.6}}