{"set": ["BEL/USDT", "BICO/USDT", "BTW/USDT", "CLO/USDT", "EPIC/USDT", "ESPORTS/USDT", "GALA/USDT", "LAB/USDT", "SLX/USDT"], "left": {"SIREN/USDT": 1781973660.7235167, "AGT/USDT": 1781977705.1725569, "EIGEN/USDT": 1781981786.5062947, "BLESS/USDT": 1781982081.5463178, "BEAT/USDT": 1781987474.5337448}, "vals": {"BTW/USDT": 64.75, "BEL/USDT": 38.28, "ESPORTS/USDT": 9.7, "LAB/USDT": 3.8, "GALA/USDT": 5.9, "CLO/USDT": 26.91, "BICO/USDT": 72.16, "SLX/USDT": 22.01, "EPIC/USDT": 8.26}}