{"set": ["ALICE/USDT", "BEAT/USDT", "BEL/USDT", "EIGEN/USDT", "EPIC/USDT", "ESPORTS/USDT", "SLX/USDT"], "left": {"BICO/USDT": 1782000069.9734209, "GALA/USDT": 1782000069.9734209, "LAB/USDT": 1782000069.9734209, "CLO/USDT": 1782003954.350042, "BTW/USDT": 1782010266.1311672}, "vals": {"ESPORTS/USDT": 4.79, "BEL/USDT": 3.27, "SLX/USDT": 4.92, "BEAT/USDT": 3.15, "EPIC/USDT": 8.44, "EIGEN/USDT": 5.08, "ALICE/USDT": 18.46}}