{"set": ["EPIC/USDT", "LAB/USDT", "NES/USDT", "TLM/USDT"], "left": {"US/USDT": 1783383355.9862242, "BILL/USDT": 1783383355.9862242, "BLUR/USDT": 1783383355.9862242, "HMSTR/USDT": 1783383355.9862242, "TRIA/USDT": 1783383355.9862242, "ANSEM/USDT": 1783383355.9862242, "VANRY/USDT": 1783397752.7334}, "vals": {"LAB/USDT": 3.44, "NES/USDT": 3.29, "TLM/USDT": 11.42, "EPIC/USDT": 20.13}}