{"set": ["BEAT/USDT", "BTW/USDT", "CLO/USDT", "VELVET/USDT"], "left": {"LAB/USDT": 1781839260.977391, "BIO/USDT": 1781841958.741841, "BASED/USDT": 1781844062.1616166, "ESPORTS/USDT": 1781844956.9527075, "BSB/USDT": 1781854554.125682, "FOLKS/USDT": 1781858170.196095}, "vals": {"VELVET/USDT": 3.02, "BTW/USDT": 26.72, "CLO/USDT": 6.94, "BEAT/USDT": 10.02}}