{"set": ["ACT/USDT"], "left": {"WIF/USDT": 1782673561.6373107, "LAB/USDT": 1782682330.3504665, "BEAT/USDT": 1782691284.653991, "MANTA/USDT": 1782691284.653991, "UB/USDT": 1782691284.653991, "O/USDT": 1782691284.653991, "MAGIC/USDT": 1782691854.3490047, "BAS/USDT": 1782691854.3490047, "SLX/USDT": 1782691854.3490047, "VELVET/USDT": 1782691854.3490047, "RAVE/USDT": 1782691854.3490047}, "vals": {"ACT/USDT": 3.0}}