{"set": ["BEL/USDT", "RESOLV/USDT", "TNSR/USDT", "UB/USDT", "WLFI/USDT"], "left": {"SIREN/USDT": 1782054081.0560644, "LAB/USDT": 1782055871.3949046, "ENA/USDT": 1782058561.4018724, "EPIC/USDT": 1782063361.0904973, "BEAT/USDT": 1782067560.7861907}, "vals": {"UB/USDT": 52.74, "TNSR/USDT": 39.53, "RESOLV/USDT": 21.61, "WLFI/USDT": 3.61, "BEL/USDT": 4.29}}