{"set": ["CLO/USDT", "ESPORTS/USDT", "H/USDT", "LAB/USDT", "SKYAI/USDT"], "left": {"CFX/USDT": 1781738757.260513, "BSB/USDT": 1781740871.493052, "SPX/USDT": 1781740871.493052, "AGT/USDT": 1781740871.493052, "XPL/USDT": 1781740871.493052, "ASTER/USDT": 1781740871.493052, "BEAT/USDT": 1781744158.7403486, "ENA/USDT": 1781750162.3179739, "BIO/USDT": 1781754965.8192444, "XLM/USDT": 1781755280.5961425, "SIREN/USDT": 1781755865.052253}, "vals": {"ESPORTS/USDT": 10.62, "LAB/USDT": 5.94, "CLO/USDT": 7.76, "H/USDT": 6.28, "SKYAI/USDT": 9.34}}