{"set": ["EDGEX/USDT", "EVAA/USDT", "LAB/USDT", "TAC/USDT", "TAG/USDT"], "left": {"KAITO/USDT": 1783631165.7486725, "ENA/USDT": 1783638688.140897, "ESPORTS/USDT": 1783641690.7023995, "BASED/USDT": 1783641690.7023995, "ARB/USDT": 1783641690.7023995, "SKYAI/USDT": 1783641690.7023995, "US/USDT": 1783643485.5325227}, "vals": {"TAG/USDT": 11.69, "LAB/USDT": 12.38, "EDGEX/USDT": 3.23, "TAC/USDT": 7.1, "EVAA/USDT": 4.34}}