{"set": ["ADA/USDT", "BAS/USDT", "BASED/USDT", "BTW/USDT", "DYDX/USDT", "O/USDT", "SKYAI/USDT", "TAIKO/USDT", "XLM/USDT"], "left": {"H/USDT": 1782878264.681469, "RAVE/USDT": 1782880563.4311125, "RE/USDT": 1782882087.2449737, "BEAT/USDT": 1782887166.1826334, "M/USDT": 1782890466.8994803}, "vals": {"BAS/USDT": 3.54, "BTW/USDT": 18.33, "BASED/USDT": 19.4, "TAIKO/USDT": 14.52, "XLM/USDT": 5.62, "ADA/USDT": 4.02, "O/USDT": 3.87, "SKYAI/USDT": 11.0, "DYDX/USDT": 4.74}}