{"set": ["ACT/USDT", "BAS/USDT", "O/USDT", "SKYAI/USDT"], "left": {"LAB/USDT": 1782682330.3504665, "BEAT/USDT": 1782691284.653991, "MANTA/USDT": 1782691284.653991, "UB/USDT": 1782691284.653991, "VELVET/USDT": 1782691854.3490047, "POWR/USDT": 1782693061.7186444, "SLX/USDT": 1782693061.7186444, "RAVE/USDT": 1782693061.7186444, "MAGIC/USDT": 1782693061.7186444, "BTW/USDT": 1782694552.992421}, "vals": {"BAS/USDT": 3.91, "ACT/USDT": 9.09, "SKYAI/USDT": 5.31, "O/USDT": 4.77}}