{"set": ["BAS/USDT", "LAB/USDT", "O/USDT", "SLX/USDT"], "left": {"G/USDT": 1782302490.2419248, "BLESS/USDT": 1782306969.3825095, "CLO/USDT": 1782310571.6127245, "BEL/USDT": 1782312703.391626, "BTW/USDT": 1782313903.504301}, "vals": {"BAS/USDT": 30.0, "LAB/USDT": 24.89, "SLX/USDT": 17.24, "O/USDT": 22.87}}