{"set": ["ALICE/USDT", "BEL/USDT", "BTW/USDT", "EPIC/USDT", "ESPORTS/USDT", "SLX/USDT"], "left": {"BICO/USDT": 1782000069.9734209, "GALA/USDT": 1782000069.9734209, "LAB/USDT": 1782000069.9734209, "CLO/USDT": 1782003954.350042, "EIGEN/USDT": 1782008462.904888, "BEAT/USDT": 1782009071.6088505}, "vals": {"BTW/USDT": 8.66, "ESPORTS/USDT": 5.16, "BEL/USDT": 3.52, "SLX/USDT": 5.35, "EPIC/USDT": 7.68, "ALICE/USDT": 16.26}}