{"set": ["ADA/USDT", "ARPA/USDT", "BAS/USDT", "GUA/USDT", "MAGMA/USDT", "PEPE/USDT", "ZKP/USDT"], "left": {"TAC/USDT": 1783066278.9986367, "US/USDT": 1783076497.9331872, "M/USDT": 1783077676.7961626, "TLM/USDT": 1783082505.8637428}, "vals": {"PEPE/USDT": 3.52, "ARPA/USDT": 39.96, "ZKP/USDT": 25.38, "BAS/USDT": 19.49, "MAGMA/USDT": 3.21, "GUA/USDT": 9.24, "ADA/USDT": 4.71}}