{"set": ["B/USDT", "BILL/USDT", "ENA/USDT"], "left": {"T/USDT": 1784000475.9117653, "ZBT/USDT": 1784013089.8568041, "LAB/USDT": 1784019965.727319, "VELVET/USDT": 1784020563.9516664}, "vals": {"BILL/USDT": 3.34, "B/USDT": 5.46, "ENA/USDT": 5.3}}