{"set": ["BIRB/USDT", "ENA/USDT", "LIT/USDT"], "left": {"H/USDT": 1782961281.5942914, "BAS/USDT": 1782966955.2973764, "BASED/USDT": 1782969670.7670445, "M/USDT": 1782975066.4561415, "LAB/USDT": 1782977470.9367676, "UB/USDT": 1782978364.7368314, "SLX/USDT": 1782978662.461457}, "vals": {"BIRB/USDT": 51.01, "ENA/USDT": 7.96, "LIT/USDT": 3.62}}