{"set": ["CLO/USDT", "EDGEX/USDT", "POWER/USDT", "SKYAI/USDT", "TAG/USDT", "VANRY/USDT"], "left": {"LAB/USDT": 1783564557.8091063, "ENA/USDT": 1783580512.1679814, "KAITO/USDT": 1783582297.4941254, "UNI/USDT": 1783582297.4941254}, "vals": {"TAG/USDT": 10.56, "EDGEX/USDT": 13.35, "POWER/USDT": 6.47, "VANRY/USDT": 7.96, "SKYAI/USDT": 6.72, "CLO/USDT": 8.43}}