{"set": ["ASTEROID/USDT", "BASED/USDT", "BEAT/USDT", "BICO/USDT", "BTW/USDT"], "left": {"BSB/USDT": 1781897190.9785345, "H/USDT": 1781901395.442788, "SKYAI/USDT": 1781911872.545053, "HEI/USDT": 1781913684.1579404, "CLO/USDT": 1781913684.1579404, "BEL/USDT": 1781913684.1579404, "SYN/USDT": 1781913954.9455822, "BLESS/USDT": 1781913954.9455822}, "vals": {"ASTEROID/USDT": 4.34, "BTW/USDT": 7.29, "BASED/USDT": 4.87, "BEAT/USDT": 3.29, "BICO/USDT": 13.17}}