{"set": ["ADA/USDT", "BAS/USDT", "BASED/USDT", "BTW/USDT", "DYDX/USDT", "NFP/USDT", "O/USDT", "SKYAI/USDT", "TAIKO/USDT", "XLM/USDT"], "left": {"H/USDT": 1782878264.681469, "RAVE/USDT": 1782880563.4311125, "RE/USDT": 1782882087.2449737, "BEAT/USDT": 1782887166.1826334, "M/USDT": 1782899792.7819483}, "vals": {"BAS/USDT": 11.65, "BTW/USDT": 26.38, "BASED/USDT": 16.76, "NFP/USDT": 39.19, "TAIKO/USDT": 29.43, "XLM/USDT": 5.15, "ADA/USDT": 4.23, "O/USDT": 4.39, "SKYAI/USDT": 5.66, "DYDX/USDT": 11.28}}