{"set": ["CLO/USDT", "FOLKS/USDT", "H/USDT", "LAB/USDT", "SKYAI/USDT", "XLM/USDT"], "left": {"SIREN/USDT": 1781781403.490746, "HOME/USDT": 1781787725.655748, "AGT/USDT": 1781787725.655748, "BTW/USDT": 1781792674.8736277, "BIO/USDT": 1781794001.5678475, "\u9f99\u867e/USDT": 1781794001.5678475}, "vals": {"LAB/USDT": 23.44, "CLO/USDT": 18.72, "H/USDT": 9.83, "XLM/USDT": 10.17, "SKYAI/USDT": 5.49, "FOLKS/USDT": 15.41}}