{"set": ["AGT/USDT", "BEL/USDT", "BICO/USDT", "BTW/USDT", "CLO/USDT", "EIGEN/USDT", "GALA/USDT"], "left": {"ENA/USDT": 1781936761.9218526, "BSB/USDT": 1781937073.213171, "ASTEROID/USDT": 1781940674.0638392, "BEAT/USDT": 1781944562.8452747, "UB/USDT": 1781944562.8452747, "HEI/USDT": 1781949681.8658605, "SKYAI/USDT": 1781951164.1377556, "ESPORTS/USDT": 1781952062.982629}, "vals": {"AGT/USDT": 4.85, "BTW/USDT": 39.45, "BEL/USDT": 56.2, "GALA/USDT": 3.17, "CLO/USDT": 15.11, "EIGEN/USDT": 7.95, "BICO/USDT": 30.26}}