{"set": ["AIGENSYN/USDT", "BTW/USDT", "H/USDT", "TAC/USDT"], "left": {"CAP/USDT": 1782805859.594563, "MYX/USDT": 1782805859.594563, "KAS/USDT": 1782805859.594563, "SYN/USDT": 1782805859.594563, "XLM/USDT": 1782809160.032642, "BSB/USDT": 1782820889.3240445}, "vals": {"AIGENSYN/USDT": 13.96, "TAC/USDT": 4.12, "BTW/USDT": 30.77, "H/USDT": 10.05}}