{"set": ["ADA/USDT", "ARPA/USDT", "DOGE/USDT", "MAGMA/USDT", "PEPE/USDT", "PIPPIN/USDT", "THE/USDT", "TLM/USDT", "XPL/USDT", "ZKP/USDT"], "left": {"US/USDT": 1783076497.9331872, "M/USDT": 1783077676.7961626, "GUA/USDT": 1783090924.7562869, "BAS/USDT": 1783093300.9886749, "ENA/USDT": 1783093900.4055955, "XRP/USDT": 1783094526.7540724}, "vals": {"PEPE/USDT": 4.34, "ARPA/USDT": 30.45, "ZKP/USDT": 25.44, "THE/USDT": 10.05, "MAGMA/USDT": 10.49, "TLM/USDT": 5.59, "PIPPIN/USDT": 4.69, "XPL/USDT": 18.79, "ADA/USDT": 7.13, "DOGE/USDT": 3.01}}