{"set": ["ADA/USDT", "BAS/USDT", "BASED/USDT", "BTW/USDT", "DYDX/USDT", "M/USDT", "NFP/USDT", "SKYAI/USDT", "TAIKO/USDT", "XLM/USDT"], "left": {"H/USDT": 1782878264.681469, "RAVE/USDT": 1782880563.4311125, "RE/USDT": 1782882087.2449737, "BEAT/USDT": 1782887166.1826334, "O/USDT": 1782894365.844433}, "vals": {"BAS/USDT": 9.05, "BTW/USDT": 21.34, "BASED/USDT": 11.61, "M/USDT": 3.12, "TAIKO/USDT": 11.59, "NFP/USDT": 65.31, "XLM/USDT": 5.41, "ADA/USDT": 3.68, "SKYAI/USDT": 9.83, "DYDX/USDT": 4.58}}