{"set": ["ALICE/USDT", "EIGEN/USDT", "EPIC/USDT", "ESPORTS/USDT", "SLX/USDT"], "left": {"BICO/USDT": 1782000069.9734209, "GALA/USDT": 1782000069.9734209, "LAB/USDT": 1782000069.9734209, "CLO/USDT": 1782003954.350042, "BTW/USDT": 1782010882.8088453, "BEAT/USDT": 1782010882.8088453, "BEL/USDT": 1782010882.8088453}, "vals": {"ESPORTS/USDT": 3.69, "SLX/USDT": 7.11, "EPIC/USDT": 9.1, "EIGEN/USDT": 7.78, "ALICE/USDT": 17.11}}