{"set": ["CLO/USDT", "EDGEX/USDT", "KAITO/USDT", "LDO/USDT", "SLX/USDT"], "left": {"VANRY/USDT": 1783510888.179123, "VELVET/USDT": 1783520793.9343097, "EVAA/USDT": 1783524117.7222784, "NES/USDT": 1783524726.0448792}, "vals": {"EDGEX/USDT": 22.39, "CLO/USDT": 4.62, "KAITO/USDT": 6.19, "LDO/USDT": 3.98, "SLX/USDT": 8.07}}