{"set": ["LAB/USDT", "TNSR/USDT", "UB/USDT", "WLFI/USDT"], "left": {"EPIC/USDT": 1782063361.0904973, "BEL/USDT": 1782079277.833041, "ESPORTS/USDT": 1782081082.4611847, "BEAT/USDT": 1782081974.9887516, "RESOLV/USDT": 1782082882.087727}, "vals": {"UB/USDT": 51.01, "TNSR/USDT": 47.46, "LAB/USDT": 6.17, "WLFI/USDT": 3.37}}