{"set": ["ACT/USDT", "KAS/USDT", "PUMPFUN/USDT", "SYN/USDT", "UB/USDT"], "left": {"ENA/USDT": 1782758799.5168116, "WLFI/USDT": 1782773166.404553, "BEAT/USDT": 1782776765.6729114, "AGLD/USDT": 1782777687.2265365, "O/USDT": 1782777687.2265365, "BAS/USDT": 1782777687.2265365, "RAVE/USDT": 1782777687.2265365, "TAC/USDT": 1782777687.2265365, "RE/USDT": 1782777687.2265365}, "vals": {"KAS/USDT": 8.38, "PUMPFUN/USDT": 3.22, "UB/USDT": 13.48, "ACT/USDT": 6.33, "SYN/USDT": 16.35}}