{"set": ["IP/USDT", "SLX/USDT"], "left": {"SKYAI/USDT": 1782432091.6756217, "HEI/USDT": 1782432091.6756217, "LAB/USDT": 1782432091.6756217, "XPL/USDT": 1782432091.6756217, "BEL/USDT": 1782432091.6756217, "M/USDT": 1782432363.2367258, "FARTCOIN/USDT": 1782432673.1264422, "BTW/USDT": 1782433259.2305038, "H/USDT": 1782433259.2305038, "UB/USDT": 1782435361.4525566, "RESOLV/USDT": 1782436260.641591, "BEAT/USDT": 1782437758.7754178, "BAS/USDT": 1782438361.640042}, "vals": {"SLX/USDT": 4.77, "IP/USDT": 6.98}}