{"set": ["CLO/USDT", "H/USDT", "LAB/USDT", "SKYAI/USDT", "XLM/USDT"], "left": {"ESPORTS/USDT": 1781770868.3157644, "AGT/USDT": 1781780578.2122939, "SIREN/USDT": 1781781403.490746, "HOME/USDT": 1781782903.1298974, "FOLKS/USDT": 1781784118.256047, "BIO/USDT": 1781784395.5034444, "BTW/USDT": 1781784395.5034444}, "vals": {"LAB/USDT": 18.57, "CLO/USDT": 20.97, "H/USDT": 11.01, "XLM/USDT": 5.06, "SKYAI/USDT": 8.14}}