{"set": ["BAS/USDT", "CLO/USDT", "EVAA/USDT", "LAB/USDT", "O/USDT", "SLX/USDT"], "left": {"BLESS/USDT": 1782306969.3825095, "BEL/USDT": 1782312703.391626, "BTW/USDT": 1782317201.2082245, "SAHARA/USDT": 1782319301.0276217}, "vals": {"BAS/USDT": 37.81, "LAB/USDT": 7.26, "CLO/USDT": 3.64, "SLX/USDT": 11.65, "O/USDT": 22.88, "EVAA/USDT": 5.86}}