{"set": ["ADA/USDT", "BAS/USDT", "HMSTR/USDT", "LAB/USDT", "MIRA/USDT", "TAC/USDT", "VANRY/USDT", "VELVET/USDT"], "left": {"XPL/USDT": 1783184489.3585856, "TLM/USDT": 1783191361.11306, "XRP/USDT": 1783196478.0427783, "ARPA/USDT": 1783198560.5781913, "XLM/USDT": 1783200694.5771453}, "vals": {"HMSTR/USDT": 39.44, "VANRY/USDT": 49.22, "LAB/USDT": 164.1, "BAS/USDT": 19.28, "VELVET/USDT": 20.98, "MIRA/USDT": 14.43, "ADA/USDT": 7.35, "TAC/USDT": 6.17}}