{"set": ["ASTEROID/USDT", "CHIP/USDT", "CLO/USDT", "ENA/USDT", "ESPORTS/USDT", "EVAA/USDT", "SIREN/USDT", "TRADOOR/USDT", "XRP/USDT"], "left": {"BEAT/USDT": 1781503571.7424152, "SKYAI/USDT": 1781503867.7316256, "WLFI/USDT": 1781506271.419499, "JELLYJELLY/USDT": 1781507773.5114925, "JCT/USDT": 1781510501.4892855, "H/USDT": 1781521321.5204344}, "vals": {"ASTEROID/USDT": 78.86, "SIREN/USDT": 9.33, "CHIP/USDT": 8.14, "ESPORTS/USDT": 8.86, "EVAA/USDT": 38.57, "CLO/USDT": 31.1, "TRADOOR/USDT": 5.56, "ENA/USDT": 3.57, "XRP/USDT": 3.01}}