{"set": ["EPIC/USDT", "ESPORTS/USDT", "LAB/USDT", "SIREN/USDT", "UB/USDT"], "left": {"BTW/USDT": 1782012064.233977, "SLX/USDT": 1782012667.6009367, "EIGEN/USDT": 1782018075.8703148, "BEL/USDT": 1782018959.8330061, "ALICE/USDT": 1782018959.8330061, "BEAT/USDT": 1782026755.5463672}, "vals": {"UB/USDT": 17.83, "SIREN/USDT": 5.59, "ESPORTS/USDT": 3.0, "LAB/USDT": 14.06, "EPIC/USDT": 10.75}}