{"set": ["BIO/USDT", "CLO/USDT", "FOLKS/USDT", "LAB/USDT", "SKYAI/USDT", "VELVET/USDT"], "left": {"HOME/USDT": 1781787725.655748, "\u9f99\u867e/USDT": 1781794001.5678475, "AGT/USDT": 1781802703.5421944, "H/USDT": 1781803907.6361732, "XLM/USDT": 1781804804.361622, "BTW/USDT": 1781806601.9071543}, "vals": {"VELVET/USDT": 65.18, "LAB/USDT": 28.38, "CLO/USDT": 11.73, "FOLKS/USDT": 3.74, "SKYAI/USDT": 3.41, "BIO/USDT": 5.36}}