{"set": ["ASTEROID/USDT", "CHIP/USDT", "CLO/USDT", "ESPORTS/USDT", "EVAA/USDT", "JCT/USDT", "JELLYJELLY/USDT", "SIREN/USDT", "TRADOOR/USDT", "WLFI/USDT"], "left": {"LAB/USDT": 1781486463.1124449, "OPG/USDT": 1781488257.9583573, "VELVET/USDT": 1781493062.1771092, "H/USDT": 1781499688.6071773, "BEAT/USDT": 1781503571.7424152, "ENA/USDT": 1781503867.7316256, "SKYAI/USDT": 1781503867.7316256}, "vals": {"ASTEROID/USDT": 74.66, "JCT/USDT": 8.19, "SIREN/USDT": 10.77, "CHIP/USDT": 16.07, "ESPORTS/USDT": 12.97, "JELLYJELLY/USDT": 14.15, "EVAA/USDT": 22.2, "CLO/USDT": 36.52, "WLFI/USDT": 3.13, "TRADOOR/USDT": 15.67}}