{"set": ["DODO/USDT", "PUMPFUN/USDT", "VELVET/USDT"], "left": {"TRIA/USDT": 1784073695.6998954, "XRP/USDT": 1784073695.6998954, "KAITO/USDT": 1784073695.6998954, "PEPE/USDT": 1784073695.6998954, "ADA/USDT": 1784073695.6998954, "DOGE/USDT": 1784073695.6998954, "ENA/USDT": 1784073695.6998954, "LAB/USDT": 1784075155.0388765, "BSB/USDT": 1784075155.0388765}, "vals": {"PUMPFUN/USDT": 3.35, "DODO/USDT": 43.4, "VELVET/USDT": 12.48}}