{"set": ["ASTEROID/USDT", "CHIP/USDT", "CLO/USDT", "ESPORTS/USDT", "EVAA/USDT", "H/USDT", "SIREN/USDT", "TRADOOR/USDT"], "left": {"VELVET/USDT": 1781493062.1771092, "BEAT/USDT": 1781503571.7424152, "ENA/USDT": 1781503867.7316256, "SKYAI/USDT": 1781503867.7316256, "WLFI/USDT": 1781506271.419499, "JELLYJELLY/USDT": 1781507773.5114925, "JCT/USDT": 1781510501.4892855}, "vals": {"ASTEROID/USDT": 90.77, "SIREN/USDT": 8.96, "CHIP/USDT": 16.59, "ESPORTS/USDT": 11.11, "EVAA/USDT": 35.95, "H/USDT": 8.03, "CLO/USDT": 38.39, "TRADOOR/USDT": 17.46}}