{"set": ["BLESS/USDT", "CLO/USDT", "ESPORTS/USDT", "HMSTR/USDT", "ID/USDT", "LAYER/USDT"], "left": {"ALLO/USDT": 1782172893.931539, "EIGEN/USDT": 1782172893.931539, "BEL/USDT": 1782172893.931539, "ENA/USDT": 1782172893.931539, "VELVET/USDT": 1782173246.1022189, "UB/USDT": 1782173246.1022189, "RE/USDT": 1782173246.1022189, "TNSR/USDT": 1782173246.1022189, "LAB/USDT": 1782173246.1022189, "BTW/USDT": 1782173246.1022189, "SYN/USDT": 1782173246.1022189, "NAORIS/USDT": 1782173246.1022189, "RESOLV/USDT": 1782178556.04009}, "vals": {"BLESS/USDT": 13.5, "HMSTR/USDT": 3.35, "ESPORTS/USDT": 3.96, "CLO/USDT": 12.26, "LAYER/USDT": 4.27, "ID/USDT": 7.12}}