{"set": ["ADA/USDT", "ARPA/USDT", "BAS/USDT", "GUA/USDT", "M/USDT", "PEPE/USDT", "TLM/USDT"], "left": {"VELVET/USDT": 1783057559.6459973, "TAC/USDT": 1783066278.9986367, "MAGMA/USDT": 1783074080.1558797, "US/USDT": 1783076497.9331872}, "vals": {"PEPE/USDT": 3.4, "ARPA/USDT": 38.78, "BAS/USDT": 13.16, "M/USDT": 7.84, "GUA/USDT": 12.21, "TLM/USDT": 13.55, "ADA/USDT": 4.28}}