{"set": ["ADA/USDT", "BTW/USDT", "CLO/USDT", "EIGEN/USDT", "ENA/USDT", "UB/USDT"], "left": {"LAB/USDT": 1782090977.8595104, "RESOLV/USDT": 1782106571.7805967, "TNSR/USDT": 1782107467.06685, "BEAT/USDT": 1782109558.5650342, "BEL/USDT": 1782111064.997008}, "vals": {"UB/USDT": 24.2, "BTW/USDT": 26.24, "CLO/USDT": 30.39, "ENA/USDT": 8.45, "ADA/USDT": 3.0, "EIGEN/USDT": 13.73}}