{"set": ["ADA/USDT", "ARPA/USDT", "DOGE/USDT", "MAGMA/USDT", "PEPE/USDT", "THE/USDT", "TLM/USDT", "XPL/USDT", "ZKP/USDT"], "left": {"US/USDT": 1783076497.9331872, "M/USDT": 1783077676.7961626, "GUA/USDT": 1783090924.7562869, "BAS/USDT": 1783093300.9886749, "ENA/USDT": 1783093900.4055955, "XRP/USDT": 1783094526.7540724, "PIPPIN/USDT": 1783095996.5280733}, "vals": {"PEPE/USDT": 4.83, "ARPA/USDT": 41.0, "ZKP/USDT": 25.33, "THE/USDT": 8.66, "MAGMA/USDT": 11.92, "TLM/USDT": 4.23, "XPL/USDT": 20.07, "ADA/USDT": 7.19, "DOGE/USDT": 3.24}}