{"set": ["SKYAI/USDT"], "left": {"FARTCOIN/USDT": 1781640126.1878064, "ENA/USDT": 1781643962.4595675, "XLM/USDT": 1781651172.5437033, "LAB/USDT": 1781654485.207243, "\u9f99\u867e/USDT": 1781654485.207243, "SPX/USDT": 1781654485.207243, "JTO/USDT": 1781654485.207243, "SPACE/USDT": 1781654485.207243, "ASTEROID/USDT": 1781654485.207243, "LUNC/USDT": 1781654750.7251735, "BLESS/USDT": 1781654750.7251735, "VELVET/USDT": 1781654750.7251735, "BSB/USDT": 1781655354.1214187, "EVAA/USDT": 1781655959.2465234, "BEAT/USDT": 1781656267.9323273, "H/USDT": 1781658074.9934735, "BR/USDT": 1781658667.0905533, "UNI/USDT": 1781658959.295011}, "vals": {"SKYAI/USDT": 6.24}}