{"set": ["EPIC/USDT", "VANRY/USDT"], "left": {"TLM/USDT": 1783368130.8172705, "LIT/USDT": 1783382508.6813967, "US/USDT": 1783383355.9862242, "BILL/USDT": 1783383355.9862242, "BLUR/USDT": 1783383355.9862242, "HMSTR/USDT": 1783383355.9862242, "TRIA/USDT": 1783383355.9862242, "ANSEM/USDT": 1783383355.9862242, "NES/USDT": 1783389093.8956645}, "vals": {"VANRY/USDT": 5.45, "EPIC/USDT": 14.37}}