{"set": ["BTW/USDT", "CLO/USDT", "EIGEN/USDT", "ENA/USDT", "TNSR/USDT", "UB/USDT"], "left": {"BEAT/USDT": 1782086498.4360116, "STO/USDT": 1782087057.9893005, "NAORIS/USDT": 1782087057.9893005, "LAB/USDT": 1782090977.8595104, "ADA/USDT": 1782092158.0058637, "BEL/USDT": 1782104478.923448, "RESOLV/USDT": 1782106571.7805967}, "vals": {"UB/USDT": 21.32, "BTW/USDT": 4.2, "TNSR/USDT": 5.29, "CLO/USDT": 29.16, "ENA/USDT": 7.9, "EIGEN/USDT": 14.1}}