{"set": ["LAB/USDT", "O/USDT", "RAVE/USDT", "UB/USDT", "VELVET/USDT", "WIF/USDT"], "left": {"BAS/USDT": 1782632469.004419, "BTW/USDT": 1782639072.1415567, "SLX/USDT": 1782639721.6716003, "BEAT/USDT": 1782640559.905485}, "vals": {"UB/USDT": 12.62, "VELVET/USDT": 4.58, "LAB/USDT": 5.51, "RAVE/USDT": 12.01, "O/USDT": 30.17, "WIF/USDT": 3.55}}