{"set": ["ADA/USDT", "ARPA/USDT", "MAGMA/USDT", "PEPE/USDT", "PIPPIN/USDT", "THE/USDT", "TLM/USDT", "XPL/USDT", "ZKP/USDT"], "left": {"US/USDT": 1783076497.9331872, "M/USDT": 1783077676.7961626, "GUA/USDT": 1783090924.7562869, "BAS/USDT": 1783093300.9886749, "ENA/USDT": 1783093900.4055955, "XRP/USDT": 1783094526.7540724, "DOGE/USDT": 1783095105.808695}, "vals": {"PEPE/USDT": 4.22, "ARPA/USDT": 24.57, "ZKP/USDT": 25.51, "THE/USDT": 10.2, "MAGMA/USDT": 7.14, "TLM/USDT": 5.9, "PIPPIN/USDT": 6.1, "XPL/USDT": 18.51, "ADA/USDT": 6.88}}