{"set": ["BAS/USDT", "BEAT/USDT", "ESPORTS/USDT", "H/USDT", "RESOLV/USDT", "SKYAI/USDT", "SLX/USDT"], "left": {"ENA/USDT": 1782346254.9399734, "O/USDT": 1782346254.9399734, "FET/USDT": 1782346254.9399734, "UB/USDT": 1782346254.9399734, "JUP/USDT": 1782346254.9399734, "SEI/USDT": 1782346254.9399734, "ONDO/USDT": 1782346254.9399734, "CLO/USDT": 1782349281.2013028, "SAHARA/USDT": 1782350757.2498891, "ID/USDT": 1782356478.811467, "BTW/USDT": 1782358562.166448, "EVAA/USDT": 1782360077.2447712, "LAB/USDT": 1782367567.146967}, "vals": {"BAS/USDT": 7.89, "SLX/USDT": 17.26, "ESPORTS/USDT": 16.23, "RESOLV/USDT": 8.03, "BEAT/USDT": 5.38, "H/USDT": 18.19, "SKYAI/USDT": 4.42}}