{"set": ["AKE/USDT", "BANK/USDT", "KAITO/USDT", "RIF/USDT", "WLFI/USDT", "ZAMA/USDT"], "left": {"O/USDT": 1784806279.7565594, "ERA/USDT": 1784808101.9070883, "LAB/USDT": 1784812590.830063, "ESPORTS/USDT": 1784812590.830063}, "vals": {"AKE/USDT": 20.52, "BANK/USDT": 10.58, "ZAMA/USDT": 13.08, "RIF/USDT": 24.94, "WLFI/USDT": 7.5, "KAITO/USDT": 8.39}}