{"set": ["ASTEROID/USDT", "BIO/USDT", "CLO/USDT", "LAB/USDT", "VELVET/USDT", "XLM/USDT"], "left": {"H/USDT": 1781811111.6969812, "FOLKS/USDT": 1781813494.8512738, "SKYAI/USDT": 1781818561.0220134, "AGT/USDT": 1781822466.085143, "BTW/USDT": 1781824864.730067}, "vals": {"ASTEROID/USDT": 81.82, "VELVET/USDT": 35.8, "LAB/USDT": 33.02, "CLO/USDT": 12.95, "XLM/USDT": 4.36, "BIO/USDT": 4.23}}