{"set": ["ADA/USDT", "ERA/USDT", "ESPORTS/USDT", "US/USDT"], "left": {"BANK/USDT": 1784620901.218681, "B/USDT": 1784621474.4346163, "ENA/USDT": 1784624502.970529, "AKE/USDT": 1784625686.5113473, "NIGHT/USDT": 1784625969.6906936}, "vals": {"ERA/USDT": 45.32, "ESPORTS/USDT": 11.45, "US/USDT": 10.04, "ADA/USDT": 3.12}}