{"set": ["ASTEROID/USDT", "BEAT/USDT", "CHIP/USDT", "CLO/USDT", "ENA/USDT", "ESPORTS/USDT", "EVAA/USDT", "JCT/USDT", "JELLYJELLY/USDT", "SKYAI/USDT"], "left": {"TRADOOR/USDT": 1781481361.106416, "BTW/USDT": 1781481673.613035, "XRP/USDT": 1781481673.613035, "ADA/USDT": 1781481673.613035, "COAI/USDT": 1781484059.012646, "LAB/USDT": 1781486463.1124449, "OPG/USDT": 1781488257.9583573, "VELVET/USDT": 1781493062.1771092, "H/USDT": 1781499688.6071773, "SIREN/USDT": 1781502669.016521}, "vals": {"ASTEROID/USDT": 102.68, "JCT/USDT": 7.73, "CHIP/USDT": 9.03, "ESPORTS/USDT": 11.48, "JELLYJELLY/USDT": 6.79, "CLO/USDT": 28.9, "EVAA/USDT": 27.94, "BEAT/USDT": 4.49, "SKYAI/USDT": 4.81, "ENA/USDT": 3.47}}