{"set": ["ADA/USDT", "BTW/USDT", "CLO/USDT", "EIGEN/USDT", "ENA/USDT", "ID/USDT", "PEPE/USDT"], "left": {"BEAT/USDT": 1782109558.5650342, "BEL/USDT": 1782123675.9632735, "HMSTR/USDT": 1782124881.5059009, "RESOLV/USDT": 1782125482.773718, "UB/USDT": 1782127586.5442622}, "vals": {"PEPE/USDT": 3.12, "BTW/USDT": 35.81, "CLO/USDT": 30.14, "ENA/USDT": 10.35, "ADA/USDT": 3.32, "ID/USDT": 19.85, "EIGEN/USDT": 12.95}}