{"set": ["BEAT/USDT", "ENA/USDT", "EPIC/USDT", "TNSR/USDT", "UB/USDT"], "left": {"ESPORTS/USDT": 1782039356.6699903, "SIREN/USDT": 1782054081.0560644, "RESOLV/USDT": 1782054961.3210511, "LAB/USDT": 1782054961.3210511}, "vals": {"UB/USDT": 32.43, "TNSR/USDT": 50.1, "ENA/USDT": 3.0, "EPIC/USDT": 11.58, "BEAT/USDT": 4.89}}