{"set": ["CLO/USDT", "ESPORTS/USDT", "LAYER/USDT", "RESOLV/USDT"], "left": {"BLESS/USDT": 1782181261.7121751, "H/USDT": 1782193564.0633771, "HMSTR/USDT": 1782194477.5189312, "ID/USDT": 1782195087.5709088}, "vals": {"RESOLV/USDT": 13.92, "ESPORTS/USDT": 17.01, "CLO/USDT": 22.87, "LAYER/USDT": 6.36}}