{"set": ["EPIC/USDT", "HMSTR/USDT", "LIT/USDT", "TLM/USDT", "VANRY/USDT"], "left": {"LAB/USDT": 1783336275.4230828, "SLX/USDT": 1783339560.0558045, "NES/USDT": 1783341687.403493}, "vals": {"VANRY/USDT": 42.46, "HMSTR/USDT": 14.85, "TLM/USDT": 5.29, "LIT/USDT": 8.33, "EPIC/USDT": 3.34}}