{"set": ["BTW/USDT", "ESPORTS/USDT", "H/USDT", "LAB/USDT", "SKYAI/USDT", "VELVET/USDT"], "left": {"BEAT/USDT": 1781413867.731363, "SIREN/USDT": 1781419275.604243, "MEGA/USDT": 1781430421.0614576, "JCT/USDT": 1781430726.673498, "COAI/USDT": 1781430726.673498, "XPL/USDT": 1781431340.4388442}, "vals": {"VELVET/USDT": 30.69, "ESPORTS/USDT": 9.13, "H/USDT": 72.16, "BTW/USDT": 3.69, "LAB/USDT": 4.65, "SKYAI/USDT": 3.01}}