{"set": ["CLO/USDT", "FOLKS/USDT", "H/USDT", "LAB/USDT", "SKYAI/USDT", "XLM/USDT"], "left": {"ESPORTS/USDT": 1781770868.3157644, "SIREN/USDT": 1781781403.490746, "HOME/USDT": 1781782903.1298974, "BIO/USDT": 1781784395.5034444, "BTW/USDT": 1781784395.5034444, "AGT/USDT": 1781785001.605098}, "vals": {"LAB/USDT": 18.23, "CLO/USDT": 19.48, "H/USDT": 12.72, "XLM/USDT": 4.79, "SKYAI/USDT": 8.9, "FOLKS/USDT": 10.88}}