{"set": ["BAS/USDT", "BTW/USDT", "M/USDT", "RE/USDT", "XLM/USDT"], "left": {"VELVET/USDT": 1782858063.506421, "TAC/USDT": 1782866152.8073266, "BEAT/USDT": 1782867058.0822861, "AIGENSYN/USDT": 1782870962.4996216, "H/USDT": 1782872756.9294753, "BASED/USDT": 1782873663.6213746, "TAIKO/USDT": 1782874561.3945363}, "vals": {"BAS/USDT": 4.15, "BTW/USDT": 20.53, "M/USDT": 8.59, "XLM/USDT": 9.35, "RE/USDT": 5.04}}