{"set": ["ALLO/USDT", "BEL/USDT", "BTW/USDT", "CLO/USDT", "ENA/USDT", "ID/USDT", "LAYER/USDT", "RESOLV/USDT"], "left": {"HMSTR/USDT": 1782124881.5059009, "DOGE/USDT": 1782137202.693339, "UB/USDT": 1782137510.7530808, "XRP/USDT": 1782137510.7530808, "ADA/USDT": 1782138403.9731681, "PEPE/USDT": 1782142915.8657644, "EIGEN/USDT": 1782144136.0593119}, "vals": {"BTW/USDT": 14.09, "RESOLV/USDT": 3.08, "CLO/USDT": 31.26, "LAYER/USDT": 15.64, "ENA/USDT": 9.26, "BEL/USDT": 32.7, "ID/USDT": 21.02, "ALLO/USDT": 19.93}}