{"set": ["HMSTR/USDT", "LIT/USDT", "TLM/USDT", "VANRY/USDT"], "left": {"LAB/USDT": 1783336275.4230828, "SLX/USDT": 1783339560.0558045, "NES/USDT": 1783341687.403493, "EPIC/USDT": 1783356709.1342223}, "vals": {"VANRY/USDT": 43.65, "HMSTR/USDT": 12.91, "TLM/USDT": 5.92, "LIT/USDT": 8.05}}