{"set": ["BLESS/USDT", "RESOLV/USDT"], "left": {"LAYER/USDT": 1782172893.931539, "ALLO/USDT": 1782172893.931539, "EIGEN/USDT": 1782172893.931539, "BEL/USDT": 1782172893.931539, "ENA/USDT": 1782172893.931539, "CLO/USDT": 1782172893.931539, "VELVET/USDT": 1782173246.1022189, "UB/USDT": 1782173246.1022189, "RE/USDT": 1782173246.1022189, "TNSR/USDT": 1782173246.1022189, "LAB/USDT": 1782173246.1022189, "BTW/USDT": 1782173246.1022189, "SYN/USDT": 1782173246.1022189, "NAORIS/USDT": 1782173246.1022189, "ID/USDT": 1782174663.7819476}, "vals": {"BLESS/USDT": 14.3, "RESOLV/USDT": 3.12}}