{"set": ["BEAT/USDT", "BEL/USDT", "BTW/USDT", "CLO/USDT", "LAB/USDT"], "left": {"RESOLV/USDT": 1782263161.442205, "HEI/USDT": 1782263758.6866052, "SYN/USDT": 1782263758.6866052, "DYDX/USDT": 1782263758.6866052, "BASED/USDT": 1782263758.6866052, "FARTCOIN/USDT": 1782263758.6866052, "BLESS/USDT": 1782266762.454853, "ID/USDT": 1782270078.2248478, "ESPORTS/USDT": 1782276664.413571, "H/USDT": 1782278166.2508242}, "vals": {"BTW/USDT": 5.1, "LAB/USDT": 12.7, "CLO/USDT": 22.54, "BEAT/USDT": 4.25, "BEL/USDT": 15.16}}