{"set": ["ASTER/USDT", "BLESS/USDT", "BSB/USDT", "BTW/USDT", "ENA/USDT", "ESPORTS/USDT", "SPX/USDT", "XLM/USDT", "XPL/USDT"], "left": {"\u9f99\u867e/USDT": 1781693503.6220849, "UNI/USDT": 1781694395.6005182, "BR/USDT": 1781704931.8404937, "SIREN/USDT": 1781706106.1390588}, "vals": {"BLESS/USDT": 3.39, "ESPORTS/USDT": 36.56, "SPX/USDT": 13.26, "BTW/USDT": 4.46, "ASTER/USDT": 14.78, "XPL/USDT": 27.59, "BSB/USDT": 14.45, "ENA/USDT": 6.03, "XLM/USDT": 4.25}}