{"set": ["ADA/USDT", "BAS/USDT", "BASED/USDT", "BTW/USDT", "DYDX/USDT", "NFP/USDT", "SKYAI/USDT", "TAIKO/USDT", "XLM/USDT"], "left": {"RAVE/USDT": 1782880563.4311125, "RE/USDT": 1782882087.2449737, "BEAT/USDT": 1782887166.1826334, "M/USDT": 1782900367.2833912, "O/USDT": 1782901298.2856789}, "vals": {"BAS/USDT": 16.09, "BASED/USDT": 14.33, "BTW/USDT": 30.08, "TAIKO/USDT": 99.87, "NFP/USDT": 57.6, "XLM/USDT": 3.87, "ADA/USDT": 4.3, "SKYAI/USDT": 4.88, "DYDX/USDT": 10.03}}