{"set": ["EPIC/USDT", "RESOLV/USDT", "TNSR/USDT", "UB/USDT"], "left": {"ESPORTS/USDT": 1782039356.6699903, "SIREN/USDT": 1782054081.0560644, "LAB/USDT": 1782055871.3949046, "BEAT/USDT": 1782056760.3448207, "ENA/USDT": 1782058561.4018724}, "vals": {"UB/USDT": 37.47, "TNSR/USDT": 44.38, "RESOLV/USDT": 21.22, "EPIC/USDT": 10.93}}