{"set": ["BIO/USDT", "BTW/USDT", "CLO/USDT", "H/USDT", "HOME/USDT", "LAB/USDT", "SKYAI/USDT", "XLM/USDT"], "left": {"ENA/USDT": 1781750162.3179739, "BEAT/USDT": 1781759162.5846694, "SIREN/USDT": 1781760061.2154665, "ESPORTS/USDT": 1781769370.6471016}, "vals": {"HOME/USDT": 20.81, "LAB/USDT": 13.52, "BTW/USDT": 7.21, "CLO/USDT": 16.1, "H/USDT": 5.53, "SKYAI/USDT": 8.51, "XLM/USDT": 5.81, "BIO/USDT": 3.17}}