{"set": ["ACT/USDT", "BAS/USDT", "RAVE/USDT", "SLX/USDT", "UB/USDT"], "left": {"LAB/USDT": 1782682330.3504665, "POWR/USDT": 1782693061.7186444, "MAGIC/USDT": 1782693061.7186444, "BTW/USDT": 1782694552.992421, "AGLD/USDT": 1782698160.6993742, "SKYAI/USDT": 1782700551.8194292, "BEAT/USDT": 1782701760.3329859, "MANTA/USDT": 1782703264.1026807, "O/USDT": 1782703264.1026807, "VELVET/USDT": 1782703871.3559985}, "vals": {"UB/USDT": 4.78, "BAS/USDT": 4.87, "ACT/USDT": 4.27, "RAVE/USDT": 19.31, "SLX/USDT": 5.57}}