{"set": ["ADA/USDT", "DOGE/USDT", "ENA/USDT", "LAB/USDT", "PEPE/USDT", "PI/USDT", "TRIA/USDT"], "left": {"VELVET/USDT": 1784020563.9516664, "BILL/USDT": 1784031969.7101521, "B/USDT": 1784037712.4609885, "XRP/USDT": 1784040140.441204}, "vals": {"PEPE/USDT": 4.29, "TRIA/USDT": 10.86, "LAB/USDT": 25.16, "ENA/USDT": 6.96, "ADA/USDT": 3.94, "DOGE/USDT": 3.07, "PI/USDT": 3.75}}