{"set": ["ARB/USDT", "ENA/USDT", "EVAA/USDT", "SKL/USDT", "TAG/USDT"], "left": {"VANRY/USDT": 1783656092.6123552, "LAB/USDT": 1783657892.4873512, "US/USDT": 1783662079.4856043, "EDGEX/USDT": 1783665679.5733185}, "vals": {"TAG/USDT": 12.79, "SKL/USDT": 40.88, "ENA/USDT": 3.17, "EVAA/USDT": 22.64, "ARB/USDT": 7.05}}