{"set": ["BAS/USDT", "ESPORTS/USDT", "H/USDT", "LAB/USDT", "RESOLV/USDT", "SLX/USDT"], "left": {"ENA/USDT": 1782346254.9399734, "O/USDT": 1782346254.9399734, "FET/USDT": 1782346254.9399734, "UB/USDT": 1782346254.9399734, "JUP/USDT": 1782346254.9399734, "SEI/USDT": 1782346254.9399734, "ONDO/USDT": 1782346254.9399734, "CLO/USDT": 1782349281.2013028, "SAHARA/USDT": 1782350757.2498891, "ID/USDT": 1782356478.811467, "BTW/USDT": 1782358562.166448, "EVAA/USDT": 1782360077.2447712, "BEAT/USDT": 1782360658.6456122, "SKYAI/USDT": 1782365469.3569164}, "vals": {"BAS/USDT": 6.96, "LAB/USDT": 3.24, "SLX/USDT": 16.02, "ESPORTS/USDT": 6.37, "RESOLV/USDT": 7.66, "H/USDT": 22.04}}