{"set": ["BTW/USDT", "CLO/USDT", "ESPORTS/USDT", "H/USDT", "LAB/USDT", "SKYAI/USDT"], "left": {"XPL/USDT": 1781434933.697731, "VELVET/USDT": 1781444792.1403408, "JCT/USDT": 1781446321.9346998, "TRADOOR/USDT": 1781456219.7782316}, "vals": {"ESPORTS/USDT": 17.47, "H/USDT": 8.33, "BTW/USDT": 7.93, "CLO/USDT": 34.66, "LAB/USDT": 4.96, "SKYAI/USDT": 3.18}}