{"set": ["CLO/USDT", "LAB/USDT", "POWER/USDT", "TAG/USDT", "VANRY/USDT"], "left": {"UNI/USDT": 1783544196.627076, "LDO/USDT": 1783553159.1583135, "NES/USDT": 1783555311.7287774, "SLX/USDT": 1783555311.7287774, "APE/USDT": 1783556172.0513215, "KAITO/USDT": 1783556172.0513215, "SKYAI/USDT": 1783556172.0513215, "RAVE/USDT": 1783556172.0513215, "FET/USDT": 1783556172.0513215, "ANSEM/USDT": 1783556172.0513215, "UAI/USDT": 1783556172.0513215, "OGN/USDT": 1783556172.0513215, "EVAA/USDT": 1783559488.4230435, "EDGEX/USDT": 1783560695.0027597}, "vals": {"TAG/USDT": 4.07, "LAB/USDT": 12.51, "POWER/USDT": 10.47, "VANRY/USDT": 3.67, "CLO/USDT": 3.49}}