{"set": ["ALLO/USDT", "BEL/USDT", "BTW/USDT", "CLO/USDT", "ENA/USDT", "HMSTR/USDT", "ID/USDT", "LAYER/USDT"], "left": {"DOGE/USDT": 1782137202.693339, "UB/USDT": 1782137510.7530808, "XRP/USDT": 1782137510.7530808, "ADA/USDT": 1782138403.9731681, "PEPE/USDT": 1782142915.8657644, "EIGEN/USDT": 1782147720.151777, "RESOLV/USDT": 1782148301.422766}, "vals": {"BTW/USDT": 14.72, "HMSTR/USDT": 3.04, "CLO/USDT": 31.96, "LAYER/USDT": 13.46, "BEL/USDT": 22.63, "ENA/USDT": 8.64, "ID/USDT": 22.15, "ALLO/USDT": 14.56}}