{"set": ["ADA/USDT", "ARB/USDT", "CLO/USDT", "HMSTR/USDT", "T/USDT"], "left": {"SKL/USDT": 1783765557.1738527, "TAG/USDT": 1783768558.0159066, "XPIN/USDT": 1783776956.3977575, "SKYAI/USDT": 1783782026.1493845, "BEAT/USDT": 1783782026.1493845, "ENA/USDT": 1783782678.6023226}, "vals": {"T/USDT": 30.8, "HMSTR/USDT": 4.03, "CLO/USDT": 22.81, "ADA/USDT": 3.3, "ARB/USDT": 4.62}}