{"set": ["B/USDT", "BEAT/USDT", "ESPORTS/USDT", "RE/USDT"], "left": {"KAITO/USDT": 1784851293.2312274, "IDOL/USDT": 1784851293.2312274, "AKE/USDT": 1784852753.7318985, "ON/USDT": 1784852753.7318985, "BILL/USDT": 1784852753.7318985, "LAB/USDT": 1784855763.4696994, "ZAMA/USDT": 1784856957.7212021, "RIF/USDT": 1784857260.3041213, "BANK/USDT": 1784858155.9180408, "ERA/USDT": 1784868964.1575947}, "vals": {"ESPORTS/USDT": 3.34, "RE/USDT": 15.62, "B/USDT": 3.19, "BEAT/USDT": 4.84}}