{"set": ["BASED/USDT", "BICO/USDT", "BLESS/USDT", "BTW/USDT", "SYN/USDT"], "left": {"BSB/USDT": 1781897190.9785345, "H/USDT": 1781901395.442788, "SKYAI/USDT": 1781911872.545053, "HEI/USDT": 1781913684.1579404, "BEAT/USDT": 1781913684.1579404, "CLO/USDT": 1781913684.1579404, "BEL/USDT": 1781913684.1579404}, "vals": {"BTW/USDT": 31.31, "BASED/USDT": 3.93, "BLESS/USDT": 19.44, "BICO/USDT": 29.37, "SYN/USDT": 4.49}}