{"set": ["BAS/USDT", "BEAT/USDT", "ESPORTS/USDT", "H/USDT", "RESOLV/USDT", "SLX/USDT"], "left": {"ENA/USDT": 1782346254.9399734, "O/USDT": 1782346254.9399734, "FET/USDT": 1782346254.9399734, "UB/USDT": 1782346254.9399734, "JUP/USDT": 1782346254.9399734, "SEI/USDT": 1782346254.9399734, "ONDO/USDT": 1782346254.9399734, "CLO/USDT": 1782349281.2013028, "SAHARA/USDT": 1782350757.2498891, "ID/USDT": 1782356478.811467, "BTW/USDT": 1782358562.166448, "EVAA/USDT": 1782360077.2447712, "SKYAI/USDT": 1782365469.3569164, "LAB/USDT": 1782366061.9321892}, "vals": {"BAS/USDT": 6.54, "SLX/USDT": 17.16, "ESPORTS/USDT": 10.43, "RESOLV/USDT": 7.61, "BEAT/USDT": 4.39, "H/USDT": 19.03}}