{"set": ["ESPORTS/USDT", "KAITO/USDT", "US/USDT"], "left": {"LAB/USDT": 1784419277.0800655, "AVAAI/USDT": 1784419277.0800655, "B/USDT": 1784420159.8236463, "BILL/USDT": 1784420159.8236463, "FARTCOIN/USDT": 1784420159.8236463, "BANK/USDT": 1784420159.8236463, "AKE/USDT": 1784421070.954583}, "vals": {"ESPORTS/USDT": 9.05, "US/USDT": 3.89, "KAITO/USDT": 3.01}}