{"set": ["BEAT/USDT", "CLO/USDT", "T/USDT", "VANRY/USDT", "VELVET/USDT"], "left": {"B/USDT": 1783857087.3878386, "PEPE/USDT": 1783872962.5459473, "TAG/USDT": 1783874156.3070736}, "vals": {"T/USDT": 13.31, "VELVET/USDT": 22.36, "VANRY/USDT": 14.7, "CLO/USDT": 8.14, "BEAT/USDT": 17.05}}