{"set": ["ACE/USDT", "BONK/USDT", "HOME/USDT", "PI/USDT"], "left": {"AKE/USDT": 1784512260.9563913, "PEPE/USDT": 1784517062.9586895, "KAITO/USDT": 1784522459.8047664, "ESPORTS/USDT": 1784523357.0800269, "TLM/USDT": 1784527554.2372587, "AVAAI/USDT": 1784528750.8587875, "BANK/USDT": 1784533267.084685}, "vals": {"BONK/USDT": 3.59, "HOME/USDT": 3.35, "ACE/USDT": 63.94, "PI/USDT": 4.97}}