{"set": ["BIRB/USDT", "ENA/USDT", "SLX/USDT"], "left": {"ZBT/USDT": 1782954079.413939, "H/USDT": 1782961281.5942914, "BAS/USDT": 1782966955.2973764, "BASED/USDT": 1782969670.7670445, "LAB/USDT": 1782971751.6867611, "UB/USDT": 1782973557.1582727, "M/USDT": 1782975066.4561415}, "vals": {"BIRB/USDT": 61.0, "SLX/USDT": 3.25, "ENA/USDT": 6.01}}