{"set": ["BTW/USDT", "CLO/USDT", "EIGEN/USDT", "ENA/USDT", "UB/USDT"], "left": {"BEAT/USDT": 1782086498.4360116, "STO/USDT": 1782087057.9893005, "NAORIS/USDT": 1782087057.9893005, "LAB/USDT": 1782090977.8595104, "ADA/USDT": 1782092158.0058637, "BEL/USDT": 1782104478.923448, "RESOLV/USDT": 1782106571.7805967, "TNSR/USDT": 1782107467.06685}, "vals": {"UB/USDT": 20.4, "BTW/USDT": 8.35, "CLO/USDT": 29.51, "ENA/USDT": 7.43, "EIGEN/USDT": 11.69}}