{"set": ["ASTEROID/USDT", "BEAT/USDT", "BSB/USDT", "SKYAI/USDT"], "left": {"ENA/USDT": 1781560892.3096526, "FARTCOIN/USDT": 1781562369.5543702, "ZRO/USDT": 1781568083.7734823, "JTO/USDT": 1781568083.7734823, "XRP/USDT": 1781568083.7734823, "CLO/USDT": 1781568083.7734823, "ESPORTS/USDT": 1781568083.7734823, "VELVET/USDT": 1781568354.5492907, "EVAA/USDT": 1781570763.2897978, "XLM/USDT": 1781571065.9299102, "H/USDT": 1781571065.9299102, "SIREN/USDT": 1781576467.2451441, "LAB/USDT": 1781576467.2451441}, "vals": {"ASTEROID/USDT": 34.72, "SKYAI/USDT": 5.03, "BEAT/USDT": 4.27, "BSB/USDT": 7.37}}