{"set": ["BASED/USDT", "CLO/USDT", "DYDX/USDT", "FARTCOIN/USDT", "HEI/USDT", "SYN/USDT"], "left": {"ESPORTS/USDT": 1782259286.5653002, "BEAT/USDT": 1782259286.5653002, "BTW/USDT": 1782259286.5653002, "UB/USDT": 1782260157.580966, "ID/USDT": 1782262551.8670192, "RESOLV/USDT": 1782263161.442205}, "vals": {"CLO/USDT": 3.34, "BASED/USDT": 6.18, "FARTCOIN/USDT": 3.49, "SYN/USDT": 5.8, "HEI/USDT": 59.79, "DYDX/USDT": 10.1}}