{"set": ["NES/USDT", "TLM/USDT"], "left": {"VELVET/USDT": 1783231287.6714854, "BAS/USDT": 1783236069.9352868, "M/USDT": 1783247485.2696817, "HMSTR/USDT": 1783247756.0110407, "LAB/USDT": 1783248669.3289332, "VANRY/USDT": 1783248669.3289332}, "vals": {"NES/USDT": 9.57, "TLM/USDT": 13.82}}