{"set": ["ASTER/USDT", "BSB/USDT", "BTW/USDT", "ENA/USDT", "ESPORTS/USDT", "SIREN/USDT", "SPX/USDT", "XLM/USDT", "XPL/USDT"], "left": {"LAB/USDT": 1781682667.3037412, "BR/USDT": 1781692290.6848204, "\u9f99\u867e/USDT": 1781693503.6220849, "UNI/USDT": 1781694395.6005182}, "vals": {"SIREN/USDT": 4.33, "ESPORTS/USDT": 43.95, "SPX/USDT": 13.47, "BTW/USDT": 11.72, "ASTER/USDT": 12.77, "XPL/USDT": 26.11, "BSB/USDT": 17.35, "ENA/USDT": 5.92, "XLM/USDT": 4.73}}