{"set": ["ADA/USDT", "ARPA/USDT", "MAGMA/USDT", "PEPE/USDT", "PIPPIN/USDT", "THE/USDT", "TLM/USDT", "XPL/USDT", "XRP/USDT", "ZKP/USDT"], "left": {"US/USDT": 1783076497.9331872, "M/USDT": 1783077676.7961626, "GUA/USDT": 1783090924.7562869, "BAS/USDT": 1783093300.9886749, "DOGE/USDT": 1783093598.7960095, "ENA/USDT": 1783093900.4055955}, "vals": {"PEPE/USDT": 4.38, "ARPA/USDT": 33.05, "ZKP/USDT": 27.61, "THE/USDT": 16.38, "MAGMA/USDT": 3.87, "TLM/USDT": 4.47, "PIPPIN/USDT": 9.86, "XPL/USDT": 15.9, "ADA/USDT": 7.06, "XRP/USDT": 3.03}}