{"set": ["LAB/USDT", "O/USDT", "SLX/USDT"], "left": {"ESPORTS/USDT": 1782285955.3146243, "BTW/USDT": 1782288361.8589675, "BEAT/USDT": 1782288361.8589675, "G/USDT": 1782302490.2419248, "CLO/USDT": 1782305763.848005, "BEL/USDT": 1782306087.804103}, "vals": {"LAB/USDT": 15.68, "SLX/USDT": 26.66, "O/USDT": 31.49}}