{"set": ["AKE/USDT", "LAB/USDT"], "left": {"LRC/USDT": 1784337665.1118386, "BILL/USDT": 1784338265.196659, "BANK/USDT": 1784349071.2925286, "ESPORTS/USDT": 1784354475.1167405}, "vals": {"AKE/USDT": 31.16, "LAB/USDT": 4.03}}