{"set": ["ACT/USDT", "LAB/USDT", "O/USDT", "RAVE/USDT", "SLX/USDT", "UB/USDT", "VELVET/USDT", "WIF/USDT"], "left": {"BEAT/USDT": 1782640559.905485, "BTW/USDT": 1782645662.3460834, "PUMP/USDT": 1782655279.7240782, "\u5e01\u5b89\u4eba\u751f/USDT": 1782655557.4648962}, "vals": {"UB/USDT": 13.37, "ACT/USDT": 81.04, "VELVET/USDT": 13.09, "LAB/USDT": 3.17, "RAVE/USDT": 18.42, "SLX/USDT": 4.94, "O/USDT": 16.03, "WIF/USDT": 4.1}}