{"set": ["ARB/USDT", "EDGEX/USDT", "ENA/USDT", "EVAA/USDT", "TAG/USDT", "US/USDT", "VANRY/USDT"], "left": {"ESPORTS/USDT": 1783641690.7023995, "BASED/USDT": 1783641690.7023995, "SKYAI/USDT": 1783641690.7023995, "TAC/USDT": 1783645561.3696177, "LAB/USDT": 1783648884.6974123}, "vals": {"TAG/USDT": 9.73, "US/USDT": 4.11, "EDGEX/USDT": 5.54, "VANRY/USDT": 3.61, "ENA/USDT": 3.4, "EVAA/USDT": 9.15, "ARB/USDT": 4.4}}