{"set": ["BTW/USDT", "CLO/USDT", "EPIC/USDT", "ESPORTS/USDT"], "left": {"EIGEN/USDT": 1781981786.5062947, "BLESS/USDT": 1781982081.5463178, "BEAT/USDT": 1781987474.5337448, "BICO/USDT": 1782000069.9734209, "GALA/USDT": 1782000069.9734209, "LAB/USDT": 1782000069.9734209, "SLX/USDT": 1782000069.9734209, "BEL/USDT": 1782003355.8145847}, "vals": {"BTW/USDT": 3.89, "ESPORTS/USDT": 3.38, "CLO/USDT": 3.55, "EPIC/USDT": 4.05}}