{"set": ["LIT/USDT", "NES/USDT", "VANRY/USDT"], "left": {"HMSTR/USDT": 1783314962.4727664, "EPIC/USDT": 1783317960.707354, "LAB/USDT": 1783319753.3504353, "UB/USDT": 1783326082.359311, "VELVET/USDT": 1783326359.0054882}, "vals": {"VANRY/USDT": 4.22, "NES/USDT": 6.62, "LIT/USDT": 4.63}}