{"set": ["G/USDT"], "left": {"H/USDT": 1782514894.6638541, "BAS/USDT": 1782516682.3019545, "SLX/USDT": 1782518468.9153395, "JTO/USDT": 1782518468.9153395, "UB/USDT": 1782518468.9153395, "VELVET/USDT": 1782518468.9153395, "SKYAI/USDT": 1782518468.9153395, "ESPORTS/USDT": 1782518468.9153395, "AGLD/USDT": 1782518468.9153395, "BEAT/USDT": 1782518468.9153395, "LAB/USDT": 1782518468.9153395, "ADA/USDT": 1782518468.9153395, "MAGMA/USDT": 1782518468.9153395}, "vals": {"G/USDT": 3.08}}