{"set": ["BEL/USDT", "G/USDT", "LAB/USDT", "SLX/USDT"], "left": {"ID/USDT": 1782270078.2248478, "H/USDT": 1782278166.2508242, "ESPORTS/USDT": 1782285955.3146243, "CLO/USDT": 1782287160.797812, "BTW/USDT": 1782288361.8589675, "BEAT/USDT": 1782288361.8589675}, "vals": {"G/USDT": 13.29, "LAB/USDT": 9.47, "SLX/USDT": 21.95, "BEL/USDT": 4.74}}