{"set": ["ADA/USDT", "BTW/USDT", "CLO/USDT", "EIGEN/USDT", "ENA/USDT", "ID/USDT"], "left": {"TNSR/USDT": 1782107467.06685, "BEAT/USDT": 1782109558.5650342, "BEL/USDT": 1782123675.9632735, "HMSTR/USDT": 1782124881.5059009, "RESOLV/USDT": 1782125482.773718, "UB/USDT": 1782127586.5442622}, "vals": {"BTW/USDT": 42.8, "CLO/USDT": 31.1, "ENA/USDT": 10.03, "ADA/USDT": 3.07, "ID/USDT": 23.84, "EIGEN/USDT": 12.91}}