{"set": ["BTW/USDT", "H/USDT", "TAIKO/USDT", "XLM/USDT"], "left": {"VELVET/USDT": 1782858063.506421, "BEAT/USDT": 1782864086.2911942, "M/USDT": 1782864086.2911942, "BAS/USDT": 1782864352.1316218, "AIGENSYN/USDT": 1782864352.1316218, "TAC/USDT": 1782866152.8073266}, "vals": {"BTW/USDT": 6.38, "TAIKO/USDT": 14.14, "XLM/USDT": 3.01, "H/USDT": 3.43}}