{"set": ["BEL/USDT", "BICO/USDT", "BTW/USDT", "EIGEN/USDT", "EPIC/USDT", "ESPORTS/USDT"], "left": {"BEAT/USDT": 1781944562.8452747, "UB/USDT": 1781944562.8452747, "HEI/USDT": 1781949681.8658605, "SKYAI/USDT": 1781951164.1377556, "AGT/USDT": 1781953861.097182, "GALA/USDT": 1781956887.6106508, "CLO/USDT": 1781964098.3209274}, "vals": {"BTW/USDT": 55.24, "ESPORTS/USDT": 8.61, "BEL/USDT": 51.73, "BICO/USDT": 12.71, "EIGEN/USDT": 3.31, "EPIC/USDT": 8.81}}