{"set": ["B/USDT", "CLO/USDT", "SKYAI/USDT", "T/USDT", "VANRY/USDT"], "left": {"VIRTUAL/USDT": 1783830955.5822108, "ARB/USDT": 1783843886.3491313, "XPIN/USDT": 1783846554.796885}, "vals": {"T/USDT": 12.33, "B/USDT": 12.29, "CLO/USDT": 7.16, "VANRY/USDT": 17.62, "SKYAI/USDT": 3.99}}