{"set": ["ACT/USDT", "O/USDT", "RAVE/USDT", "TAC/USDT", "UB/USDT"], "left": {"MANTA/USDT": 1782703264.1026807, "VELVET/USDT": 1782703871.3559985, "BAS/USDT": 1782714672.0819025, "ENA/USDT": 1782715260.836869, "SLX/USDT": 1782719161.136761}, "vals": {"UB/USDT": 14.9, "ACT/USDT": 21.27, "TAC/USDT": 118.24, "RAVE/USDT": 42.8, "O/USDT": 3.67}}