{"set": ["BTW/USDT", "COAI/USDT", "ESPORTS/USDT", "H/USDT", "LAB/USDT", "MEGA/USDT", "VELVET/USDT"], "left": {"BEAT/USDT": 1781413867.731363, "SIREN/USDT": 1781419275.604243, "JCT/USDT": 1781421883.298276, "SKYAI/USDT": 1781424169.7260804}, "vals": {"ESPORTS/USDT": 5.38, "VELVET/USDT": 39.68, "COAI/USDT": 10.44, "MEGA/USDT": 4.27, "BTW/USDT": 3.71, "H/USDT": 56.11, "LAB/USDT": 8.24}}