{"set": ["ASTEROID/USDT", "BSB/USDT", "FARTCOIN/USDT", "JTO/USDT", "LAB/USDT", "SKYAI/USDT", "SPACE/USDT", "UNI/USDT", "VELVET/USDT", "XLM/USDT", "\u9f99\u867e/USDT"], "left": {"ZRO/USDT": 1781607718.8485653, "CHIP/USDT": 1781613111.0452197, "ENA/USDT": 1781615200.7178867, "OPG/USDT": 1781623605.6902158, "H/USDT": 1781624508.026657}, "vals": {"ASTEROID/USDT": 21.76, "SPACE/USDT": 14.39, "\u9f99\u867e/USDT": 41.4, "VELVET/USDT": 4.04, "LAB/USDT": 40.47, "SKYAI/USDT": 21.97, "BSB/USDT": 48.84, "XLM/USDT": 3.54, "JTO/USDT": 9.25, "UNI/USDT": 7.07, "FARTCOIN/USDT": 4.39}}