{"set": ["ADA/USDT", "ARB/USDT", "CLO/USDT", "ENA/USDT", "T/USDT"], "left": {"SKYAI/USDT": 1783782026.1493845, "BEAT/USDT": 1783782026.1493845, "HMSTR/USDT": 1783783887.6966646, "XPIN/USDT": 1783798881.144609}, "vals": {"T/USDT": 29.83, "CLO/USDT": 28.87, "ENA/USDT": 3.22, "ADA/USDT": 3.0, "ARB/USDT": 5.1}}