{"set": ["ADA/USDT", "ARPA/USDT", "BAS/USDT", "GUA/USDT", "PEPE/USDT", "THE/USDT", "ZKP/USDT"], "left": {"US/USDT": 1783076497.9331872, "M/USDT": 1783077676.7961626, "MAGMA/USDT": 1783084303.3080373, "TLM/USDT": 1783086711.4939227, "DOGE/USDT": 1783088197.7106144}, "vals": {"PEPE/USDT": 3.97, "ARPA/USDT": 30.37, "ZKP/USDT": 26.45, "BAS/USDT": 19.92, "THE/USDT": 14.22, "GUA/USDT": 3.51, "ADA/USDT": 5.27}}