{"set": ["AKE/USDT", "BANK/USDT", "KAITO/USDT", "US/USDT"], "left": {"TAC/USDT": 1784275556.5844533, "ESPORTS/USDT": 1784289361.5060365, "BILL/USDT": 1784291480.5933228, "ONDO/USDT": 1784292961.2900832}, "vals": {"AKE/USDT": 20.9, "BANK/USDT": 19.94, "US/USDT": 3.17, "KAITO/USDT": 6.87}}