{"set": ["BTW/USDT", "CLO/USDT", "ENA/USDT", "UB/USDT"], "left": {"ESPORTS/USDT": 1782081082.4611847, "WLFI/USDT": 1782084972.3252332, "BEL/USDT": 1782086498.4360116, "BEAT/USDT": 1782086498.4360116, "STO/USDT": 1782087057.9893005, "NAORIS/USDT": 1782087057.9893005, "LAB/USDT": 1782090977.8595104, "ADA/USDT": 1782092158.0058637, "TNSR/USDT": 1782092158.0058637, "RESOLV/USDT": 1782097861.2867544}, "vals": {"UB/USDT": 6.41, "BTW/USDT": 28.12, "CLO/USDT": 20.81, "ENA/USDT": 5.57}}