{"set": ["BEAT/USDT", "BTW/USDT", "LAB/USDT", "UNI/USDT", "XLM/USDT", "\u9f99\u867e/USDT"], "left": {"SPX/USDT": 1781654485.207243, "JTO/USDT": 1781654485.207243, "SPACE/USDT": 1781654485.207243, "ASTEROID/USDT": 1781654485.207243, "LUNC/USDT": 1781654750.7251735, "BLESS/USDT": 1781654750.7251735, "VELVET/USDT": 1781654750.7251735, "BSB/USDT": 1781655354.1214187, "EVAA/USDT": 1781655959.2465234, "BR/USDT": 1781660456.923042, "H/USDT": 1781666752.8267365, "SKYAI/USDT": 1781666752.8267365}, "vals": {"\u9f99\u867e/USDT": 4.77, "LAB/USDT": 3.43, "BTW/USDT": 6.41, "BEAT/USDT": 10.74, "XLM/USDT": 4.08, "UNI/USDT": 5.81}}