{"set": ["ASTEROID/USDT", "BEAT/USDT", "BEL/USDT", "BICO/USDT", "BTW/USDT", "CLO/USDT", "EIGEN/USDT", "ESPORTS/USDT", "UB/USDT"], "left": {"SKYAI/USDT": 1781911872.545053, "SYN/USDT": 1781913954.9455822, "BLESS/USDT": 1781913954.9455822, "BASED/USDT": 1781915763.145682, "LAB/USDT": 1781916662.773172, "HEI/USDT": 1781924153.5218754, "BSB/USDT": 1781931963.2144213}, "vals": {"ASTEROID/USDT": 9.53, "UB/USDT": 3.4, "BTW/USDT": 8.03, "ESPORTS/USDT": 4.12, "BEL/USDT": 7.88, "CLO/USDT": 10.43, "BEAT/USDT": 6.07, "EIGEN/USDT": 9.77, "BICO/USDT": 4.35}}