{"set": ["BTW/USDT", "CLO/USDT", "ESPORTS/USDT", "LAYER/USDT", "MMT/USDT", "RESOLV/USDT"], "left": {"HMSTR/USDT": 1782194477.5189312, "ID/USDT": 1782203167.1947546, "BEL/USDT": 1782203478.1150124, "FOLKS/USDT": 1782206171.7866685}, "vals": {"BTW/USDT": 10.56, "RESOLV/USDT": 22.01, "MMT/USDT": 7.34, "ESPORTS/USDT": 14.66, "CLO/USDT": 3.09, "LAYER/USDT": 6.22}}