{"set": ["BEAT/USDT", "LAB/USDT", "PIEVERSE/USDT", "RAVE/USDT", "UB/USDT"], "left": {"WIF/USDT": 1782604885.0212393, "S/USDT": 1782605457.9097173, "RE/USDT": 1782605457.9097173, "VELVET/USDT": 1782605457.9097173, "SLX/USDT": 1782606666.9862638, "M/USDT": 1782607259.478217, "MYX/USDT": 1782612657.5769546}, "vals": {"UB/USDT": 10.53, "LAB/USDT": 5.34, "PIEVERSE/USDT": 9.22, "RAVE/USDT": 3.09, "BEAT/USDT": 3.43}}