{"set": ["ACE/USDT", "BONK/USDT", "HOME/USDT", "KAITO/USDT", "PI/USDT"], "left": {"PEPE/USDT": 1784517062.9586895, "ESPORTS/USDT": 1784523357.0800269, "TLM/USDT": 1784527554.2372587, "AVAAI/USDT": 1784528750.8587875, "BANK/USDT": 1784533267.084685}, "vals": {"BONK/USDT": 5.17, "HOME/USDT": 4.02, "ACE/USDT": 67.5, "KAITO/USDT": 3.32, "PI/USDT": 6.91}}