{"set": ["ASTEROID/USDT", "BEAT/USDT", "LAB/USDT", "SIREN/USDT"], "left": {"PEPE/USDT": 1781551306.9101093, "ENA/USDT": 1781560892.3096526, "FARTCOIN/USDT": 1781562369.5543702, "ZRO/USDT": 1781568083.7734823, "BSB/USDT": 1781568083.7734823, "JTO/USDT": 1781568083.7734823, "XRP/USDT": 1781568083.7734823, "CLO/USDT": 1781568083.7734823, "ESPORTS/USDT": 1781568083.7734823, "VELVET/USDT": 1781568354.5492907, "EVAA/USDT": 1781570763.2897978, "XLM/USDT": 1781571065.9299102, "H/USDT": 1781571065.9299102}, "vals": {"ASTEROID/USDT": 25.8, "SIREN/USDT": 5.02, "LAB/USDT": 3.63, "BEAT/USDT": 3.53}}