{"set": ["AKE/USDT", "LAB/USDT", "US/USDT"], "left": {"FWDISTOCK/USDT": 1784679653.758968, "ESPORTS/USDT": 1784679653.758968, "NIGHT/USDT": 1784679653.758968, "B/USDT": 1784679653.758968, "PUMPFUN/USDT": 1784679653.758968, "BANK/USDT": 1784698861.5060885}, "vals": {"AKE/USDT": 4.74, "US/USDT": 4.32, "LAB/USDT": 14.5}}