{"set": ["BEAT/USDT", "BEL/USDT", "BICO/USDT", "BTW/USDT", "CLO/USDT", "HEI/USDT"], "left": {"BSB/USDT": 1781897190.9785345, "H/USDT": 1781901395.442788, "BASED/USDT": 1781907660.2789173, "SKYAI/USDT": 1781909165.482501}, "vals": {"BTW/USDT": 82.66, "BEL/USDT": 12.88, "CLO/USDT": 7.59, "BEAT/USDT": 14.27, "BICO/USDT": 76.3, "HEI/USDT": 20.47}}