{"set": ["AIGENSYN/USDT", "H/USDT", "IN/USDT", "XLM/USDT"], "left": {"BSB/USDT": 1782820889.3240445, "TAC/USDT": 1782833481.4853766, "BTW/USDT": 1782833764.5694866}, "vals": {"AIGENSYN/USDT": 3.03, "IN/USDT": 98.61, "XLM/USDT": 3.04, "H/USDT": 16.14}}