{"set": ["EPIC/USDT", "LAB/USDT", "RESOLV/USDT", "TNSR/USDT", "UB/USDT"], "left": {"ESPORTS/USDT": 1782039356.6699903, "ENA/USDT": 1782040857.9481757, "SIREN/USDT": 1782046878.837981, "BEAT/USDT": 1782051965.2872658}, "vals": {"UB/USDT": 28.39, "TNSR/USDT": 53.64, "RESOLV/USDT": 10.2, "LAB/USDT": 8.18, "EPIC/USDT": 11.65}}