{"set": ["ADA/USDT", "ENA/USDT", "LAB/USDT", "PEPE/USDT", "TRIA/USDT"], "left": {"VELVET/USDT": 1784020563.9516664, "BILL/USDT": 1784031969.7101521, "PI/USDT": 1784037098.692444, "B/USDT": 1784037712.4609885, "XRP/USDT": 1784037712.4609885}, "vals": {"PEPE/USDT": 5.35, "TRIA/USDT": 9.75, "LAB/USDT": 16.93, "ENA/USDT": 6.55, "ADA/USDT": 3.62}}