{"set": ["AKE/USDT", "BANK/USDT", "KAITO/USDT", "ONDO/USDT", "US/USDT"], "left": {"TAC/USDT": 1784275556.5844533, "ESPORTS/USDT": 1784289361.5060365, "BILL/USDT": 1784291480.5933228}, "vals": {"AKE/USDT": 16.27, "BANK/USDT": 17.03, "US/USDT": 5.13, "KAITO/USDT": 7.15, "ONDO/USDT": 4.32}}