{"set": ["LAB/USDT", "SKYAI/USDT", "TLM/USDT", "VANRY/USDT", "VELVET/USDT"], "left": {"MIRA/USDT": 1783278677.6371796, "WLFI/USDT": 1783288892.1587539, "ENA/USDT": 1783293677.5100284, "CAP/USDT": 1783296101.7064824, "LIT/USDT": 1783296101.7064824, "BTW/USDT": 1783296101.7064824, "NES/USDT": 1783296101.7064824, "UB/USDT": 1783296101.7064824}, "vals": {"VANRY/USDT": 3.47, "LAB/USDT": 3.09, "SKYAI/USDT": 4.32, "TLM/USDT": 7.71, "VELVET/USDT": 6.02}}