{"set": ["BAS/USDT", "EVAA/USDT", "LAB/USDT", "O/USDT", "SLX/USDT"], "left": {"G/USDT": 1782302490.2419248, "BLESS/USDT": 1782306969.3825095, "CLO/USDT": 1782310571.6127245, "BEL/USDT": 1782312703.391626, "BTW/USDT": 1782317201.2082245, "SAHARA/USDT": 1782319301.0276217}, "vals": {"BAS/USDT": 35.57, "LAB/USDT": 6.33, "SLX/USDT": 17.41, "O/USDT": 22.09, "EVAA/USDT": 4.6}}