{"set": ["CLO/USDT", "H/USDT", "LAB/USDT", "SIREN/USDT", "SKYAI/USDT", "XLM/USDT"], "left": {"BLESS/USDT": 1781732498.5417356, "CFX/USDT": 1781738757.260513, "BSB/USDT": 1781740871.493052, "SPX/USDT": 1781740871.493052, "AGT/USDT": 1781740871.493052, "XPL/USDT": 1781740871.493052, "ASTER/USDT": 1781740871.493052, "BEAT/USDT": 1781744158.7403486, "ESPORTS/USDT": 1781749869.9408722, "ENA/USDT": 1781750162.3179739, "BIO/USDT": 1781752261.7535095}, "vals": {"SIREN/USDT": 3.93, "LAB/USDT": 9.89, "CLO/USDT": 9.98, "H/USDT": 3.87, "SKYAI/USDT": 9.74, "XLM/USDT": 4.68}}