{"set": ["BEAT/USDT", "G/USDT", "LAB/USDT", "SKYAI/USDT", "SLX/USDT", "UB/USDT"], "left": {"BTW/USDT": 1782451870.6836007, "PUMP/USDT": 1782461769.381446, "TNSR/USDT": 1782470169.4527218, "H/USDT": 1782470485.5698571, "BAS/USDT": 1782470770.154478}, "vals": {"G/USDT": 5.82, "UB/USDT": 9.91, "LAB/USDT": 3.38, "SLX/USDT": 7.94, "BEAT/USDT": 16.17, "SKYAI/USDT": 12.01}}