{"set": ["BSB/USDT", "BTW/USDT", "ESPORTS/USDT", "SPX/USDT", "UNI/USDT", "\u9f99\u867e/USDT"], "left": {"SIREN/USDT": 1781672760.9604423, "BEAT/USDT": 1781673664.3652246, "SPACE/USDT": 1781676091.3308692, "BLESS/USDT": 1781676970.9589026, "EVAA/USDT": 1781680868.9426517, "XLM/USDT": 1781682371.3704596, "LAB/USDT": 1781682667.3037412, "BR/USDT": 1781692290.6848204}, "vals": {"\u9f99\u867e/USDT": 6.04, "SPX/USDT": 12.88, "ESPORTS/USDT": 34.29, "BTW/USDT": 10.33, "BSB/USDT": 4.51, "UNI/USDT": 11.44}}