{"set": ["BAS/USDT", "BEAT/USDT", "G/USDT", "LAB/USDT", "SKYAI/USDT", "SLX/USDT", "UB/USDT"], "left": {"BTW/USDT": 1782451870.6836007, "PUMP/USDT": 1782461769.381446, "TNSR/USDT": 1782470169.4527218, "H/USDT": 1782470485.5698571}, "vals": {"G/USDT": 7.48, "UB/USDT": 20.27, "BAS/USDT": 3.73, "LAB/USDT": 3.36, "SLX/USDT": 8.24, "BEAT/USDT": 17.01, "SKYAI/USDT": 10.42}}