date,ts,exchange,coin,last,pct24h,rvol,vol_musd,news_tag,news_age_d,news_headline
2026-06-07,2026-06-07 09:07,binance,BLESS/USDT,0.006177,31.73,13.55,61.1,,,
2026-06-07,2026-06-07 09:07,binance,ASR/USDT,1.022,6.57,11.39,27.4,,,
2026-06-07,2026-06-07 09:07,binance,BANK/USDT,0.03355,21.65,8.79,33.9,,,
2026-06-07,2026-06-07 09:07,binance,ALLO/USDT,0.30104,8.7,8.7,1303.5,,,
2026-06-07,2026-06-07 09:07,binance,BLUAI/USDT,0.012986,-28.12,8.14,114.6,,,
2026-06-07,2026-06-07 09:07,binance,VELVET/USDT,0.19949,22.21,8.01,79.4,,,
2026-06-07,2026-06-07 09:07,binance,HEI/USDT,0.09911,-6.55,6.24,231.8,,,
2026-06-07,2026-06-07 09:07,binance,GWEI/USDT,0.13,24.8,4.93,54.4,,,
2026-06-07,2026-06-07 09:07,binance,CLO/USDT,0.24127,12.84,3.26,60.7,,,
2026-06-07,2026-06-07 09:07,binance,BABY/USDT,0.01639,6.57,3.07,64.3,,,
2026-06-07,2026-06-07 09:07,binance,SKYAI/USDT,0.28539,36.83,2.98,268.5,,,
2026-06-07,2026-06-07 09:07,binance,龙虾/USDT,0.011541,25.75,2.75,22.1,,,
2026-06-07,2026-06-07 09:07,binance,HOME/USDT,0.04828,14.44,2.68,161.7,,,
2026-06-07,2026-06-07 09:07,binance,币安人生/USDT,0.8568,26.53,2.52,142.4,,,
2026-06-07,2026-06-07 09:07,binance,OPN/USDT,0.1304,-45.1,2.42,150.9,,,
2026-06-07,2026-06-07 09:07,binance,PARTI/USDT,0.06012,23.27,2.35,24.1,,,
2026-06-07,2026-06-07 09:07,binance,LA/USDT,0.07654,9.3,2.04,13.8,,,
2026-06-10,2026-06-10 21:19,binance,HMSTR/USDT,0.000255,48.28,14.09,88.1,,,
2026-06-10,2026-06-10 21:19,binance,VELVET/USDT,0.79584,103.92,13.67,492.4,,,
2026-06-10,2026-06-10 21:19,binance,KAT/USDT,0.006729,13.88,13.33,89.4,,,
2026-06-10,2026-06-10 21:19,binance,STG/USDT,0.3785,18.88,12.76,422.5,,,
2026-06-10,2026-06-10 21:19,binance,FOLKS/USDT,2.144,18.19,9.3,54.3,,,
2026-06-10,2026-06-10 21:19,binance,MAGMA/USDT,0.54149,43.34,7.16,106.9,,,
2026-06-10,2026-06-10 21:19,binance,BIRB/USDT,0.07807,8.14,6.77,11.0,,,
2026-06-10,2026-06-10 21:19,binance,SOXL/USDT,177.87,-11.66,6.49,954.6,,,
2026-06-10,2026-06-10 21:19,binance,SENT/USDT,0.01486,-11.65,5.55,33.8,,,
2026-06-10,2026-06-10 21:19,binance,JCT/USDT,0.006975,6.31,4.79,53.7,,,
2026-06-10,2026-06-10 21:19,binance,ORCL/USDT,187.63,-9.37,4.68,39.6,,,
2026-06-10,2026-06-10 21:19,binance,UAI/USDT,0.3502,21.77,4.53,18.6,,,
2026-06-10,2026-06-10 21:19,binance,BEAT/USDT,7.4416,56.58,3.99,601.9,,,
2026-06-10,2026-06-10 20:34,binance,EVAA/USDT,0.3841,-11.5,3.45,10.7,,,
2026-06-10,2026-06-10 21:19,binance,MRVL/USDT,248.27,-7.32,2.95,480.6,,,
2026-06-10,2026-06-10 20:34,binance,SPK/USDT,0.02057,6.09,2.76,17.1,,,
2026-06-10,2026-06-10 20:34,binance,MANTRA/USDT,0.007567,5.76,2.5,14.1,,,
2026-06-10,2026-06-10 21:19,binance,POWER/USDT,0.08465,-5.12,2.42,20.0,,,
2026-06-10,2026-06-10 20:34,binance,MU/USDT,883.88,-5.72,2.33,972.0,,,
2026-06-10,2026-06-10 21:19,binance,MOVE/USDT,0.01229,-12.15,2.33,35.7,,,
2026-06-10,2026-06-10 21:19,binance,SAHARA/USDT,0.0162,-14.87,2.15,101.2,,,
2026-06-10,2026-06-10 21:19,binance,WLFI/USDT,0.05917,7.68,2.1,75.4,,,
2026-06-11,2026-06-11 22:53,gate,VELVET/USDT,1.57973,74.58,3218.03,42.2,,,
2026-06-11,2026-06-11 21:18,gate,HMSTR/USDT,0.000283,7.12,3050.53,26.7,,,
2026-06-11,2026-06-11 22:53,gate,AIO/USDT,0.19929,37.82,1230.61,13.1,,,
2026-06-11,2026-06-11 18:24,binance,AIO/USDT,0.2202,81.0,75.22,313.6,,,
2026-06-11,2026-06-11 20:11,bybit,AIO/USDT,0.20082,61.38,72.5,32.2,,,
2026-06-11,2026-06-11 22:53,gate,LAB/USDT,8.8525,13.04,54.88,44.0,,,
2026-06-11,2026-06-11 22:53,gate,BEAT/USDT,10.1,44.99,42.87,97.6,,,
2026-06-11,2026-06-11 18:24,binance,ASTR/USDT,0.006259,16.1,32.45,41.9,,,
2026-06-11,2026-06-11 22:53,gate,H/USDT,0.20192,109.44,22.76,42.9,,,
2026-06-11,2026-06-11 20:11,bybit,VELVET/USDT,1.43329,103.89,21.41,146.4,,,
2026-06-11,2026-06-11 18:24,binance,VELVET/USDT,1.14988,136.11,18.63,1317.3,,,
2026-06-11,2026-06-11 20:11,bybit,HMSTR/USDT,0.000301,17.72,16.99,48.3,,,
2026-06-11,2026-06-11 18:24,binance,HMSTR/USDT,0.000309,23.59,15.58,151.2,,,
2026-06-11,2026-06-11 20:11,bybit,SPACE/USDT,0.008363,29.78,11.76,17.1,,,
2026-06-11,2026-06-11 22:53,gate,ADA/USDT,0.1707,6.42,10.1,35.1,,,
2026-06-11,2026-06-11 18:24,binance,SXT/USDT,0.009018,12.98,10.03,33.4,,,
2026-06-11,2026-06-11 18:24,binance,FOLKS/USDT,2.329,-8.05,9.48,57.1,,,
2026-06-11,2026-06-11 18:24,binance,BRETT/USDT,0.00566,5.34,9.07,21.3,,,
2026-06-11,2026-06-11 18:24,binance,SPACE/USDT,0.008383,22.18,8.98,84.4,,,
2026-06-11,2026-06-11 22:53,gate,SKYAI/USDT,0.25827,49.34,8.86,13.9,,,
2026-06-11,2026-06-11 18:24,binance,DOOD/USDT,0.001547,8.26,7.14,12.0,,,
2026-06-11,2026-06-11 11:57,binance,BIRB/USDT,0.07942,9.45,6.7,13.1,,,
2026-06-11,2026-06-11 18:24,binance,ORCL/USDT,178.68,-12.77,6.67,64.9,,,
2026-06-11,2026-06-11 20:11,bybit,BRETT/USDT,0.005674,6.98,6.08,10.9,,,
2026-06-11,2026-06-11 20:11,bybit,STG/USDT,0.55715,46.08,5.9,54.4,,,
2026-06-11,2026-06-11 18:24,binance,STG/USDT,0.5198,32.1,5.74,279.3,,,
2026-06-11,2026-06-11 20:11,bybit,BEAT/USDT,9.7004,47.56,5.62,321.3,,,
2026-06-11,2026-06-11 18:24,binance,SOXL/USDT,210.68,13.85,5.05,884.5,,,
2026-06-11,2026-06-11 18:24,binance,KAT/USDT,0.007042,7.71,5.01,46.3,,,
2026-06-11,2026-06-11 18:24,binance,COLLECT/USDT,0.06275,37.94,4.97,33.9,,,
2026-06-11,2026-06-11 18:24,binance,BEAT/USDT,9.41,55.92,4.96,886.0,,,
2026-06-11,2026-06-11 20:11,bybit,SOXL/USDT,222.27,24.23,4.92,51.8,,,
2026-06-11,2026-06-11 18:24,binance,ID/USDT,0.0354,32.63,4.78,115.2,,,
2026-06-11,2026-06-11 20:11,bybit,ID/USDT,0.03514,33.36,4.52,33.1,,,
2026-06-11,2026-06-11 18:24,binance,CRV/USDT,0.2498,16.51,4.24,88.9,,,
2026-06-11,2026-06-11 20:11,bybit,SNDK/USDT,1872.04,14.18,4.21,27.7,,,
2026-06-11,2026-06-11 18:24,binance,MAGMA/USDT,0.3942,-28.74,4.08,76.0,,,
2026-06-11,2026-06-11 18:24,binance,HEMI/USDT,0.005965,18.1,3.95,15.5,,,
2026-06-11,2026-06-11 20:11,bybit,CRV/USDT,0.2485,17.88,3.6,34.1,,,
2026-06-11,2026-06-11 11:57,binance,FIGHT/USDT,0.004516,22.72,3.53,23.2,,,
2026-06-11,2026-06-11 18:24,binance,SNDK/USDT,1816.1,8.76,3.33,972.9,,,
2026-06-11,2026-06-11 18:24,binance,INX/USDT,0.008568,25.96,3.17,17.5,,,
2026-06-11,2026-06-11 11:57,binance,LITE/USDT,877.6,9.76,3.02,61.4,,,
2026-06-11,2026-06-11 18:24,binance,PYTH/USDT,0.03617,14.82,2.88,22.3,,,
2026-06-11,2026-06-11 18:24,binance,INTC/USDT,113.74,7.12,2.78,289.3,,,
2026-06-11,2026-06-11 18:24,binance,BANK/USDT,0.04636,22.71,2.72,19.1,,,
2026-06-11,2026-06-11 20:11,bybit,XAG/USDT,67.3,5.93,2.62,78.7,,,
2026-06-11,2026-06-11 18:24,binance,DRAM/USDT,62.92,8.28,2.59,96.1,,,
2026-06-11,2026-06-11 18:24,binance,CBRS/USDT,224.42,-6.02,2.33,88.7,,,
2026-06-11,2026-06-11 18:24,binance,H/USDT,0.19091,104.75,2.18,284.5,,,
2026-06-11,2026-06-11 11:57,binance,GALA/USDT,0.002697,6.98,2.15,24.1,,,
2026-06-11,2026-06-11 11:57,binance,COHR/USDT,365.87,6.48,2.13,12.1,,,
2026-06-11,2026-06-11 11:57,binance,HOOD/USDT,88.78,8.15,2.1,24.8,,,
2026-06-11,2026-06-11 20:11,bybit,GALA/USDT,0.00271,6.95,2.05,19.2,,,
2026-06-12,2026-06-12 22:43,gate,ESPORTS/USDT,0.2785,26.16,701.8,46.9,,,
2026-06-12,2026-06-12 22:43,gate,XPL/USDT,0.08318,10.16,40.81,10.8,,,
2026-06-12,2026-06-12 16:24,gate,BEAT/USDT,10.3289,21.37,39.26,102.3,,,
2026-06-12,2026-06-12 22:43,gate,LAB/USDT,9.80831,13.65,34.59,27.7,,,
2026-06-12,2026-06-12 22:43,gate,H/USDT,0.25703,17.18,24.05,49.5,,,
2026-06-12,2026-06-12 22:43,gate,SKYAI/USDT,0.31673,22.37,12.0,18.4,,,
2026-06-13,2026-06-13 22:52,gate,JCT/USDT,0.006608,50.39,26213.51,13.7,,,
2026-06-13,2026-06-13 22:52,gate,COAI/USDT,0.4263,15.22,715.83,30.1,,232.0,Coinpedia: ChainOpera AI (COAI) Price Surges 85%  But Is the Rally Built to Last?
2026-06-13,2026-06-13 21:03,gate,VELVET/USDT,0.45559,4.08,563.58,26.1,,98.0,CoinMarketCal: Velvet (VELVET) - Yield for Base - 07 March 2026
2026-06-13,2026-06-13 22:52,gate,RIF/USDT,0.12505,57.49,340.49,3.7,,8.0,Coindar: Rootstock to Join Meetup in Prague on June 12th
2026-06-13,2026-06-13 22:52,gate,BEAT/USDT,7.3708,5.03,32.65,97.1,,5.0,Coinpedia: Why Is Audiera (BEAT) Price Rising Today? Golden Cup-and-Handle Breakout Puts $5 Target in Focus
2026-06-13,2026-06-13 22:52,gate,XPL/USDT,0.08754,6.3,14.69,4.3,,6.0,"Binance News: Plasma-Linked Address Deposits 150 Million XPL to a CEX, On-Chain Data Show"
2026-06-13,2026-06-13 22:52,gate,H/USDT,0.28924,8.87,12.24,27.2,,1.0,Coinpedia: Humanity Price Surges Nearly 60%: Why Is the H Token Rising Today and Can It Rally Back to $1?
2026-06-13,2026-06-13 22:52,gate,SKYAI/USDT,0.35897,15.58,10.59,16.0,,,
2026-06-13,2026-06-13 22:52,gate,ENA/USDT,0.08453,7.94,8.0,7.5,,1.0,The Block: Ethena Labs to allocate $250 million to Securitizes Tokenized AAA CLO Fund as it deploys on Solana
2026-06-14,2026-06-14 14:02,gate,JCT/USDT,0.007165,3.56,9157.82,8.8,,,
2026-06-14,2026-06-14 13:21,gate,VELVET/USDT,0.41809,4.22,493.26,26.3,,98.0,CoinMarketCal: Velvet (VELVET) - Yield for Base - 07 March 2026
2026-06-14,2026-06-14 05:10,gate,SIREN/USDT,0.13223,10.46,465.48,27.7,Whale,0.0,Binance News: Lookonchain: SIREN Whale Realizes Over 7.5 Million USDT and Continues Selling
2026-06-14,2026-06-14 09:46,gate,COAI/USDT,0.4515,7.6,348.76,45.6,,232.0,Coinpedia: ChainOpera AI (COAI) Price Surges 85%  But Is the Rally Built to Last?
2026-06-14,2026-06-14 22:50,gate,ESPORTS/USDT,0.06403,3.46,180.62,17.1,,,
2026-06-14,2026-06-14 00:01,mexc,RIF/USDT,0.12258,21.01,100.08,12.7,,8.0,Coindar: Rootstock to Join Meetup in Prague on June 12th
2026-06-14,2026-06-14 17:07,gate,MEGA/USDT,0.06538,4.14,65.29,3.2,Airdrop,11.0,Binance News: Delphi Digital: Traditional Airdrops Conclude as Token Distribution Shifts
2026-06-14,2026-06-14 23:55,gate,H/USDT,0.39643,18.83,64.99,152.1,,,
2026-06-14,2026-06-14 23:55,gate,JELLYJELLY/USDT,0.07934,39.39,59.93,3.1,,,
2026-06-14,2026-06-14 23:55,gate,OPG/USDT,0.3111,74.97,54.25,7.2,,,
2026-06-14,2026-06-14 23:55,gate,EVAA/USDT,0.7088,81.6,43.48,12.8,,,
2026-06-14,2026-06-14 23:55,gate,BTW/USDT,0.095996,11.02,27.49,4.0,,,
2026-06-14,2026-06-14 00:15,gate,BEAT/USDT,8.0251,3.93,26.82,88.0,,5.0,Coinpedia: Why Is Audiera (BEAT) Price Rising Today? Golden Cup-and-Handle Breakout Puts $5 Target in Focus
2026-06-14,2026-06-14 23:55,gate,CLO/USDT,0.1904,36.26,22.89,4.2,,,
2026-06-14,2026-06-14 23:50,gate,TRADOOR/USDT,0.507,3.47,20.15,5.0,,,
2026-06-14,2026-06-14 23:55,gate,LAB/USDT,11.22313,18.5,16.5,12.4,,,
2026-06-14,2026-06-14 10:56,gate,XPL/USDT,0.09018,3.58,9.94,3.0,,7.0,"Binance News: Plasma-Linked Address Deposits 150 Million XPL to a CEX, On-Chain Data Show"
2026-06-14,2026-06-14 23:55,gate,ADA/USDT,0.183,6.58,7.45,25.8,,,
2026-06-14,2026-06-14 23:55,gate,SKYAI/USDT,0.382,7.18,6.35,9.3,,,
2026-06-14,2026-06-14 23:55,gate,XRP/USDT,1.1855,3.09,4.08,48.8,,,
2026-06-14,2026-06-14 00:01,mexc,BEAT/USDT,7.7622,4.36,2.55,150.1,,5.0,Coinpedia: Why Is Audiera (BEAT) Price Rising Today? Golden Cup-and-Handle Breakout Puts $5 Target in Focus
2026-06-15,2026-06-15 19:16,gate,PEPE/USDT,3e-06,4.01,10871584.55,34.2,,,
2026-06-15,2026-06-15 23:51,gate,ASTEROID/USDT,9.8e-05,64.93,52329.25,7.3,,,
2026-06-15,2026-06-15 07:46,gate,JCT/USDT,0.006718,10.69,2581.93,3.0,,,
2026-06-15,2026-06-15 23:21,gate,SIREN/USDT,0.05385,3.36,346.52,22.9,,,
2026-06-15,2026-06-15 18:56,gate,CHIP/USDT,0.0388,4.64,330.11,5.4,,,
2026-06-15,2026-06-15 03:06,gate,VELVET/USDT,0.37234,3.14,247.3,14.3,,99.0,CoinMarketCal: Velvet (VELVET) - Yield for Base - 07 March 2026
2026-06-15,2026-06-15 23:51,gate,EVAA/USDT,1.2841,80.17,109.05,83.1,,,
2026-06-15,2026-06-15 00:35,gate,COAI/USDT,0.3574,3.35,107.63,20.2,,233.0,Coinpedia: ChainOpera AI (COAI) Price Surges 85%  But Is the Rally Built to Last?
2026-06-15,2026-06-15 07:01,gate,JELLYJELLY/USDT,0.09239,18.45,81.1,4.7,,163.0,CoinMarketCal: Jelly-My-Jelly (JELLYJELLY) - Video Chats for UGC - 02 January 2026
2026-06-15,2026-06-15 01:31,gate,OPG/USDT,0.3363,10.44,59.12,9.4,Listing,23.0,CoinMarketCal: Genius & OpenGradient - Binance Listing - 22 May 2026
2026-06-15,2026-06-15 10:56,gate,H/USDT,0.41398,5.05,49.65,141.2,,,
2026-06-15,2026-06-15 23:51,gate,CLO/USDT,0.1997,4.54,31.77,6.2,,,
2026-06-15,2026-06-15 23:51,gate,ESPORTS/USDT,0.06283,5.42,30.26,3.0,,,
2026-06-15,2026-06-15 01:10,gate,LAB/USDT,11.55653,3.09,18.26,13.0,,,
2026-06-15,2026-06-15 05:51,gate,BEAT/USDT,5.733,4.49,16.31,56.6,,6.0,Coinpedia: Why Is Audiera (BEAT) Price Rising Today? Golden Cup-and-Handle Breakout Puts $5 Target in Focus
2026-06-15,2026-06-15 16:46,gate,ADA/USDT,0.1884,3.01,13.79,47.7,,,
2026-06-15,2026-06-15 23:51,gate,XRP/USDT,1.2393,4.55,12.09,137.7,,,
2026-06-15,2026-06-15 17:41,gate,WLFI/USDT,0.06167,3.09,10.11,3.4,,,
2026-06-15,2026-06-15 21:51,gate,ENA/USDT,0.08651,3.04,8.74,8.2,,,
2026-06-15,2026-06-15 14:56,gate,TRADOOR/USDT,0.563,11.71,7.89,3.0,,,
2026-06-15,2026-06-15 06:06,gate,SKYAI/USDT,0.39248,3.41,7.59,11.0,,,
2026-06-15,2026-06-15 23:51,gate,ZRO/USDT,1.12,16.91,7.37,4.1,,,
2026-06-15,2026-06-15 23:51,gate,XLM/USDT,0.21412,12.17,6.37,10.5,,,
2026-06-15,2026-06-15 23:51,gate,JTO/USDT,0.7188,28.79,3.93,7.1,,,
2026-06-15,2026-06-15 23:51,gate,BSB/USDT,0.37636,38.56,2.9,7.0,,,
2026-06-15,2026-06-15 22:10,gate,FARTCOIN/USDT,0.13291,4.54,2.74,21.8,,,
2026-06-16,2026-06-16 23:06,gate,ASTEROID/USDT,0.000113,17.31,32183.2,4.7,,,
2026-06-16,2026-06-16 23:06,gate,SPACE/USDT,0.007755,16.63,539.56,5.3,,,
2026-06-16,2026-06-16 23:06,gate,龙虾/USDT,0.017966,44.79,436.71,3.5,,,
2026-06-16,2026-06-16 08:06,gate,SIREN/USDT,0.0553,5.07,190.58,13.7,,0.0,"Invezz: SIREN coin price drops 98% from recent ATH, is it the end of the AI token?"
2026-06-16,2026-06-16 12:26,gate,CHIP/USDT,0.0378,3.0,180.24,3.2,,,
2026-06-16,2026-06-16 23:06,gate,BR/USDT,0.19311,72.47,97.13,3.9,,,
2026-06-16,2026-06-16 23:06,gate,VELVET/USDT,0.45181,21.88,80.01,4.7,,,
2026-06-16,2026-06-16 23:06,gate,LAB/USDT,13.16315,37.86,54.37,37.8,,,
2026-06-16,2026-06-16 23:06,gate,SPX/USDT,0.3907,15.15,52.47,3.1,,,
2026-06-16,2026-06-16 17:51,gate,OPG/USDT,0.1665,3.1,24.19,5.2,,,
2026-06-16,2026-06-16 00:40,gate,EVAA/USDT,1.3098,3.14,18.89,84.2,,,
2026-06-16,2026-06-16 23:06,gate,H/USDT,0.29349,13.46,15.96,49.3,,,
2026-06-16,2026-06-16 03:31,gate,BEAT/USDT,4.1124,3.22,10.05,36.0,,7.0,Coinpedia: Why Is Audiera (BEAT) Price Rising Today? Golden Cup-and-Handle Breakout Puts $5 Target in Focus
2026-06-16,2026-06-16 23:06,gate,SKYAI/USDT,0.44772,25.64,9.95,14.4,,,
2026-06-16,2026-06-16 23:06,gate,BSB/USDT,0.5437,50.19,9.68,23.4,,,
2026-06-16,2026-06-16 08:06,gate,WLFI/USDT,0.06208,3.73,9.5,3.1,,5.0,"ACCESS Newswire: AI Financial Provides Update on Removal of Going Concern, WLFI Holdings, and Financial Flexibility"
2026-06-16,2026-06-16 20:41,gate,ENA/USDT,0.0884,3.49,8.06,7.6,,,
2026-06-16,2026-06-16 00:01,mexc,VELVET/USDT,0.3784,17.26,5.97,10.1,,100.0,CoinMarketCal: Velvet (VELVET) - Yield for Base - 07 March 2026
2026-06-16,2026-06-16 23:01,gate,XLM/USDT,0.22033,3.17,5.87,9.8,,,
2026-06-16,2026-06-16 23:06,gate,JTO/USDT,0.802,10.09,5.47,11.1,,,
2026-06-16,2026-06-16 10:56,gate,ZRO/USDT,1.168,4.85,5.11,3.5,,,
2026-06-16,2026-06-16 23:06,gate,UNI/USDT,3.301,16.07,4.19,15.4,,,
2026-06-16,2026-06-16 19:51,gate,FARTCOIN/USDT,0.13602,5.88,2.08,17.5,,,
2026-06-17,2026-06-17 00:01,mexc,LUNC/USDT,7.5e-05,7.48,7217.33,3.4,,9.0,"Invezz: Humanity, LUNC, Audiera, Toncoin prices jump: is this a dead-cat bounce?"
2026-06-17,2026-06-17 23:46,gate,AGT/USDT,0.027739,109.07,1054.94,6.8,,,
2026-06-17,2026-06-17 19:51,gate,BLESS/USDT,0.007928,3.42,545.96,6.5,,,
2026-06-17,2026-06-17 10:46,gate,龙虾/USDT,0.019351,5.44,359.82,3.3,,,
2026-06-17,2026-06-17 05:55,gate,SPACE/USDT,0.008049,3.07,277.24,3.0,,210.0,CoinMarketCal: Spacecoin (SPACE) - CTC-1 Launch - 19 Nov 2025
2026-06-17,2026-06-17 23:46,gate,ESPORTS/USDT,0.18125,162.45,183.32,18.4,,,
2026-06-17,2026-06-17 00:01,mexc,BR/USDT,0.19211,5.54,144.49,8.5,,,
2026-06-17,2026-06-17 18:06,gate,BR/USDT,0.19797,3.58,112.86,6.2,,,
2026-06-17,2026-06-17 23:46,gate,SIREN/USDT,0.0479,4.18,104.72,7.8,,,
2026-06-17,2026-06-17 23:46,gate,SPX/USDT,0.4235,8.42,61.67,4.2,,,
2026-06-17,2026-06-17 07:46,gate,LAB/USDT,13.74659,3.3,58.53,40.6,,,
2026-06-17,2026-06-17 23:46,gate,ASTER/USDT,0.7125,7.77,58.18,18.9,,,
2026-06-17,2026-06-17 23:46,gate,XPL/USDT,0.11232,22.98,34.83,10.7,,,
2026-06-17,2026-06-17 18:01,gate,BTW/USDT,0.061063,3.19,28.54,3.4,,,
2026-06-17,2026-06-17 23:21,gate,CFX/USDT,0.05162,3.12,27.34,4.5,,,
2026-06-17,2026-06-17 00:01,mexc,BLESS/USDT,0.007684,23.53,23.67,3.6,Listing,267.0,CoinMarketCal: Bless (BLESS) - Bitget Listing - 23 Sep 2025
2026-06-17,2026-06-17 00:01,mexc,VELVET/USDT,0.455,17.78,16.6,30.1,,101.0,CoinMarketCal: Velvet (VELVET) - Yield for Base - 07 March 2026
2026-06-17,2026-06-17 03:46,gate,H/USDT,0.30047,3.79,16.12,53.2,,0.0,NewsBTC: Humanity Protocol Plans New H Token After $36 Million Key Compromise
2026-06-17,2026-06-17 23:46,gate,CLO/USDT,0.17569,23.15,15.95,3.5,,,
2026-06-17,2026-06-17 05:16,gate,BEAT/USDT,2.592,5.8,11.21,41.1,,8.0,Coinpedia: Why Is Audiera (BEAT) Price Rising Today? Golden Cup-and-Handle Breakout Puts $5 Target in Focus
2026-06-17,2026-06-17 04:05,gate,SKYAI/USDT,0.4692,4.95,10.41,15.4,,,
2026-06-17,2026-06-17 23:46,gate,ENA/USDT,0.09473,10.15,9.83,9.3,,,
2026-06-17,2026-06-17 11:01,gate,UNI/USDT,3.387,3.01,7.35,30.4,,,
2026-06-17,2026-06-17 23:46,gate,BSB/USDT,0.60539,12.78,6.77,16.3,,,
2026-06-17,2026-06-17 23:46,gate,XLM/USDT,0.22604,4.38,5.06,8.6,,,
2026-06-17,2026-06-17 07:16,gate,EVAA/USDT,0.7525,4.94,2.77,15.3,,,
2026-06-17,2026-06-17 00:01,mexc,H/USDT,0.28948,15.51,2.2,55.2,,0.0,NewsBTC: Humanity Protocol Plans New H Token After $36 Million Key Compromise
2026-06-18,2026-06-18 23:25,gate,ASTEROID/USDT,0.000155,67.97,43854.13,6.3,,,
2026-06-18,2026-06-18 22:25,gate,AGT/USDT,0.029044,3.45,516.65,4.7,,,
2026-06-18,2026-06-18 08:16,gate,ESPORTS/USDT,0.19282,3.62,408.59,45.7,,196.0,Coinpedia: Why Is Yooldo Games (ESPORTS) Token Falling Today?
2026-06-18,2026-06-18 14:31,gate,龙虾/USDT,0.011123,7.02,311.77,3.2,,,
2026-06-18,2026-06-18 12:46,gate,HOME/USDT,0.02982,4.45,155.75,5.8,,,
2026-06-18,2026-06-18 23:25,gate,VELVET/USDT,0.46578,36.85,117.65,7.2,,,
2026-06-18,2026-06-18 11:02,gate,SIREN/USDT,0.05022,3.85,100.01,7.6,,,
2026-06-18,2026-06-18 23:25,gate,LAB/USDT,17.40815,32.92,75.49,52.1,,,
2026-06-18,2026-06-18 23:25,gate,BTW/USDT,0.049655,3.34,32.2,3.6,,,
2026-06-18,2026-06-18 23:25,gate,CLO/USDT,0.20066,13.39,24.55,5.6,,,
2026-06-18,2026-06-18 05:01,gate,BEAT/USDT,1.9189,3.05,10.95,41.8,,9.0,Coinpedia: Why Is Audiera (BEAT) Price Rising Today? Golden Cup-and-Handle Breakout Puts $5 Target in Focus
2026-06-18,2026-06-18 02:31,gate,ENA/USDT,0.09787,3.05,10.63,10.1,,5.0,The Block: Ethena Labs to allocate $250 million to Securitizes Tokenized AAA CLO Fund as it deploys on Solana
2026-06-18,2026-06-18 23:25,gate,XLM/USDT,0.23556,4.46,6.85,11.8,,,
2026-06-18,2026-06-18 19:21,gate,H/USDT,0.23222,3.01,6.82,23.2,,,
2026-06-18,2026-06-18 20:01,gate,FOLKS/USDT,2.49,3.45,5.17,4.2,,,
2026-06-18,2026-06-18 21:31,gate,SKYAI/USDT,0.34739,3.0,4.4,6.6,,,
2026-06-18,2026-06-18 23:25,gate,BIO/USDT,0.03619,4.2,2.97,3.6,,,
2026-06-19,2026-06-19 00:01,mexc,FLOKI/USDT,2.7e-05,6.67,226260.69,6.6,,14.0,Coindar: FLOKI to Make Announcement on June 5th
2026-06-19,2026-06-19 00:01,mexc,ASTEROID/USDT,0.000184,108.75,40102.59,4.7,,,
2026-06-19,2026-06-19 04:45,gate,ESPORTS/USDT,0.04516,4.32,397.23,47.5,,197.0,Coinpedia: Why Is Yooldo Games (ESPORTS) Token Falling Today?
2026-06-19,2026-06-19 09:11,gate,VELVET/USDT,0.49808,3.02,149.23,9.4,,103.0,CoinMarketCal: Velvet (VELVET) - Yield for Base - 07 March 2026
2026-06-19,2026-06-19 23:31,gate,BTW/USDT,0.096023,85.98,93.21,10.0,,,
2026-06-19,2026-06-19 03:10,gate,LAB/USDT,18.3684,3.41,76.15,52.3,,,
2026-06-19,2026-06-19 23:31,gate,BASED/USDT,0.09844,3.21,49.8,5.6,,,
2026-06-19,2026-06-19 23:31,gate,BEL/USDT,0.11629,12.9,29.18,3.2,,,
2026-06-19,2026-06-19 00:01,mexc,VELVET/USDT,0.4832,7.73,19.06,37.9,,103.0,CoinMarketCal: Velvet (VELVET) - Yield for Base - 07 March 2026
2026-06-19,2026-06-19 00:01,mexc,SYN/USDT,0.13634,13.92,15.94,18.1,,0.0,Invezz: Why is Synapse (SYN) price skyrocketing?
2026-06-19,2026-06-19 23:31,gate,CLO/USDT,0.21841,9.22,14.7,3.6,,,
2026-06-19,2026-06-19 23:31,gate,BEAT/USDT,1.8238,10.1,12.13,47.5,,,
2026-06-19,2026-06-19 00:01,mexc,MYX/USDT,0.1355,5.12,9.72,3.3,,6.0,CoinMarketCal: MYX Finance (MYX) - MYX V2 - 12 June 2026
2026-06-19,2026-06-19 00:01,mexc,POL/USDT,0.07772,3.55,8.33,4.6,Partner,10.0,CoinMarketCal: Polygon (MATIC/POL) - AiFinPay Integration - Date (08 June 2026)
2026-06-19,2026-06-19 23:31,gate,BICO/USDT,0.03639,85.47,7.4,4.6,,,
2026-06-19,2026-06-19 00:01,mexc,ENA/USDT,0.09515,5.47,7.13,28.8,,0.0,Invezz: ENA price jumps 26% as Ethenas $250 million STAC plan fuels breakout buzz
2026-06-19,2026-06-19 00:01,mexc,SEI/USDT,0.05538,5.52,6.94,7.1,,38.0,Coinpedia: SEI Price Outlook: Can SEI Token Rally Another 50% After This Major Breakout?
2026-06-19,2026-06-19 00:01,mexc,VIRTUAL/USDT,0.599,4.77,4.8,3.2,,,
2026-06-19,2026-06-19 00:01,mexc,PENGU/USDT,0.006746,3.8,4.51,9.3,,,
2026-06-19,2026-06-19 18:46,gate,BSB/USDT,0.43028,8.33,4.26,9.2,,,
2026-06-19,2026-06-19 00:01,mexc,FET/USDT,0.197,3.73,3.99,9.7,,,
2026-06-19,2026-06-19 00:01,mexc,LAB/USDT,17.762,11.39,3.92,32.6,,,
2026-06-19,2026-06-19 23:31,gate,HEI/USDT,0.1084,17.09,3.85,7.2,,,
2026-06-19,2026-06-19 23:25,gate,SKYAI/USDT,0.35777,3.08,3.42,5.1,,,
2026-06-19,2026-06-19 20:01,gate,H/USDT,0.23256,3.53,3.31,11.5,,,
2026-06-19,2026-06-19 13:31,gate,FOLKS/USDT,2.326,3.65,3.3,3.1,,,
2026-06-19,2026-06-19 04:01,gate,BIO/USDT,0.0375,3.14,2.51,3.2,,37.0,CoinMarketCal: Bio Protocol (BIO) - AI Scientist Demo - 12 May 2026
2026-06-20,2026-06-20 07:21,gate,ASTEROID/USDT,0.000147,3.15,26582.95,4.8,,,
2026-06-20,2026-06-20 23:01,gate,BTW/USDT,0.137482,39.89,728.02,79.6,,,
2026-06-20,2026-06-20 08:31,gate,UB/USDT,0.08153,3.03,508.16,3.7,,,
2026-06-20,2026-06-20 17:45,gate,AGT/USDT,0.029401,3.49,388.27,4.4,,,
2026-06-20,2026-06-20 18:56,gate,BLESS/USDT,0.008128,5.26,201.81,3.0,,,
2026-06-20,2026-06-20 00:01,mexc,BTW/USDT,0.09921,31.31,149.82,9.5,,,
2026-06-20,2026-06-20 23:01,gate,BEL/USDT,0.15746,36.42,100.82,22.0,,,
2026-06-20,2026-06-20 00:01,mexc,BASED/USDT,0.0978,3.93,67.36,8.6,,,
2026-06-20,2026-06-20 16:35,gate,SIREN/USDT,0.04235,3.98,58.11,4.5,,,
2026-06-20,2026-06-20 23:01,gate,ESPORTS/USDT,0.03201,8.91,45.17,5.6,,,
2026-06-20,2026-06-20 00:31,gate,BASED/USDT,0.10265,4.77,42.52,5.4,,,
2026-06-20,2026-06-20 23:01,gate,LAB/USDT,13.22883,3.49,36.26,25.2,,,
2026-06-20,2026-06-20 23:01,gate,CLO/USDT,0.25972,19.2,23.71,6.1,,,
2026-06-20,2026-06-20 23:01,gate,GALA/USDT,0.002725,6.49,21.79,5.1,,,
2026-06-20,2026-06-20 00:01,mexc,BLESS/USDT,0.00777,19.44,19.67,4.8,Listing,270.0,CoinMarketCal: Bless (BLESS) - Bitget Listing - 23 Sep 2025
2026-06-20,2026-06-20 00:01,mexc,BICO/USDT,0.03519,29.37,19.34,12.1,,67.0,"FinanceWire: DatavaultAI (NASDAQ: DVLT)to List Meme Coin, RWA Token Portfolio onBiconomyExchange"
2026-06-20,2026-06-20 23:01,gate,BICO/USDT,0.06088,73.15,7.73,18.4,,,
2026-06-20,2026-06-20 06:20,gate,ENA/USDT,0.09067,3.14,7.58,7.4,,0.0,Coinpedia: Ethenas Network Activity Surges to Multi-Month Highs  But Why Is ENA Price Falling?
2026-06-20,2026-06-20 06:25,gate,BSB/USDT,0.41466,3.47,7.38,14.3,,,
2026-06-20,2026-06-20 00:01,mexc,SYN/USDT,0.13785,4.49,6.41,9.6,,1.0,Invezz: Why is Synapse (SYN) price skyrocketing?
2026-06-20,2026-06-20 18:43,gate,EIGEN/USDT,0.2553,3.03,6.31,5.1,,,
2026-06-20,2026-06-20 23:01,gate,SLX/USDT,0.20111,19.79,5.57,3.1,,,
2026-06-20,2026-06-20 20:20,gate,BEAT/USDT,1.9004,3.22,4.6,18.7,,,
2026-06-20,2026-06-20 23:01,gate,EPIC/USDT,0.4294,7.43,3.72,12.4,,,
2026-06-20,2026-06-20 10:01,gate,SKYAI/USDT,0.37282,5.04,3.13,4.5,,,
2026-06-20,2026-06-20 09:55,gate,HEI/USDT,0.1132,6.17,2.18,4.5,,,
2026-06-21,2026-06-21 23:55,gate,UB/USDT,0.11277,53.72,709.86,5.1,,,
2026-06-21,2026-06-21 23:55,gate,TNSR/USDT,0.04602,49.61,679.54,15.6,,,
2026-06-21,2026-06-21 03:15,gate,BTW/USDT,0.137358,3.14,605.71,90.6,,,
2026-06-21,2026-06-21 23:31,gate,RESOLV/USDT,0.02148,4.78,296.01,16.1,,,
2026-06-21,2026-06-21 23:55,gate,LAB/USDT,15.93996,18.52,67.19,47.0,,,
2026-06-21,2026-06-21 14:40,gate,SIREN/USDT,0.04098,5.48,39.14,3.1,,6.0,"Invezz: SIREN coin price drops 98% from recent ATH, is it the end of the AI token?"
2026-06-21,2026-06-21 22:25,gate,ESPORTS/USDT,0.03311,3.63,24.2,3.0,,,
2026-06-21,2026-06-21 01:01,gate,CLO/USDT,0.27468,3.32,22.63,6.3,,,
2026-06-21,2026-06-21 23:31,gate,WLFI/USDT,0.05966,3.04,15.73,4.8,,,
2026-06-21,2026-06-21 03:20,gate,SLX/USDT,0.2132,5.2,6.85,3.7,,,
2026-06-21,2026-06-21 15:45,gate,ENA/USDT,0.09227,3.3,5.16,5.1,,2.0,Coinpedia: Ethenas Network Activity Surges to Multi-Month Highs  But Why Is ENA Price Falling?
2026-06-21,2026-06-21 23:55,gate,BEL/USDT,0.16678,10.38,3.45,3.1,,,
2026-06-21,2026-06-21 05:10,gate,ALICE/USDT,0.1706,4.28,3.39,5.2,Airdrop,50.0,Coindar: My Neighbor Alice to Hold Airdrop
2026-06-21,2026-06-21 04:40,gate,EIGEN/USDT,0.264,4.85,3.1,3.0,Unlock,197.0,CoinMarketCal: EigenCloud (EIGEN) - 36.82MM Token Unlock - 01 Jan 2026
2026-06-21,2026-06-21 17:31,gate,EPIC/USDT,0.4431,3.07,2.66,10.0,Listing,304.0,CoinMarketCal: Epic Chain (EPIC) - Coins.ph Listing - 21 Aug 2025
2026-06-21,2026-06-21 23:55,gate,BEAT/USDT,1.7828,3.0,2.53,10.3,,,
2026-06-22,2026-06-22 15:36,gate,PEPE/USDT,3e-06,3.01,5334606.93,16.4,,,
2026-06-22,2026-06-22 14:06,gate,UB/USDT,0.11505,3.27,2289.08,15.7,,,
2026-06-22,2026-06-22 23:35,gate,BLESS/USDT,0.01079,31.38,266.72,4.2,,,
2026-06-22,2026-06-22 23:35,gate,BTW/USDT,0.099525,23.85,231.87,41.4,,,
2026-06-22,2026-06-22 00:01,mexc,UB/USDT,0.11268,9.93,153.23,6.8,,,
2026-06-22,2026-06-22 23:35,gate,RESOLV/USDT,0.02144,3.13,147.11,15.2,,,
2026-06-22,2026-06-22 17:26,gate,HMSTR/USDT,0.00019,3.04,145.03,3.8,,,
2026-06-22,2026-06-22 23:35,gate,LAB/USDT,17.00305,6.49,70.72,50.3,,,
2026-06-22,2026-06-22 00:01,mexc,STO/USDT,0.0526,9.88,65.8,4.9,,364.0,"CoinMarketCal: AgentiPy (APY), AlphaKEK.AI (AIKEK), and 33 others - IBW2025 - 26-27 Jun 2025"
2026-06-22,2026-06-22 05:40,gate,TNSR/USDT,0.04779,5.29,39.39,20.8,,276.0,Zawya: PRESSR: Tensor debuts the worlds first L4 personal robocar in Dubai
2026-06-22,2026-06-22 00:01,mexc,NAORIS/USDT,0.04131,30.76,31.34,3.2,,74.0,CoinMarketCal: Naoris Protocol - Expansion Plans - 08 April 2026
2026-06-22,2026-06-22 23:35,gate,CLO/USDT,0.23484,30.48,24.81,7.5,,,
2026-06-22,2026-06-22 23:35,gate,LAYER/USDT,0.07352,12.43,15.72,3.4,,,
2026-06-22,2026-06-22 23:35,gate,BEL/USDT,0.17988,6.93,12.16,12.2,,,
2026-06-22,2026-06-22 23:35,gate,ENA/USDT,0.09084,4.46,10.83,10.6,,,
2026-06-22,2026-06-22 14:06,gate,XRP/USDT,1.1585,3.04,7.41,77.4,,,
2026-06-22,2026-06-22 14:11,gate,ADA/USDT,0.1618,3.32,6.6,24.0,,,
2026-06-22,2026-06-22 13:46,gate,DOGE/USDT,0.08484,3.22,5.38,50.6,,,
2026-06-22,2026-06-22 00:01,mexc,LAB/USDT,15.874,13.71,5.02,40.9,,,
2026-06-22,2026-06-22 23:35,gate,ID/USDT,0.0375,21.63,4.17,5.4,,,
2026-06-22,2026-06-22 18:11,gate,RE/USDT,0.97399,7.67,3.83,10.4,,,
2026-06-22,2026-06-22 23:35,gate,ALLO/USDT,0.42342,11.44,2.97,66.4,,,
2026-06-22,2026-06-22 23:35,gate,EIGEN/USDT,0.2836,5.23,2.96,3.1,,,
2026-06-22,2026-06-22 06:16,gate,BEAT/USDT,1.8304,3.0,2.24,8.7,,13.0,Coinpedia: Why Is Audiera (BEAT) Price Rising Today? Golden Cup-and-Handle Breakout Puts $5 Target in Focus
2026-06-23,2026-06-23 02:05,gate,BLESS/USDT,0.011554,8.12,385.22,6.6,Listing,273.0,CoinMarketCal: Bless (BLESS) - Bitget Listing - 23 Sep 2025
2026-06-23,2026-06-23 00:01,mexc,UB/USDT,0.11022,4.18,321.98,15.6,,,
2026-06-23,2026-06-23 00:01,mexc,BTW/USDT,0.0945,3.18,268.02,31.0,,,
2026-06-23,2026-06-23 23:31,gate,RESOLV/USDT,0.02446,12.41,133.84,20.5,,,
2026-06-23,2026-06-23 05:50,gate,HMSTR/USDT,0.000175,4.43,118.79,3.2,,10.0,Invezz: Hamster Kombat (HMSTR) price jumps 47% in a day: Heres why the crypto is rising
2026-06-23,2026-06-23 23:31,gate,BTW/USDT,0.099595,5.76,106.85,20.3,,,
2026-06-23,2026-06-23 12:31,gate,MMT/USDT,0.2052,7.55,83.71,3.6,,231.0,CoinMarketCal: Momentum (MMT) - Launch - 04 Nov 2025
2026-06-23,2026-06-23 23:31,gate,ESPORTS/USDT,0.03258,27.71,70.81,8.9,,,
2026-06-23,2026-06-23 00:01,mexc,BLESS/USDT,0.010747,13.84,34.35,10.3,Listing,273.0,CoinMarketCal: Bless (BLESS) - Bitget Listing - 23 Sep 2025
2026-06-23,2026-06-23 00:01,mexc,NAORIS/USDT,0.03693,3.47,32.59,3.6,,75.0,CoinMarketCal: Naoris Protocol - Expansion Plans - 08 April 2026
2026-06-23,2026-06-23 11:56,gate,CLO/USDT,0.24689,3.09,29.87,9.8,,,
2026-06-23,2026-06-23 12:06,gate,LAYER/USDT,0.07699,5.47,10.24,3.2,,19.0,Binance News: Solayer Launches Multi-Asset Perpetual Contract Platform on Solana
2026-06-23,2026-06-23 00:01,mexc,SYN/USDT,0.28253,17.99,9.86,30.1,,4.0,Invezz: Why is Synapse (SYN) price skyrocketing?
2026-06-23,2026-06-23 08:25,gate,BEL/USDT,0.18755,4.09,9.63,13.1,Partner,5.0,Coindar: Bella Protocol Partners With Metopia
2026-06-23,2026-06-23 00:01,mexc,VELVET/USDT,0.5219,19.1,8.42,18.7,,107.0,CoinMarketCal: Velvet (VELVET) - Yield for Base - 07 March 2026
2026-06-23,2026-06-23 00:01,mexc,RE/USDT,0.8748,11.93,6.12,26.7,Listing,3.0,CoinMarketCal: RE - Bybit Listing - 19 June 2026
2026-06-23,2026-06-23 09:11,gate,FOLKS/USDT,2.933,3.53,5.46,6.0,Partner,173.0,"CoinMarketCal: FOLKS, GALGO - AEON Payments Partnership - 31 December 2025"
2026-06-23,2026-06-23 00:01,mexc,TNSR/USDT,0.04084,4.1,5.25,5.1,,277.0,Zawya: PRESSR: Tensor debuts the worlds first L4 personal robocar in Dubai
2026-06-23,2026-06-23 23:31,gate,BEAT/USDT,2.2264,32.75,5.21,19.3,,,
2026-06-23,2026-06-23 00:01,mexc,LAB/USDT,16.9,12.89,4.99,40.9,,,
2026-06-23,2026-06-23 08:21,gate,ID/USDT,0.03824,3.18,3.55,5.2,,38.0,Chainwire: Secure Blockchain Deepens Agentic AI Strategy Through Eliza Foundation Development Agreement
2026-06-23,2026-06-23 05:35,gate,H/USDT,0.12905,3.5,2.4,8.5,Unlock,1.0,"Binance News: Major Token Unlocks Scheduled Next Week for H, XPL, and SAHARA"
2026-06-24,2026-06-24 23:31,gate,BAS/USDT,0.039947,25.75,1399.22,6.6,,,
2026-06-24,2026-06-24 11:01,gate,G/USDT,0.003217,10.47,1143.54,3.2,Airdrop,314.0,CoinMarketCal: Gravity (by Galxe) (G) - Galactic G Airdrop - 13 Aug to 12 Nov 2025
2026-06-24,2026-06-24 13:11,gate,BLESS/USDT,0.008596,3.01,200.01,4.0,Listing,274.0,CoinMarketCal: Bless (BLESS) - Bitget Listing - 23 Sep 2025
2026-06-24,2026-06-24 00:01,mexc,UB/USDT,0.07765,7.31,124.1,5.9,,,
2026-06-24,2026-06-24 23:31,gate,SAHARA/USDT,0.01301,3.83,117.57,3.6,,,
2026-06-24,2026-06-24 15:41,gate,BTW/USDT,0.103997,4.18,111.65,21.4,,,
2026-06-24,2026-06-24 23:31,gate,LAB/USDT,16.07498,10.32,95.89,70.3,,,
2026-06-24,2026-06-24 00:55,gate,RESOLV/USDT,0.02507,3.51,93.32,20.4,Delisting,60.0,CoinMarketCal: Resolv (RESOLV) - Upbit Delisting - 26 May 2026
2026-06-24,2026-06-24 07:21,gate,ESPORTS/USDT,0.03398,3.28,72.08,9.3,,202.0,Coinpedia: Why Is Yooldo Games (ESPORTS) Token Falling Today?
2026-06-24,2026-06-24 01:05,mexc,CLO/USDT,0.21,3.34,30.46,5.3,,,
2026-06-24,2026-06-24 23:31,gate,SLX/USDT,0.31612,37.73,28.97,14.4,,,
2026-06-24,2026-06-24 23:31,gate,CLO/USDT,0.21808,3.21,28.27,10.1,,,
2026-06-24,2026-06-24 23:31,gate,O/USDT,0.811,46.71,22.92,7.6,,,
2026-06-24,2026-06-24 01:05,mexc,BASED/USDT,0.10047,6.18,21.21,3.1,,,
2026-06-24,2026-06-24 08:01,gate,BEAT/USDT,2.4833,5.43,10.23,37.3,,16.0,Coinpedia: Why Is Audiera (BEAT) Price Rising Today? Golden Cup-and-Handle Breakout Puts $5 Target in Focus
2026-06-24,2026-06-24 01:05,mexc,FARTCOIN/USDT,0.1301,3.49,8.35,10.3,,75.0,Cointelegraph: Trader loses $3M as leveraged Fartcoin position unwinds on Hyperliquid
2026-06-24,2026-06-24 01:05,mexc,SYN/USDT,0.288,5.8,4.16,15.1,,5.0,Invezz: Why is Synapse (SYN) price skyrocketing?
2026-06-24,2026-06-24 01:05,mexc,HEI/USDT,0.1411,59.79,3.38,8.9,,,
2026-06-24,2026-06-24 01:05,mexc,DYDX/USDT,0.1514,10.1,2.55,4.0,,53.0,CoinMarketCal: dYdX - Prop #382 Vote - 29 April02 May 2026
2026-06-24,2026-06-24 05:10,gate,H/USDT,0.10806,3.36,2.21,7.9,Unlock,2.0,"Binance News: Major Token Unlocks Scheduled Next Week for H, XPL, and SAHARA"
2026-06-24,2026-06-24 14:16,gate,BEL/USDT,0.14672,3.68,2.14,3.3,Partner,6.0,Coindar: Bella Protocol Partners With Metopia
2026-06-24,2026-06-24 22:10,gate,EVAA/USDT,0.8662,6.33,2.14,14.3,,,
2026-06-24,2026-06-24 23:31,gate,ID/USDT,0.03871,15.9,2.11,3.3,,,
2026-06-25,2026-06-25 22:31,gate,BAS/USDT,0.043694,9.25,1587.7,10.7,,,
2026-06-25,2026-06-25 11:58,gate,BLESS/USDT,0.008282,3.78,144.75,3.0,,,
2026-06-25,2026-06-25 01:20,gate,SAHARA/USDT,0.01354,3.04,117.95,3.7,Unlock,166.0,CoinMarketCal: Sahara AI (SAHARA) - 1.03B Token Unlock - 26 June 2026
2026-06-25,2026-06-25 00:01,mexc,UB/USDT,0.07359,14.48,105.45,4.8,,,
2026-06-25,2026-06-25 22:31,gate,SLX/USDT,0.39656,22.3,66.27,35.8,,,
2026-06-25,2026-06-25 22:25,gate,BTW/USDT,0.105256,4.1,61.62,11.9,,,
2026-06-25,2026-06-25 22:31,gate,LAB/USDT,17.56009,9.46,50.67,38.1,,,
2026-06-25,2026-06-25 00:01,mexc,SLX/USDT,0.328,20.81,49.48,9.9,,,
2026-06-25,2026-06-25 08:01,gate,ESPORTS/USDT,0.03315,9.37,41.91,5.1,,203.0,Coinpedia: Why Is Yooldo Games (ESPORTS) Token Falling Today?
2026-06-25,2026-06-25 22:31,gate,RESOLV/USDT,0.02222,5.01,31.77,7.5,,,
2026-06-25,2026-06-25 00:01,mexc,JUP/USDT,0.2178,3.27,30.66,9.3,,3.0,"Invezz: Top crypto price predictions: Aerodrome, Jupiter, Aster"
2026-06-25,2026-06-25 00:50,gate,CLO/USDT,0.24129,8.21,26.98,10.5,,,
2026-06-25,2026-06-25 00:01,mexc,ENA/USDT,0.08485,4.35,16.76,77.8,,2.0,Coinpedia: Ethena Price Surges While Most Altcoins Stall: Whats Driving ENA Higher?
2026-06-25,2026-06-25 00:01,mexc,CLO/USDT,0.2235,5.77,16.62,3.1,,,
2026-06-25,2026-06-25 22:31,gate,XPL/USDT,0.10212,10.98,12.25,4.2,,,
2026-06-25,2026-06-25 00:01,mexc,SEI/USDT,0.05538,5.7,11.5,11.5,,44.0,Coinpedia: SEI Price Outlook: Can SEI Token Rally Another 50% After This Major Breakout?
2026-06-25,2026-06-25 16:51,gate,WLFI/USDT,0.05924,3.08,10.16,3.1,,,
2026-06-25,2026-06-25 22:31,gate,SKYAI/USDT,0.29171,11.65,7.6,8.8,,,
2026-06-25,2026-06-25 16:46,gate,H/USDT,0.06659,3.72,7.53,27.0,,,
2026-06-25,2026-06-25 22:31,gate,BEAT/USDT,2.0225,18.82,6.46,24.0,,,
2026-06-25,2026-06-25 00:01,mexc,ONDO/USDT,0.3138,5.23,5.25,19.4,,0.0,Invezz: ONDO price outlook: Can $0.30 hold as RWA momentum builds?
2026-06-25,2026-06-25 22:31,gate,IP/USDT,0.3842,17.42,5.2,5.7,,,
2026-06-25,2026-06-25 00:01,mexc,FET/USDT,0.1734,3.7,3.54,8.5,,13.0,Coindar: Fetch.ai to Release Agent Execution Verification on June 12th
2026-06-25,2026-06-25 00:01,mexc,O/USDT,0.8192,20.34,2.18,10.4,,,
2026-06-25,2026-06-25 22:31,gate,BEL/USDT,0.15547,10.57,2.17,3.5,,,
2026-06-25,2026-06-25 10:46,gate,EVAA/USDT,0.9229,10.71,2.13,15.3,,,
2026-06-25,2026-06-25 22:31,gate,HEI/USDT,0.16472,44.38,2.13,5.0,,,
2026-06-25,2026-06-25 02:55,gate,ID/USDT,0.04152,9.52,2.04,3.4,,40.0,Chainwire: Secure Blockchain Deepens Agentic AI Strategy Through Eliza Foundation Development Agreement
2026-06-26,2026-06-26 13:56,gate,PUMP/USDT,0.001244,3.67,1564.74,3.3,,,
2026-06-26,2026-06-26 23:31,gate,UB/USDT,0.07782,11.62,1397.5,8.3,,,
2026-06-26,2026-06-26 10:55,gate,G/USDT,0.00405,5.14,1292.99,4.8,,,
2026-06-26,2026-06-26 00:05,mexc,BAS/USDT,0.045488,9.53,735.9,6.2,,,
2026-06-26,2026-06-26 23:15,gate,BAS/USDT,0.048799,7.16,553.96,5.5,,,
2026-06-26,2026-06-26 23:31,gate,MAGMA/USDT,0.48757,16.28,191.96,14.7,,,
2026-06-26,2026-06-26 23:31,gate,AGLD/USDT,0.2217,80.24,133.0,10.2,,,
2026-06-26,2026-06-26 23:31,gate,VELVET/USDT,0.68589,33.26,80.74,5.5,,,
2026-06-26,2026-06-26 23:31,gate,LAB/USDT,19.12701,7.01,42.32,32.3,,,
2026-06-26,2026-06-26 23:31,gate,ESPORTS/USDT,0.02978,5.12,34.75,3.9,,,
2026-06-26,2026-06-26 23:31,gate,SLX/USDT,0.41268,7.51,34.53,22.8,,,
2026-06-26,2026-06-26 01:05,gate,RESOLV/USDT,0.02324,3.75,27.97,7.1,Delisting,62.0,CoinMarketCal: Resolv (RESOLV) - Upbit Delisting - 26 May 2026
2026-06-26,2026-06-26 13:11,gate,BTW/USDT,0.09983,3.19,22.53,4.3,,,
2026-06-26,2026-06-26 00:01,mexc,M/USDT,0.995,11.12,15.44,25.0,,,
2026-06-26,2026-06-26 00:05,mexc,FARTCOIN/USDT,0.12056,5.39,9.09,11.4,,77.0,Cointelegraph: Trader loses $3M as leveraged Fartcoin position unwinds on Hyperliquid
2026-06-26,2026-06-26 23:31,gate,ADA/USDT,0.1482,3.13,8.16,30.4,,,
2026-06-26,2026-06-26 23:31,gate,BEAT/USDT,2.5957,24.01,8.0,30.3,,,
2026-06-26,2026-06-26 04:15,gate,IP/USDT,0.398,4.0,6.06,7.8,,51.0,GlobeNewswire: IP Strategy Publishes Monthly Validator Update
2026-06-26,2026-06-26 23:31,gate,SKYAI/USDT,0.37422,29.2,4.86,5.5,,,
2026-06-26,2026-06-26 14:06,gate,TNSR/USDT,0.04029,3.23,3.12,3.1,,,
2026-06-26,2026-06-26 14:06,gate,HEI/USDT,0.19027,5.28,2.79,7.2,,,
2026-06-26,2026-06-26 00:05,mexc,IP/USDT,0.3877,16.0,2.68,3.2,,51.0,GlobeNewswire: IP Strategy Publishes Monthly Validator Update
2026-06-26,2026-06-26 22:56,gate,H/USDT,0.06103,5.79,2.2,8.0,,,
2026-06-26,2026-06-26 23:31,gate,JTO/USDT,0.8175,17.12,2.12,5.4,,,
2026-06-26,2026-06-26 04:05,gate,BEL/USDT,0.16189,3.36,2.05,3.6,Partner,8.0,Coindar: Bella Protocol Partners With Metopia
2026-06-27,2026-06-27 22:10,gate,VELVET/USDT,1.41075,108.28,804.13,56.3,,,
2026-06-27,2026-06-27 14:20,gate,UB/USDT,0.08228,3.92,766.98,4.4,,,
2026-06-27,2026-06-27 07:20,gate,G/USDT,0.003457,3.29,701.4,3.8,Airdrop,317.0,CoinMarketCal: Gravity (by Galxe) (G) - Galactic G Airdrop - 13 Aug to 12 Nov 2025
2026-06-27,2026-06-27 00:10,gate,BAS/USDT,0.046952,3.18,504.77,5.6,,,
2026-06-27,2026-06-27 05:01,gate,MAGMA/USDT,0.5212,3.02,135.52,15.9,,,
2026-06-27,2026-06-27 00:08,mexc,PUMPFUN/USDT,0.001352,6.28,127.62,6.4,,,
2026-06-27,2026-06-27 00:08,mexc,UB/USDT,0.08009,6.29,106.1,4.5,,,
2026-06-27,2026-06-27 14:55,gate,AGLD/USDT,0.2273,5.67,75.7,34.5,Listing,590.0,Coindar: Adventure Gold to Be Listed on Upbit
2026-06-27,2026-06-27 22:10,gate,SLX/USDT,0.5324,26.96,47.09,34.2,,,
2026-06-27,2026-06-27 01:35,gate,LAB/USDT,20.06791,3.45,46.02,35.2,,,
2026-06-27,2026-06-27 14:31,gate,ESPORTS/USDT,0.03068,3.26,35.99,3.8,,206.0,Coinpedia: Why Is Yooldo Games (ESPORTS) Token Falling Today?
2026-06-27,2026-06-27 00:08,mexc,SLX/USDT,0.4236,7.34,30.37,10.2,,,
2026-06-27,2026-06-27 12:10,gate,M/USDT,0.8592,11.71,25.15,3.7,,,
2026-06-27,2026-06-27 00:08,mexc,VELVET/USDT,0.6956,10.13,11.69,27.9,,111.0,CoinMarketCal: Velvet (VELVET) - Yield for Base - 07 March 2026
2026-06-27,2026-06-27 00:08,mexc,WIF/USDT,0.1559,5.33,9.61,4.4,,51.0,Invezz: Why is Dogwifhat up 15% since Tuesday? Check forecast
2026-06-27,2026-06-27 00:08,mexc,FARTCOIN/USDT,0.13193,3.02,7.2,9.0,,78.0,Cointelegraph: Trader loses $3M as leveraged Fartcoin position unwinds on Hyperliquid
2026-06-27,2026-06-27 00:08,mexc,SKYAI/USDT,0.37228,6.37,3.98,4.1,,,
2026-06-27,2026-06-27 22:10,gate,WIF/USDT,0.1677,8.26,3.73,5.8,,,
2026-06-27,2026-06-27 22:10,gate,MYX/USDT,0.1066,34.43,3.11,7.8,,,
2026-06-27,2026-06-27 00:08,mexc,LAB/USDT,19.741,5.44,2.93,23.9,,,
2026-06-27,2026-06-27 11:01,gate,JTO/USDT,0.8268,3.18,2.26,6.1,,0.0,Invezz: Why is Jito price rising and how high can it climb?
2026-06-28,2026-06-28 13:55,gate,PUMP/USDT,0.001476,9.17,1486.15,3.1,,,
2026-06-28,2026-06-28 23:05,gate,ACT/USDT,0.01103,40.33,1484.53,20.2,,,
2026-06-28,2026-06-28 23:05,gate,UB/USDT,0.08461,12.48,700.69,3.7,,,
2026-06-28,2026-06-28 23:05,gate,VELVET/USDT,1.868,20.06,401.24,38.7,,,
2026-06-28,2026-06-28 07:25,gate,BAS/USDT,0.051384,12.54,339.35,4.0,,,
2026-06-28,2026-06-28 00:05,mexc,VELVET/USDT,1.5372,9.05,69.19,245.4,,0.0,Coinpedia: VELVET Price Explodes 250% After Traders Wrote It Off
2026-06-28,2026-06-28 23:05,gate,MANTA/USDT,0.08891,5.78,54.7,12.3,,,
2026-06-28,2026-06-28 23:05,gate,RAVE/USDT,0.3229,26.28,47.96,6.0,,,
2026-06-28,2026-06-28 00:05,mexc,SLX/USDT,0.5301,9.16,46.28,18.8,,,
2026-06-28,2026-06-28 04:05,gate,PIEVERSE/USDT,0.8686,7.74,44.54,3.9,Listing,68.0,CoinMarketCal: Pieverse (PIEVERSE) - Upbit Listing - 20 April 2026
2026-06-28,2026-06-28 00:05,mexc,MYX/USDT,0.1126,3.11,44.51,19.9,,0.0,Coinpedia: Why Is MYX Finance Price Rising Today? Is a Recovery Toward $0.19 Next?
2026-06-28,2026-06-28 21:20,gate,LAB/USDT,16.86131,3.55,41.94,33.0,,,
2026-06-28,2026-06-28 11:10,gate,BTW/USDT,0.066556,3.01,33.82,6.0,,,
2026-06-28,2026-06-28 15:25,gate,币安人生/USDT,0.72182,3.28,29.52,6.1,,,
2026-06-28,2026-06-28 23:05,gate,SLX/USDT,0.57849,8.83,22.99,19.3,,,
2026-06-28,2026-06-28 00:30,gate,M/USDT,0.7755,4.39,19.72,3.2,,,
2026-06-28,2026-06-28 23:05,gate,O/USDT,0.5122,19.51,18.03,7.7,,,
2026-06-28,2026-06-28 00:05,mexc,S/USDT,0.02188,6.52,5.88,4.5,,240.0,"CoinMarketCal: Aave (AAVE), Aptos (APT) and others - SmartCon - 04 Nov to 05 Nov 2025"
2026-06-28,2026-06-28 00:05,mexc,LAB/USDT,16.466,10.22,5.11,41.8,,,
2026-06-28,2026-06-28 23:05,gate,BEAT/USDT,2.6673,3.43,4.54,17.7,,,
2026-06-28,2026-06-28 02:05,gate,MYX/USDT,0.1169,4.66,2.89,8.0,,0.0,Coinpedia: Why Is MYX Finance Price Rising Today? Is a Recovery Toward $0.19 Next?
2026-06-28,2026-06-28 00:05,mexc,RE/USDT,0.6685,6.94,2.62,7.3,Listing,4.0,CoinMarketCal: RE - Bitrue Listing - 23 June 2026
2026-06-28,2026-06-28 19:01,gate,WIF/USDT,0.171,3.01,2.14,3.6,,,
2026-06-29,2026-06-29 23:45,gate,TAC/USDT,0.06026,171.69,1532.53,28.0,,,
2026-06-29,2026-06-29 16:31,gate,GWEI/USDT,0.175477,6.23,1397.96,7.5,,,
2026-06-29,2026-06-29 23:45,gate,UB/USDT,0.12263,44.07,1233.81,6.2,,,
2026-06-29,2026-06-29 00:25,mexc,BAS/USDT,0.047429,10.45,449.07,5.1,,,
2026-06-29,2026-06-29 03:20,gate,VELVET/USDT,2.03657,7.93,350.04,39.0,,1.0,Coinpedia: VELVET Price Explodes 250% After Traders Wrote It Off
2026-06-29,2026-06-29 23:45,gate,RAVE/USDT,0.3986,21.6,249.76,35.8,,,
2026-06-29,2026-06-29 23:45,gate,BAS/USDT,0.060237,29.1,232.14,3.1,,,
2026-06-29,2026-06-29 00:25,mexc,POWR/USDT,0.05644,11.56,200.67,6.5,,258.0,Coindar: Powerledger to Hold AMA on X on October 15th
2026-06-29,2026-06-29 23:45,gate,ACT/USDT,0.01238,12.55,136.74,10.2,,,
2026-06-29,2026-06-29 00:25,mexc,MAGIC/USDT,0.0456,4.89,133.76,3.1,,37.0,Coindar: Treasure to Host Community Call on May 26th
2026-06-29,2026-06-29 00:25,mexc,RAVE/USDT,0.3282,10.24,45.92,12.7,,,
2026-06-29,2026-06-29 00:01,mexc,VELVET/USDT,1.9097,6.35,42.95,185.5,,1.0,Coinpedia: VELVET Price Explodes 250% After Traders Wrote It Off
2026-06-29,2026-06-29 00:50,gate,BTW/USDT,0.058905,3.34,32.65,5.6,,,
2026-06-29,2026-06-29 03:15,gate,MANTA/USDT,0.0896,3.21,24.12,12.7,,53.0,CoinMarketCal: Manta Network - Staking Ends - 20 May 2026
2026-06-29,2026-06-29 02:31,gate,SKYAI/USDT,0.1417,3.82,21.66,25.1,,,
2026-06-29,2026-06-29 00:25,mexc,SLX/USDT,0.5702,5.59,21.65,9.6,,,
2026-06-29,2026-06-29 06:40,gate,SLX/USDT,0.65053,12.38,21.54,19.5,,,
2026-06-29,2026-06-29 22:35,gate,WLFI/USDT,0.0597,3.11,11.12,3.0,,,
2026-06-29,2026-06-29 18:41,gate,ENA/USDT,0.07924,3.16,11.0,10.6,,,
2026-06-29,2026-06-29 23:45,gate,O/USDT,0.535,9.12,9.83,4.5,,,
2026-06-29,2026-06-29 17:46,gate,ADA/USDT,0.1483,3.2,5.99,21.6,,,
2026-06-29,2026-06-29 23:45,gate,RE/USDT,0.77214,29.86,5.79,7.4,,,
2026-06-29,2026-06-29 22:45,gate,BEAT/USDT,2.8115,5.19,2.97,11.7,,,
2026-06-29,2026-06-29 23:45,gate,AGLD/USDT,0.21,22.16,2.16,3.5,,,
2026-06-29,2026-06-29 15:36,gate,WIF/USDT,0.1786,3.48,2.0,3.5,,,
2026-06-30,2026-06-30 22:20,gate,AIGENSYN/USDT,0.03409,11.15,4171.69,17.5,,,
2026-06-30,2026-06-30 17:01,gate,IN/USDT,0.15623,25.94,2984.51,20.4,,,
2026-06-30,2026-06-30 07:47,mexc,KAS/USDT,0.03006,7.28,1389.73,4.6,,69.0,Coinpedia: Top Altcoins April 2026: Analysts Flag Eight Names as Bitcoin Season Keeps Most Tokens Down
2026-06-30,2026-06-30 01:46,gate,GWEI/USDT,0.175086,4.88,1125.48,8.5,,,
2026-06-30,2026-06-30 04:10,gate,BAS/USDT,0.059045,3.59,300.28,4.4,,,
2026-06-30,2026-06-30 02:50,mexc,BAS/USDT,0.05512,7.77,277.85,3.4,,,
2026-06-30,2026-06-30 00:05,mexc,TAC/USDT,0.060944,3.82,199.72,52.4,,,
2026-06-30,2026-06-30 22:20,gate,TAC/USDT,0.062511,3.95,185.07,24.2,,,
2026-06-30,2026-06-30 07:47,mexc,AIGENSYN/USDT,0.03305,36.57,160.79,9.1,,,
2026-06-30,2026-06-30 00:01,mexc,PUMPFUN/USDT,0.001503,3.22,135.84,7.6,,,
2026-06-30,2026-06-30 00:05,mexc,UB/USDT,0.12406,14.24,117.43,4.1,,,
2026-06-30,2026-06-30 00:05,mexc,POWR/USDT,0.05272,3.21,90.74,4.2,,259.0,Coindar: Powerledger to Hold AMA on X on October 15th
2026-06-30,2026-06-30 02:10,gate,ACT/USDT,0.01321,4.43,80.51,8.7,,453.0,NewsBTC: ACT Memecoin Crashes 50% As Several Altcoins Suddenly Tank On Binance  Whats Going On?
2026-06-30,2026-06-30 22:20,gate,BTW/USDT,0.052249,4.12,78.72,13.2,,,
2026-06-30,2026-06-30 21:50,gate,VELVET/USDT,1.67039,3.77,77.28,9.5,,,
2026-06-30,2026-06-30 00:05,mexc,ACT/USDT,0.01302,8.5,51.97,3.8,,453.0,NewsBTC: ACT Memecoin Crashes 50% As Several Altcoins Suddenly Tank On Binance  Whats Going On?
2026-06-30,2026-06-30 07:47,mexc,BTW/USDT,0.07102,41.84,33.3,4.4,,,
2026-06-30,2026-06-30 01:05,gate,ESPORTS/USDT,0.0287,3.35,30.68,3.0,,208.0,Coinpedia: Why Is Yooldo Games (ESPORTS) Token Falling Today?
2026-06-30,2026-06-30 22:20,gate,M/USDT,0.7362,25.01,18.1,3.1,,,
2026-06-30,2026-06-30 16:41,gate,SLX/USDT,0.55723,3.27,15.43,14.6,,,
2026-06-30,2026-06-30 07:47,mexc,CAP/USDT,0.02475,4.43,11.08,3.3,,,
2026-06-30,2026-06-30 05:31,gate,O/USDT,0.5541,3.22,8.94,4.1,,,
2026-06-30,2026-06-30 07:47,mexc,MYX/USDT,0.098,6.75,7.23,3.3,,2.0,Coinpedia: Why Is MYX Finance Price Rising Today? Is a Recovery Toward $0.19 Next?
2026-06-30,2026-06-30 07:47,mexc,XLM/USDT,0.18132,4.38,6.09,40.8,,9.0,CoinMarketCal: Centrifuge [OLD] (CFG) - Centrifuge x Stellar - 20 June 2026
2026-06-30,2026-06-30 00:45,gate,RE/USDT,0.80627,3.56,6.05,7.5,Listing,0.0,CoinMarketCal: RE - XT.COM Listing - 29 June 2026
2026-06-30,2026-06-30 11:50,gate,BSB/USDT,0.24227,3.3,5.45,3.0,,,
2026-06-30,2026-06-30 22:20,gate,XLM/USDT,0.18569,6.17,4.71,5.2,,,
2026-06-30,2026-06-30 07:47,mexc,SYN/USDT,0.53436,22.49,3.75,25.6,,0.0,Stocktwits: Arthur Hayes Bets On The Underdog  Why He's Eyeing Synapse Over HYPE For 'Outsized Upside'
2026-06-30,2026-06-30 22:20,gate,H/USDT,0.0912,26.26,3.11,11.2,,,
2026-06-30,2026-06-30 22:20,gate,BEAT/USDT,2.9143,5.45,2.23,8.8,,,
2026-07-01,2026-07-01 00:01,mexc,BAS/USDT,0.044602,5.54,333.5,4.5,,,
2026-07-01,2026-07-01 19:36,gate,AIGENSYN/USDT,0.03669,5.04,329.7,3.2,,,
2026-07-01,2026-07-01 18:16,gate,BAS/USDT,0.046523,4.19,325.48,5.6,,,
2026-07-01,2026-07-01 23:01,gate,TAIKO/USDT,0.4056,416.69,293.78,53.0,,,
2026-07-01,2026-07-01 23:01,gate,NFP/USDT,0.02369,407.28,228.3,50.6,,,
2026-07-01,2026-07-01 00:01,mexc,AIGENSYN/USDT,0.03477,12.12,133.01,14.3,Listing,0.0,CoinMarketCal: Gensyn (AI) - Upbit Listing - 30 June 2026
2026-07-01,2026-07-01 00:31,gate,TAC/USDT,0.065229,4.15,105.45,21.9,,,
2026-07-01,2026-07-01 23:01,gate,BASED/USDT,0.12757,26.83,102.65,14.4,,,
2026-07-01,2026-07-01 23:01,gate,ZBT/USDT,0.14966,23.85,70.94,3.1,,,
2026-07-01,2026-07-01 23:01,gate,M/USDT,1.2572,70.51,64.62,11.6,,,
2026-07-01,2026-07-01 00:01,mexc,TAC/USDT,0.06256,6.14,63.97,22.1,,,
2026-07-01,2026-07-01 23:01,gate,BTW/USDT,0.067304,27.9,45.2,7.5,,,
2026-07-01,2026-07-01 04:31,gate,RAVE/USDT,0.3326,3.81,21.39,5.8,,,
2026-07-01,2026-07-01 23:01,gate,ADA/USDT,0.1551,7.56,11.5,41.3,,,
2026-07-01,2026-07-01 23:01,gate,XLM/USDT,0.1989,5.2,10.54,8.8,,,
2026-07-01,2026-07-01 00:01,mexc,XLM/USDT,0.19001,4.09,8.81,52.4,,10.0,CoinMarketCal: Centrifuge [OLD] (CFG) - Centrifuge x Stellar - 20 June 2026
2026-07-01,2026-07-01 22:25,gate,XRP/USDT,1.072,3.11,7.0,65.2,,,
2026-07-01,2026-07-01 22:35,gate,O/USDT,0.5979,18.12,6.78,3.0,,,
2026-07-01,2026-07-01 06:01,gate,BEAT/USDT,3.0182,3.86,4.95,19.6,,22.0,Coinpedia: Why Is Audiera (BEAT) Price Rising Today? Golden Cup-and-Handle Breakout Puts $5 Target in Focus
2026-07-01,2026-07-01 21:05,gate,SKYAI/USDT,0.10954,3.65,4.26,4.8,,,
2026-07-01,2026-07-01 23:01,gate,LIT/USDT,2.084,12.65,3.95,8.4,,,
2026-07-01,2026-07-01 04:55,gate,RE/USDT,0.66491,3.13,3.13,3.7,Listing,1.0,CoinMarketCal: RE - XT.COM Listing - 29 June 2026
2026-07-01,2026-07-01 17:56,gate,DYDX/USDT,0.18693,3.9,3.1,22.3,,,
2026-07-01,2026-07-01 03:55,gate,H/USDT,0.08748,3.44,3.09,10.8,,,
2026-07-02,2026-07-02 23:41,gate,PEPE/USDT,2e-06,5.38,8240421.34,24.5,,,
2026-07-02,2026-07-02 23:41,gate,BIRB/USDT,0.09173,67.54,956.75,16.6,,,
2026-07-02,2026-07-02 23:41,gate,UB/USDT,0.09184,4.59,697.98,3.4,,,
2026-07-02,2026-07-02 23:41,gate,BREV/USDT,0.0891,24.79,571.11,6.1,,,
2026-07-02,2026-07-02 10:56,gate,BAS/USDT,0.038973,4.13,391.29,7.2,,,
2026-07-02,2026-07-02 00:01,mexc,NOM/USDT,0.001959,21.3,134.07,5.8,,,
2026-07-02,2026-07-02 00:01,mexc,BASED/USDT,0.13111,13.07,83.7,19.3,,,
2026-07-02,2026-07-02 05:15,gate,BASED/USDT,0.13597,3.75,77.25,14.8,,,
2026-07-02,2026-07-02 23:41,gate,M/USDT,1.6367,27.38,67.57,15.3,,,
2026-07-02,2026-07-02 23:41,gate,TLM/USDT,0.00158,4.77,67.5,11.7,,,
2026-07-02,2026-07-02 00:50,gate,ZBT/USDT,0.15647,3.4,60.96,3.3,Listing,258.0,CoinMarketCal: ZEROBASE (ZBT) - Bitrue Listing - 17 Oct 2025
2026-07-02,2026-07-02 00:01,mexc,AIGENSYN/USDT,0.03545,3.53,49.19,6.2,Listing,1.0,CoinMarketCal: Gensyn (AI) - Upbit Listing - 30 June 2026
2026-07-02,2026-07-02 23:41,gate,LAB/USDT,11.0742,25.01,42.13,25.3,,,
2026-07-02,2026-07-02 11:41,gate,TAC/USDT,0.040774,3.24,40.04,9.4,,,
2026-07-02,2026-07-02 00:01,mexc,TLM/USDT,0.00151,67.22,17.47,6.4,,66.0,Coindar: Alien Worlds to Hold Live Stream on Twitch on April 27th
2026-07-02,2026-07-02 00:05,gate,NFP/USDT,0.02463,3.79,17.05,54.4,,,
2026-07-02,2026-07-02 23:41,gate,SLX/USDT,0.49997,3.31,16.43,14.8,,,
2026-07-02,2026-07-02 22:45,gate,O/USDT,0.5755,3.14,13.91,6.0,,,
2026-07-02,2026-07-02 00:01,mexc,SLX/USDT,0.4824,13.85,13.63,6.6,,,
2026-07-02,2026-07-02 00:01,mexc,TAIKO/USDT,0.4561,261.98,11.94,58.6,Hack,9.0,Invezz: TAIKO hits all-time low as Taiko bridge exploit drains $1.7M
2026-07-02,2026-07-02 23:41,gate,XRP/USDT,1.0859,3.17,8.62,78.4,,,
2026-07-02,2026-07-02 19:51,gate,DOGE/USDT,0.07437,3.01,7.86,70.4,,,
2026-07-02,2026-07-02 23:41,gate,ENA/USDT,0.07659,7.48,7.67,7.6,,,
2026-07-02,2026-07-02 23:41,gate,ADA/USDT,0.1625,5.66,7.05,25.6,,,
2026-07-02,2026-07-02 00:01,mexc,VELVET/USDT,1.5215,7.6,5.27,25.4,,1.0,Invezz: Is the VELVET price rally over after its 300% surge?
2026-07-02,2026-07-02 14:26,gate,LIT/USDT,2.14,3.43,4.56,10.8,,,
2026-07-02,2026-07-02 23:41,gate,BEAT/USDT,3.1597,9.39,3.13,12.8,,,
2026-07-02,2026-07-02 00:01,mexc,M/USDT,1.2834,6.94,2.96,8.5,,,
2026-07-02,2026-07-02 00:01,mexc,SYN/USDT,0.52404,12.55,2.47,25.1,,,
2026-07-02,2026-07-02 23:41,gate,GRAM/USDT,1.6672,6.99,2.44,4.2,,,
2026-07-02,2026-07-02 02:55,gate,H/USDT,0.07293,3.26,2.04,6.2,Hack,0.0,The Block: Crypto hack theft falls 7% in June to $76 million as Humanity Protocol tops list: PeckShield
2026-07-03,2026-07-03 23:51,gate,PEPE/USDT,3e-06,13.14,9634387.01,27.8,,,
2026-07-03,2026-07-03 23:51,gate,ARPA/USDT,0.010218,28.08,2132.25,13.9,,,
2026-07-03,2026-07-03 23:51,gate,ZKP/USDT,0.05996,28.95,742.71,5.9,,,
2026-07-03,2026-07-03 23:51,gate,UB/USDT,0.10411,14.07,698.78,3.2,,,
2026-07-03,2026-07-03 10:56,gate,US/USDT,0.018032,4.14,300.51,4.0,,,
2026-07-03,2026-07-03 00:20,gate,BIRB/USDT,0.09412,3.82,227.71,16.9,,,
2026-07-03,2026-07-03 00:15,gate,BREV/USDT,0.0937,4.58,225.3,6.6,,121.0,CoinMarketCal: Brevis & Railgun - Privacy Talk - 04 March 2026
2026-07-03,2026-07-03 23:51,gate,BAS/USDT,0.037372,23.19,203.05,4.0,,,
2026-07-03,2026-07-03 23:51,gate,HMSTR/USDT,0.000259,37.2,157.21,4.3,,,
2026-07-03,2026-07-03 05:41,gate,VELVET/USDT,0.48465,3.09,134.4,17.8,,2.0,Invezz: Is the VELVET price rally over after its 300% surge?
2026-07-03,2026-07-03 23:51,gate,MAGMA/USDT,0.7909,48.68,57.98,9.2,,,
2026-07-03,2026-07-03 11:11,gate,M/USDT,1.7297,7.84,53.78,15.0,,,
2026-07-03,2026-07-03 00:01,mexc,BASED/USDT,0.10125,9.21,50.56,14.1,,,
2026-07-03,2026-07-03 00:01,mexc,GUA/USDT,0.065,8.69,44.43,9.2,,,
2026-07-03,2026-07-03 23:51,gate,GUA/USDT,0.06816,5.49,39.1,4.3,,,
2026-07-03,2026-07-03 00:55,gate,BASED/USDT,0.10465,3.26,37.04,7.8,,,
2026-07-03,2026-07-03 23:51,gate,THE/USDT,0.0673,4.02,33.53,3.5,,,
2026-07-03,2026-07-03 23:51,gate,TLM/USDT,0.00253,57.24,32.61,18.1,,,
2026-07-03,2026-07-03 00:01,mexc,MAGMA/USDT,0.5334,16.69,31.85,5.0,,,
2026-07-03,2026-07-03 00:01,mexc,RIF/USDT,0.09901,6.07,27.11,5.5,,27.0,Coindar: Rootstock to Join Meetup in Prague on June 12th
2026-07-03,2026-07-03 08:06,gate,TAC/USDT,0.035826,3.24,16.93,4.3,,,
2026-07-03,2026-07-03 23:51,gate,XPL/USDT,0.10689,12.31,15.48,4.7,,,
2026-07-03,2026-07-03 00:01,mexc,PIPPIN/USDT,0.02082,14.08,14.05,5.8,,114.0,Coinpedia: Pippin Price Rally Today: Is the 14% Surge a Bull Trap?
2026-07-03,2026-07-03 23:51,gate,ADA/USDT,0.1798,11.4,13.94,49.5,,,
2026-07-03,2026-07-03 23:51,gate,PIPPIN/USDT,0.0234,9.86,12.67,3.0,,,
2026-07-03,2026-07-03 00:01,mexc,FARTCOIN/USDT,0.16058,6.1,12.26,15.3,,84.0,Cointelegraph: Trader loses $3M as leveraged Fartcoin position unwinds on Hyperliquid
2026-07-03,2026-07-03 00:01,mexc,TAIKO/USDT,0.1312,7.18,10.4,65.4,Hack,0.0,"Cointelegraph: Taiko reopens bridge after $1.7M exploit, says users made whole"
2026-07-03,2026-07-03 23:51,gate,XRP/USDT,1.134,4.3,10.31,91.1,,,
2026-07-03,2026-07-03 02:20,gate,TAIKO/USDT,0.1373,3.16,9.33,71.3,Hack,0.0,"Cointelegraph: Taiko reopens bridge after $1.7M exploit, says users made whole"
2026-07-03,2026-07-03 23:51,gate,DOGE/USDT,0.07748,4.48,7.54,65.1,,,
2026-07-03,2026-07-03 00:01,mexc,RAVE/USDT,0.2838,3.99,6.76,3.3,,,
2026-07-03,2026-07-03 01:31,gate,SKYAI/USDT,0.08214,3.42,6.65,6.9,,,
2026-07-03,2026-07-03 23:51,gate,ENA/USDT,0.07971,4.06,5.94,5.7,,,
2026-07-03,2026-07-03 21:55,gate,XLM/USDT,0.20531,3.1,4.77,3.0,,,
2026-07-03,2026-07-03 00:01,mexc,LAB/USDT,10.94,14.95,3.8,15.0,,,
2026-07-03,2026-07-03 04:51,gate,NFP/USDT,0.00781,5.97,2.14,7.8,,,
2026-07-04,2026-07-04 04:10,gate,PEPE/USDT,3e-06,3.21,11711577.85,33.7,,58.0,Binance News: Binance Launches May Flexible Loan Challenge with PEPE Rewards
2026-07-04,2026-07-04 00:05,mexc,PEPE/USDT,3e-06,8.79,8748187.96,177.6,,57.0,Binance News: Binance Launches May Flexible Loan Challenge with PEPE Rewards
2026-07-04,2026-07-04 00:05,mexc,NEX/USDT,3e-06,8.23,1119374.65,3.7,,,
2026-07-04,2026-07-04 00:05,mexc,FLOKI/USDT,2.4e-05,5.09,136168.97,3.4,,0.0,Coindar: FLOKI to Hold AMA on Telegram on July 6th
2026-07-04,2026-07-04 00:05,mexc,1000BONK/USDT,0.004959,10.0,9684.57,11.1,,,
2026-07-04,2026-07-04 23:51,gate,HMSTR/USDT,0.000336,30.43,1720.73,49.9,,,
2026-07-04,2026-07-04 23:51,gate,VANRY/USDT,0.004465,47.9,1660.75,8.4,,,
2026-07-04,2026-07-04 23:51,gate,LAB/USDT,15.46465,159.44,388.31,164.6,,,
2026-07-04,2026-07-04 00:05,mexc,BAS/USDT,0.035527,22.12,229.73,4.1,,,
2026-07-04,2026-07-04 23:51,gate,BAS/USDT,0.041041,15.93,185.56,3.9,,,
2026-07-04,2026-07-04 23:51,gate,VELVET/USDT,0.52428,14.98,82.82,11.1,,,
2026-07-04,2026-07-04 23:51,gate,ARPA/USDT,0.01053,3.56,81.99,4.0,,,
2026-07-04,2026-07-04 00:05,mexc,MAGMA/USDT,0.7969,42.2,68.99,13.6,,,
2026-07-04,2026-07-04 00:01,mexc,NOM/USDT,0.002214,5.78,62.53,4.0,,,
2026-07-04,2026-07-04 11:11,gate,M/USDT,1.5988,3.91,22.72,7.2,,,
2026-07-04,2026-07-04 00:05,mexc,BASED/USDT,0.09542,11.86,22.23,6.7,,,
2026-07-04,2026-07-04 00:05,mexc,ANSEM/USDT,0.3206,64.83,20.45,3.2,,,
2026-07-04,2026-07-04 18:01,gate,TLM/USDT,0.002708,8.76,19.83,25.7,,,
2026-07-04,2026-07-04 23:51,gate,MIRA/USDT,0.05263,11.5,19.24,4.2,,,
2026-07-04,2026-07-04 23:51,gate,ADA/USDT,0.1922,6.96,16.24,58.3,,,
2026-07-04,2026-07-04 00:05,mexc,TLM/USDT,0.002497,48.45,13.03,36.1,,,
2026-07-04,2026-07-04 20:11,gate,XRP/USDT,1.1682,3.01,12.0,105.4,,,
2026-07-04,2026-07-04 22:41,gate,TAC/USDT,0.03104,3.16,11.95,3.1,,,
2026-07-04,2026-07-04 16:45,gate,XPL/USDT,0.1146,7.4,10.38,3.0,,,
2026-07-04,2026-07-04 21:41,gate,XLM/USDT,0.2106,3.31,6.17,3.6,,,
2026-07-04,2026-07-04 00:05,mexc,VELVET/USDT,0.4569,12.45,4.94,25.0,,,
2026-07-04,2026-07-04 12:55,gate,BEAT/USDT,3.0223,13.76,2.0,8.2,,26.0,Coinpedia: Why Is Audiera (BEAT) Price Rising Today? Golden Cup-and-Handle Breakout Puts $5 Target in Focus
2026-07-05,2026-07-05 01:11,mexc,HMSTR/USDT,0.000345,6.21,1235.29,17.3,,22.0,Invezz: Hamster Kombat (HMSTR) price jumps 47% in a day: Heres why the crypto is rising
2026-07-05,2026-07-05 23:55,gate,VANRY/USDT,0.005638,26.33,767.25,24.7,,,
2026-07-05,2026-07-05 23:55,gate,UB/USDT,0.10399,17.52,748.29,3.3,,,
2026-07-05,2026-07-05 15:35,gate,HMSTR/USDT,0.000356,5.11,493.48,22.2,,23.0,Invezz: Hamster Kombat (HMSTR) price jumps 47% in a day: Heres why the crypto is rising
2026-07-05,2026-07-05 23:55,gate,CAP/USDT,0.02343,3.22,349.15,3.4,,,
2026-07-05,2026-07-05 23:55,gate,LAB/USDT,16.53312,6.52,180.37,82.1,,,
2026-07-05,2026-07-05 07:05,gate,BAS/USDT,0.04274,3.82,144.43,3.2,,,
2026-07-05,2026-07-05 00:31,gate,ARPA/USDT,0.011022,4.53,64.03,4.0,Partner,31.0,Coindar: ARPA Partners With Metopia
2026-07-05,2026-07-05 23:55,gate,NES/USDT,0.2705,14.52,44.42,7.1,,,
2026-07-05,2026-07-05 23:55,gate,BTW/USDT,0.076227,17.98,41.8,6.3,,,
2026-07-05,2026-07-05 01:11,mexc,MAGMA/USDT,0.5708,9.81,32.1,6.8,,,
2026-07-05,2026-07-05 22:01,gate,VELVET/USDT,0.55083,3.91,31.69,4.4,,,
2026-07-05,2026-07-05 00:05,mexc,ANSEM/USDT,0.3304,4.95,22.77,4.8,,,
2026-07-05,2026-07-05 21:55,gate,WLFI/USDT,0.05947,3.0,15.75,4.2,,,
2026-07-05,2026-07-05 19:01,gate,MIRA/USDT,0.05497,3.17,9.59,3.4,,,
2026-07-05,2026-07-05 16:25,gate,M/USDT,1.4416,3.27,9.52,3.1,,,
2026-07-05,2026-07-05 00:05,mexc,RAVE/USDT,0.2962,3.09,8.5,4.2,,,
2026-07-05,2026-07-05 23:55,gate,TLM/USDT,0.00343,41.5,8.01,15.3,,,
2026-07-05,2026-07-05 01:11,mexc,VELVET/USDT,0.5417,4.03,6.14,31.8,,4.0,Invezz: Is the VELVET price rally over after its 300% surge?
2026-07-05,2026-07-05 23:15,gate,ENA/USDT,0.08128,3.16,6.06,5.2,,,
2026-07-05,2026-07-05 23:55,gate,LIT/USDT,2.473,12.36,2.26,4.8,,,
2026-07-06,2026-07-06 09:21,gate,UB/USDT,0.10822,4.04,856.43,3.8,,,
2026-07-06,2026-07-06 23:15,gate,VANRY/USDT,0.007495,35.12,346.56,41.7,,,
2026-07-06,2026-07-06 23:15,gate,HMSTR/USDT,0.000392,26.09,323.23,16.2,,,
2026-07-06,2026-07-06 23:15,gate,US/USDT,0.023106,39.02,257.76,3.0,,,
2026-07-06,2026-07-06 11:05,gate,LAB/USDT,17.1002,3.1,135.07,62.2,,,
2026-07-06,2026-07-06 02:11,mexc,VANRY/USDT,0.005638,5.42,115.54,5.3,,335.0,CoinMarketCal: Vanar Chain (VANRY) - Neutron Personal Demo - 05 Aug 2025
2026-07-06,2026-07-06 12:25,gate,NES/USDT,0.2817,3.57,30.29,6.3,,,
2026-07-06,2026-07-06 08:21,gate,VELVET/USDT,0.5333,3.36,21.71,3.0,,6.0,Invezz: Is the VELVET price rally over after its 300% surge?
2026-07-06,2026-07-06 00:01,mexc,LAB/USDT,16.559,3.09,20.18,74.7,,,
2026-07-06,2026-07-06 23:15,gate,BLUR/USDT,0.02171,43.39,13.6,3.3,,,
2026-07-06,2026-07-06 11:51,gate,SLX/USDT,0.21814,4.01,10.73,9.3,,,
2026-07-06,2026-07-06 00:25,mexc,SKYAI/USDT,0.05622,3.0,10.06,9.3,,,
2026-07-06,2026-07-06 02:11,mexc,TLM/USDT,0.003262,6.67,7.58,43.8,,70.0,Coindar: Alien Worlds to Hold Live Stream on Twitch on April 27th
2026-07-06,2026-07-06 19:56,gate,TLM/USDT,0.003413,3.08,7.15,17.6,,,
2026-07-06,2026-07-06 01:11,gate,MIRA/USDT,0.05345,3.77,6.99,3.2,Listing,282.0,CoinMarketCal: Mira (MIRA) - Gate Listing - 26 Sep 2025
2026-07-06,2026-07-06 01:01,gate,SKYAI/USDT,0.05877,3.67,6.86,6.7,,,
2026-07-06,2026-07-06 23:15,gate,LIT/USDT,2.593,5.41,5.22,11.7,,,
2026-07-06,2026-07-06 00:25,mexc,VELVET/USDT,0.5221,7.03,3.25,17.0,,5.0,Invezz: Is the VELVET price rally over after its 300% surge?
2026-07-06,2026-07-06 23:15,gate,EPIC/USDT,0.4012,6.39,3.2,11.6,,,
2026-07-07,2026-07-07 00:01,mexc,TRIA/USDT,0.0329,9.81,654.89,5.0,,,
2026-07-07,2026-07-07 00:01,mexc,HMSTR/USDT,0.00039,11.47,296.51,5.3,,24.0,Invezz: Hamster Kombat (HMSTR) price jumps 47% in a day: Heres why the crypto is rising
2026-07-07,2026-07-07 06:25,gate,LAB/USDT,14.48867,3.2,211.01,97.8,,,
2026-07-07,2026-07-07 00:01,mexc,BILL/USDT,0.04277,3.7,164.46,3.7,,,
2026-07-07,2026-07-07 00:01,mexc,BLUR/USDT,0.02087,26.48,149.8,5.2,,457.0,The Block: Blurs decline fuels OpenSeas market share surge amid broader NFT struggles
2026-07-07,2026-07-07 13:01,gate,VANRY/USDT,0.00776,4.51,145.19,38.8,,336.0,CoinMarketCal: Vanar Chain (VANRY) - Neutron Personal Demo - 05 Aug 2025
2026-07-07,2026-07-07 00:01,mexc,US/USDT,0.023827,40.61,121.38,13.2,,,
2026-07-07,2026-07-07 23:11,gate,EDGEX/USDT,0.4016,28.14,87.42,4.4,,,
2026-07-07,2026-07-07 19:31,gate,BLUR/USDT,0.02175,3.47,50.23,17.9,,,
2026-07-07,2026-07-07 23:11,gate,OPG/USDT,0.1274,3.16,34.56,6.1,,,
2026-07-07,2026-07-07 14:51,gate,TAC/USDT,0.050923,56.95,29.23,7.8,,,
2026-07-07,2026-07-07 00:01,mexc,ANSEM/USDT,0.4288,18.38,20.49,5.4,,,
2026-07-07,2026-07-07 23:11,gate,NES/USDT,0.2806,11.26,13.46,3.0,,,
2026-07-07,2026-07-07 16:56,gate,WLFI/USDT,0.05988,3.03,12.98,3.5,,,
2026-07-07,2026-07-07 12:56,gate,M/USDT,1.4616,21.01,8.69,3.0,,,
2026-07-07,2026-07-07 07:41,gate,EPIC/USDT,0.4222,3.53,4.99,18.4,Listing,320.0,CoinMarketCal: Epic Chain (EPIC) - Coins.ph Listing - 21 Aug 2025
2026-07-07,2026-07-07 23:11,gate,EVAA/USDT,2.3444,134.07,4.41,34.4,,,
2026-07-07,2026-07-07 14:31,gate,TLM/USDT,0.003232,4.29,2.93,8.7,,,
2026-07-07,2026-07-07 13:51,gate,LIT/USDT,2.659,3.14,2.58,6.7,,,
2026-07-08,2026-07-08 01:35,gate,LAB/USDT,5.9489,3.48,415.91,209.4,,,
2026-07-08,2026-07-08 23:52,gate,EDGEX/USDT,0.4068,3.17,299.19,19.8,,,
2026-07-08,2026-07-08 00:55,gate,US/USDT,0.020083,3.12,236.51,3.2,,,
2026-07-08,2026-07-08 02:05,gate,TAC/USDT,0.004729,4.95,71.26,21.1,,,
2026-07-08,2026-07-08 13:47,gate,VELVET/USDT,0.43477,4.25,25.73,3.6,,,
2026-07-08,2026-07-08 23:52,gate,VANRY/USDT,0.00708,10.35,23.09,7.9,,,
2026-07-08,2026-07-08 00:11,gate,BLUR/USDT,0.02076,3.7,19.23,17.1,,458.0,The Block: Blurs decline fuels OpenSeas market share surge amid broader NFT struggles
2026-07-08,2026-07-08 23:52,gate,NES/USDT,0.2983,6.76,18.43,4.3,,,
2026-07-08,2026-07-08 15:36,gate,CLO/USDT,0.21294,5.83,13.88,4.7,,,
2026-07-08,2026-07-08 23:52,gate,KAITO/USDT,0.6572,8.2,13.36,6.7,,,
2026-07-08,2026-07-08 01:41,gate,SKYAI/USDT,0.0364,3.29,7.54,6.5,,,
2026-07-08,2026-07-08 23:52,gate,EVAA/USDT,2.7799,5.34,7.13,67.0,,,
2026-07-08,2026-07-08 23:21,gate,LDO/USDT,0.3211,3.05,6.22,3.9,,,
2026-07-08,2026-07-08 23:52,gate,SLX/USDT,0.19523,11.66,4.91,4.3,,,
2026-07-08,2026-07-08 01:15,gate,EPIC/USDT,0.3426,3.01,4.84,18.0,Listing,321.0,CoinMarketCal: Epic Chain (EPIC) - Coins.ph Listing - 21 Aug 2025
2026-07-08,2026-07-08 20:51,gate,UNI/USDT,3.289,3.07,2.11,12.5,,,
2026-07-08,2026-07-08 08:41,gate,TLM/USDT,0.002638,3.05,2.0,6.4,,72.0,Coindar: Alien Worlds to Hold Live Stream on Twitch on April 27th
2026-07-09,2026-07-09 23:11,gate,TAG/USDT,0.000848,28.74,358208.66,17.6,,,
2026-07-09,2026-07-09 00:11,mexc,TAG/USDT,0.000661,88.85,91674.95,4.1,,,
2026-07-09,2026-07-09 23:11,gate,US/USDT,0.027658,57.31,398.58,5.5,,,
2026-07-09,2026-07-09 02:25,gate,LAB/USDT,1.39059,10.71,378.87,206.2,,,
2026-07-09,2026-07-09 09:06,gate,POWER/USDT,0.09925,5.42,84.81,4.1,,,
2026-07-09,2026-07-09 23:11,gate,EDGEX/USDT,0.4437,9.1,61.41,7.5,,,
2026-07-09,2026-07-09 00:11,mexc,VANRY/USDT,0.007119,9.55,44.31,6.7,,338.0,CoinMarketCal: Vanar Chain (VANRY) - Neutron Personal Demo - 05 Aug 2025
2026-07-09,2026-07-09 23:11,gate,ESPORTS/USDT,0.02125,31.25,42.98,3.6,,,
2026-07-09,2026-07-09 16:51,gate,VANRY/USDT,0.007409,3.46,33.77,12.5,,,
2026-07-09,2026-07-09 23:11,gate,BASED/USDT,0.11051,26.86,17.76,3.9,,,
2026-07-09,2026-07-09 00:11,mexc,ANSEM/USDT,0.2999,9.13,17.59,5.8,,,
2026-07-09,2026-07-09 23:11,gate,TAC/USDT,0.00453,65.81,17.48,5.5,,,
2026-07-09,2026-07-09 23:11,gate,SKYAI/USDT,0.03814,9.98,17.21,14.7,,,
2026-07-09,2026-07-09 00:11,mexc,FET/USDT,0.16,3.15,15.04,17.2,Partner,6.0,Coindar: Fetch.ai to Become Official AI Partner of Goodwood FOS on July 9th
2026-07-09,2026-07-09 00:01,mexc,LAB/USDT,1.261,8.7,14.65,56.4,,,
2026-07-09,2026-07-09 00:11,mexc,OGN/USDT,0.01919,16.72,10.58,5.9,,3.0,Coindar: Origin Token to Host Community Call on July 6th
2026-07-09,2026-07-09 00:11,mexc,SKYAI/USDT,0.0336,5.49,10.24,8.0,,,
2026-07-09,2026-07-09 08:35,gate,CLO/USDT,0.20661,9.33,9.39,3.2,,,
2026-07-09,2026-07-09 00:11,mexc,KAITO/USDT,0.6659,3.75,8.16,3.4,,88.0,Coinpedia: Grayscale Is Accumulating These Altcoins in Q2 2026
2026-07-09,2026-07-09 00:11,mexc,RAVE/USDT,0.2777,7.26,7.43,3.7,,,
2026-07-09,2026-07-09 23:05,gate,ENA/USDT,0.07693,3.03,6.7,5.1,,,
2026-07-09,2026-07-09 01:05,gate,EVAA/USDT,2.8775,3.65,5.24,60.4,,,
2026-07-09,2026-07-09 20:20,gate,KAITO/USDT,0.6814,3.2,5.04,3.6,,,
2026-07-09,2026-07-09 00:11,mexc,APE/USDT,0.1618,6.58,3.62,6.0,,,
2026-07-09,2026-07-09 23:11,gate,ARB/USDT,0.08792,14.32,2.76,9.0,,,
2026-07-09,2026-07-09 00:11,mexc,UAI/USDT,0.4119,4.59,2.34,3.4,,,
2026-07-09,2026-07-09 10:16,gate,UNI/USDT,3.393,3.54,2.01,12.7,,0.0,CryptoProwl: Paradigm Raises $1.2B as Crypto VC Expands Into AI and Robotics
2026-07-10,2026-07-10 23:15,gate,PEPE/USDT,3e-06,7.37,11543793.28,26.9,,,
2026-07-10,2026-07-10 23:15,gate,TAG/USDT,0.000992,16.77,118450.76,13.1,,,
2026-07-10,2026-07-10 23:15,gate,SKL/USDT,0.00491,19.46,3063.67,24.1,,,
2026-07-10,2026-07-10 04:31,gate,US/USDT,0.028455,4.27,445.09,7.0,,,
2026-07-10,2026-07-10 16:11,gate,LAB/USDT,1.21012,6.26,109.17,62.7,,,
2026-07-10,2026-07-10 23:11,gate,VELVET/USDT,0.49755,3.03,96.45,13.2,,,
2026-07-10,2026-07-10 23:15,gate,B/USDT,0.2211,38.88,67.28,4.0,,,
2026-07-10,2026-07-10 06:21,gate,EDGEX/USDT,0.471,6.46,45.27,6.6,,0.0,Binance News: edgeX Announces Restructuring and Product Roadmap After EDGE Token Flash Crash in June
2026-07-10,2026-07-10 03:56,gate,VANRY/USDT,0.0074,3.87,29.3,12.0,,339.0,CoinMarketCal: Vanar Chain (VANRY) - Neutron Personal Demo - 05 Aug 2025
2026-07-10,2026-07-10 01:01,gate,TAC/USDT,0.005081,7.1,20.58,7.0,,,
2026-07-10,2026-07-10 15:56,gate,NES/USDT,0.3019,10.3,12.76,3.2,,,
2026-07-10,2026-07-10 23:15,gate,ENA/USDT,0.08131,6.43,9.23,6.7,,,
2026-07-10,2026-07-10 22:05,gate,SLX/USDT,0.17026,3.0,4.35,3.6,,,
2026-07-10,2026-07-10 23:15,gate,ARB/USDT,0.09254,5.77,4.13,14.1,,,
2026-07-10,2026-07-10 22:35,gate,SKYAI/USDT,0.03969,4.34,3.77,3.3,,,
2026-07-10,2026-07-10 23:15,gate,EVAA/USDT,2.4977,11.73,2.88,37.5,,,
2026-07-11,2026-07-11 23:25,gate,XPIN/USDT,0.001945,3.53,61101.65,13.3,,,
2026-07-11,2026-07-11 10:25,gate,TAG/USDT,0.001048,7.74,59757.9,9.2,,,
2026-07-11,2026-07-11 23:25,gate,T/USDT,0.004658,36.24,58337.85,9.3,,,
2026-07-11,2026-07-11 00:01,mexc,TRIA/USDT,0.0104,5.47,331.7,4.1,,,
2026-07-11,2026-07-11 10:15,gate,SKL/USDT,0.00503,3.71,306.66,24.4,,36.0,Coindar: SKALE to Hold Live Stream on X
2026-07-11,2026-07-11 06:21,gate,B/USDT,0.2526,12.57,137.41,9.7,,361.0,"CoinMarketCal: BNB, BUILDon and 6 others - USD1 Builders AMA - 14 Jul 2025"
2026-07-11,2026-07-11 00:01,mexc,B/USDT,0.2254,8.15,116.03,10.9,,361.0,"CoinMarketCal: BNB, BUILDon and 6 others - USD1 Builders AMA - 14 Jul 2025"
2026-07-11,2026-07-11 15:25,gate,HMSTR/USDT,0.000219,3.93,54.31,3.2,,29.0,Invezz: Hamster Kombat (HMSTR) price jumps 47% in a day: Heres why the crypto is rising
2026-07-11,2026-07-11 06:51,gate,VIRTUAL/USDT,0.6361,4.06,41.65,5.5,,8.0,CoinMarketCal: Virtuals Protocol - Robinhood x Virtual - 02 July 2026
2026-07-11,2026-07-11 00:01,mexc,VIRTUAL/USDT,0.6152,13.84,40.59,13.7,,8.0,CoinMarketCal: Virtuals Protocol - Robinhood x Virtual - 02 July 2026
2026-07-11,2026-07-11 00:01,mexc,US/USDT,0.024365,8.19,33.11,6.1,,,
2026-07-11,2026-07-11 00:01,mexc,ANSEM/USDT,0.2325,11.45,19.18,7.3,,,
2026-07-11,2026-07-11 00:01,mexc,TAC/USDT,0.003911,3.08,14.25,7.2,,,
2026-07-11,2026-07-11 23:25,gate,CLO/USDT,0.26009,27.43,13.4,4.6,,,
2026-07-11,2026-07-11 00:01,mexc,FARTCOIN/USDT,0.15115,3.67,9.47,12.0,,92.0,Cointelegraph: Trader loses $3M as leveraged Fartcoin position unwinds on Hyperliquid
2026-07-11,2026-07-11 20:15,gate,ENA/USDT,0.08362,3.22,8.99,6.5,,1.0,Binance News: Ethena Allows Registered Users to Mint and Redeem USDe With USDC for Free
2026-07-11,2026-07-11 20:15,gate,ADA/USDT,0.1716,3.0,7.04,21.8,,1.0,CryptoProwl: Weekly Wrap: Bitcoin Has A Winning Week
2026-07-11,2026-07-11 00:01,mexc,MMT/USDT,0.2036,15.35,5.62,3.2,,248.0,CoinMarketCal: Momentum (MMT) - Launch - 04 Nov 2025
2026-07-11,2026-07-11 14:55,gate,BEAT/USDT,2.7612,3.1,5.39,15.9,,33.0,Coinpedia: Why Is Audiera (BEAT) Price Rising Today? Golden Cup-and-Handle Breakout Puts $5 Target in Focus
2026-07-11,2026-07-11 14:55,gate,SKYAI/USDT,0.03904,4.16,4.01,3.4,,,
2026-07-11,2026-07-11 01:55,gate,EVAA/USDT,2.5821,5.13,2.62,37.5,,,
2026-07-11,2026-07-11 21:15,gate,ARB/USDT,0.09886,6.5,2.31,8.6,,,
2026-07-12,2026-07-12 20:51,gate,PEPE/USDT,3e-06,3.22,6918988.3,15.9,,,
2026-07-12,2026-07-12 16:41,gate,TAG/USDT,0.000963,3.0,18258.04,3.1,,,
2026-07-12,2026-07-12 08:35,gate,XPIN/USDT,0.002028,3.45,17087.4,11.3,Listing,324.0,CoinMarketCal: XPIN Network - Gate Listing - 22 Aug 2025
2026-07-12,2026-07-12 23:11,gate,T/USDT,0.005242,13.41,6387.75,21.9,,,
2026-07-12,2026-07-12 00:31,mexc,B/USDT,0.1172,3.53,203.5,49.6,,362.0,"CoinMarketCal: BNB, BUILDon and 6 others - USD1 Builders AMA - 14 Jul 2025"
2026-07-12,2026-07-12 11:31,gate,B/USDT,0.1225,4.52,146.54,20.3,,363.0,"CoinMarketCal: BNB, BUILDon and 6 others - USD1 Builders AMA - 14 Jul 2025"
2026-07-12,2026-07-12 01:45,gate,SKL/USDT,0.00479,3.01,92.57,10.8,,37.0,Coindar: SKALE to Hold Live Stream on X
2026-07-12,2026-07-12 23:11,gate,VELVET/USDT,0.47821,9.1,41.56,4.7,,,
2026-07-12,2026-07-12 04:15,gate,VIRTUAL/USDT,0.6109,3.19,26.19,3.9,Partner,0.0,Coinpedia: Virtuals Protocol price Jumps 20% as Robinhood Chain Integration Fuels AI Trading Narrative
2026-07-12,2026-07-12 01:21,mexc,SXT/USDT,0.008752,18.55,20.9,12.7,Partner,95.0,CoinMarketCal: Space and Time (SXT) - Microsoft Cloud Partner - 07 April 2026
2026-07-12,2026-07-12 23:11,gate,VANRY/USDT,0.006137,8.7,15.48,6.7,,,
2026-07-12,2026-07-12 23:11,gate,CLO/USDT,0.2702,4.2,8.94,3.1,,,
2026-07-12,2026-07-12 09:51,gate,ENA/USDT,0.08234,3.0,8.29,5.8,,2.0,Binance News: Ethena Allows Registered Users to Mint and Redeem USDe With USDC for Free
2026-07-12,2026-07-12 23:11,gate,BEAT/USDT,2.5494,8.49,5.62,15.0,,,
2026-07-12,2026-07-12 09:55,gate,SKYAI/USDT,0.03599,3.96,3.87,3.1,,,
2026-07-12,2026-07-12 08:01,gate,ARB/USDT,0.09822,3.48,2.5,9.6,,2.0,Binance News: Arbitrum Jumps 19% Benefitting From Robinhood's $568 Million Onchain Trading Frenzy
2026-07-13,2026-07-13 20:32,gate,JCT/USDT,0.004316,21.0,4564.14,4.4,,,
2026-07-13,2026-07-13 03:05,gate,T/USDT,0.005443,3.44,1818.06,19.6,,80.0,Coindar: Threshold Network Introduced Verifiable Bitcoin Accounts on April 23rd
2026-07-13,2026-07-13 00:05,mexc,T/USDT,0.005361,3.89,1610.94,21.2,,80.0,Coindar: Threshold Network Introduced Verifiable Bitcoin Accounts on April 23rd
2026-07-13,2026-07-13 20:32,gate,BILL/USDT,0.05834,17.72,1052.49,5.8,,,
2026-07-13,2026-07-13 19:21,gate,US/USDT,0.024725,5.73,217.86,3.0,,,
2026-07-13,2026-07-13 00:05,mexc,DODO/USDT,0.02233,36.99,134.66,3.9,,41.0,Coindar: DODO Becomes ENI Super Node
2026-07-13,2026-07-13 20:32,gate,VELVET/USDT,0.59803,23.25,96.35,9.9,,,
2026-07-13,2026-07-13 05:31,gate,LAB/USDT,0.42022,3.57,81.68,48.0,,,
2026-07-13,2026-07-13 17:02,gate,B/USDT,0.1143,5.54,33.17,5.4,,,
2026-07-13,2026-07-13 00:05,mexc,PIPPIN/USDT,0.01678,3.38,26.84,7.5,,124.0,Coinpedia: Pippin Price Rally Today: Is the 14% Surge a Bull Trap?
2026-07-13,2026-07-13 16:52,gate,MAGMA/USDT,0.34362,6.83,16.92,3.7,,,
2026-07-13,2026-07-13 00:05,mexc,ANSEM/USDT,0.2706,12.51,10.16,4.1,,,
2026-07-13,2026-07-13 01:01,gate,EVAA/USDT,1.2118,6.21,3.83,74.4,,,
2026-07-13,2026-07-13 20:02,gate,BEAT/USDT,2.6762,4.94,2.38,5.6,,,
2026-07-14,2026-07-14 23:31,gate,PEPE/USDT,3e-06,3.15,8353511.07,19.0,,,
2026-07-14,2026-07-14 11:41,gate,BILL/USDT,0.06651,11.09,1418.37,10.5,,,
2026-07-14,2026-07-14 23:31,gate,TRIA/USDT,0.0095,17.28,693.32,4.2,,,
2026-07-14,2026-07-14 03:34,gate,T/USDT,0.004937,4.16,369.82,4.7,,0.0,CoinMarketCal: Ondo: rebrands Global Markets as Ondo Stocks - 13 Jul 2026
2026-07-14,2026-07-14 23:21,gate,LAB/USDT,0.26311,3.75,122.48,73.8,,,
2026-07-14,2026-07-14 00:31,mexc,AIOT/USDT,0.03746,21.7,92.19,5.6,,291.0,CoinMarketCal: OKZOO (AIOT) - HealthFi AMA Event - 26 Sep 2025
2026-07-14,2026-07-14 09:05,gate,VELVET/USDT,0.62285,3.51,90.26,8.9,,14.0,Invezz: Is the VELVET price rally over after its 300% surge?
2026-07-14,2026-07-14 07:05,gate,ZBT/USDT,0.14353,3.24,65.17,3.2,,252.0,CoinMarketCal: ZEROBASE (ZBT) - ZBT Claim & AMA - 04 Nov 2025
2026-07-14,2026-07-14 13:51,gate,B/USDT,0.1164,7.68,17.33,3.1,,365.0,"CoinMarketCal: BNB, BUILDon and 6 others - USD1 Builders AMA - 14 Jul 2025"
2026-07-14,2026-07-14 23:31,gate,BSB/USDT,0.15269,28.51,13.26,5.0,,,
2026-07-14,2026-07-14 23:31,gate,XRP/USDT,1.11,4.05,10.18,77.9,,,
2026-07-14,2026-07-14 00:31,mexc,ANSEM/USDT,0.2927,5.59,10.1,4.1,,,
2026-07-14,2026-07-14 23:31,gate,ADA/USDT,0.1645,4.51,10.09,30.3,,,
2026-07-14,2026-07-14 23:31,gate,ENA/USDT,0.08392,6.9,9.78,6.7,,,
2026-07-14,2026-07-14 23:31,gate,DOGE/USDT,0.07422,3.17,8.44,54.2,,,
2026-07-14,2026-07-14 00:31,mexc,VELVET/USDT,0.6028,6.74,7.32,31.0,,13.0,Invezz: Is the VELVET price rally over after its 300% surge?
2026-07-14,2026-07-14 00:31,mexc,ALLO/USDT,0.46658,8.72,4.01,50.5,,20.0,CoinMarketCal: Allora (ALLO) - Allora & Quack AI - Date (23 June 2026)
2026-07-14,2026-07-14 16:06,gate,PI/USDT,0.0806,4.27,3.59,8.4,,,
2026-07-14,2026-07-14 00:31,mexc,DEXE/USDT,41.73,3.62,3.47,10.5,,0.0,Coinpedia: Top AI Crypto Coins To Watch This Week
2026-07-14,2026-07-14 23:31,gate,KAITO/USDT,0.7755,19.53,2.92,3.2,,,
2026-07-15,2026-07-15 13:36,gate,PEPE/USDT,3e-06,4.12,13326674.94,30.4,,4.0,Coinpedia: PEPE Price Eyes a 13% Rally as Bulls Challenge a Crucial Resistance Zone
2026-07-15,2026-07-15 21:25,gate,AKE/USDT,0.00071,274.29,203549.59,88.3,,,
2026-07-15,2026-07-15 21:25,gate,PUMP/USDT,0.001649,8.99,3038.38,5.4,,,
2026-07-15,2026-07-15 21:25,gate,US/USDT,0.03509,29.98,551.79,8.5,,,
2026-07-15,2026-07-15 01:05,mexc,TRIA/USDT,0.00948,4.06,440.0,6.9,,,
2026-07-15,2026-07-15 01:11,mexc,PUMPFUN/USDT,0.001515,3.69,132.96,8.2,,,
2026-07-15,2026-07-15 00:45,gate,LAB/USDT,0.26373,5.45,120.63,74.6,,,
2026-07-15,2026-07-15 01:11,mexc,DODO/USDT,0.02653,36.12,60.71,5.5,,43.0,Coindar: DODO Becomes ENI Super Node
2026-07-15,2026-07-15 21:25,gate,RAVE/USDT,0.2823,12.34,13.53,3.4,,,
2026-07-15,2026-07-15 16:11,gate,BSB/USDT,0.15678,4.32,13.23,5.1,,,
2026-07-15,2026-07-15 01:11,mexc,VELVET/USDT,0.5911,11.44,7.62,32.2,,14.0,Invezz: Is the VELVET price rally over after its 300% surge?
2026-07-15,2026-07-15 21:21,gate,VANRY/USDT,0.005553,3.25,7.26,3.4,,,
2026-07-15,2026-07-15 12:01,gate,KAITO/USDT,0.8061,3.64,4.42,5.0,,95.0,Coinpedia: Grayscale Is Accumulating These Altcoins in Q2 2026
2026-07-15,2026-07-15 21:25,gate,BEAT/USDT,2.6364,5.04,2.34,4.4,,,
2026-07-15,2026-07-15 14:46,gate,PI/USDT,0.0814,3.17,2.05,5.2,,,
2026-07-16,2026-07-16 23:40,gate,AKE/USDT,0.001009,48.94,22292.09,86.6,,,
2026-07-16,2026-07-16 21:58,gate,PUMP/USDT,0.001739,3.02,2059.78,4.0,,,
2026-07-16,2026-07-16 23:40,gate,BANK/USDT,0.06133,19.97,1820.48,5.5,,,
2026-07-16,2026-07-16 23:40,gate,US/USDT,0.042515,20.27,1133.82,20.7,,,
2026-07-16,2026-07-16 23:40,gate,ESPORTS/USDT,0.02263,49.47,226.32,9.7,,,
2026-07-16,2026-07-16 00:01,mexc,ROAM/USDT,0.008451,17.73,106.32,5.6,,453.0,CoinMarketCal: BNB (BNB) - TOKEN2049 Keynote - From 30 Apr to 01 May 2025
2026-07-16,2026-07-16 00:05,gate,LAB/USDT,0.25563,5.43,63.84,40.2,,,
2026-07-16,2026-07-16 23:40,gate,FLOCK/USDT,0.03672,3.52,34.7,3.3,,,
2026-07-16,2026-07-16 02:45,gate,VELVET/USDT,0.5226,3.05,31.08,3.0,,15.0,Invezz: Is the VELVET price rally over after its 300% surge?
2026-07-16,2026-07-16 05:11,gate,SKL/USDT,0.00482,3.88,22.26,3.0,,41.0,Coindar: SKALE to Hold Live Stream on X
2026-07-16,2026-07-16 00:01,mexc,ONDO/USDT,0.3682,10.5,20.56,39.6,Partner,0.0,Coinpedia: ONDO Price Rises 5% as DTCC Tokenization Partnership Expands Tokenized Stocks
2026-07-16,2026-07-16 23:40,gate,RAVE/USDT,0.3256,14.09,20.01,5.1,,,
2026-07-16,2026-07-16 15:51,gate,ENA/USDT,0.08595,3.05,10.84,7.4,,,
2026-07-16,2026-07-16 03:41,gate,VANRY/USDT,0.005694,3.83,7.26,3.5,,345.0,CoinMarketCal: Vanar Chain (VANRY) - Neutron Personal Demo - 05 Aug 2025
2026-07-16,2026-07-16 20:01,gate,ONDO/USDT,0.3759,3.04,5.55,11.9,,,
2026-07-16,2026-07-16 23:40,gate,KAITO/USDT,0.8545,11.9,5.17,6.9,,,
2026-07-16,2026-07-16 00:01,mexc,LAB/USDT,0.2473,9.42,4.03,15.7,,,
2026-07-16,2026-07-16 02:35,gate,PI/USDT,0.0817,3.94,2.15,5.6,,,
2026-07-17,2026-07-17 23:15,gate,AKE/USDT,0.001379,35.01,12737.01,92.9,,,
2026-07-17,2026-07-17 08:01,mexc,AKE/USDT,0.001023,4.52,10586.1,40.7,,267.0,CoinMarketCal: Akedo (AKE) - Asset Transfer Deadline - 21 Nov 2025
2026-07-17,2026-07-17 23:15,gate,BANK/USDT,0.06612,8.06,1952.42,9.6,,,
2026-07-17,2026-07-17 07:55,mexc,BANK/USDT,0.06245,3.15,971.82,5.1,,367.0,"CoinMarketCal: BNB, BUILDon and 6 others - USD1 Builders AMA - 14 Jul 2025"
2026-07-17,2026-07-17 12:25,gate,BILL/USDT,0.02793,5.32,344.1,4.5,,,
2026-07-17,2026-07-17 23:15,gate,US/USDT,0.047923,12.04,293.25,7.4,,,
2026-07-17,2026-07-17 23:15,gate,ESPORTS/USDT,0.02678,18.39,220.45,10.1,,,
2026-07-17,2026-07-17 23:15,gate,LRC/USDT,0.01606,34.28,154.86,4.2,,,
2026-07-17,2026-07-17 03:11,mexc,CRO/USDT,0.05917,3.02,74.44,6.0,,0.0,Cointelegraph: Citadel Securities invests $400M in Crypto.com at $20B valuation
2026-07-17,2026-07-17 07:51,mexc,US/USDT,0.04337,3.08,36.36,10.8,,,
2026-07-17,2026-07-17 01:10,mexc,RAVE/USDT,0.3227,3.76,12.88,6.8,,,
2026-07-17,2026-07-17 06:16,mexc,SKYAI/USDT,0.03329,4.94,11.85,7.6,,,
2026-07-17,2026-07-17 23:15,gate,ADA/USDT,0.1655,3.05,9.39,27.5,,,
2026-07-17,2026-07-17 17:36,gate,KAITO/USDT,0.8746,3.08,8.76,13.7,,,
2026-07-17,2026-07-17 08:01,mexc,TAC/USDT,0.003643,16.09,6.3,3.4,,,
2026-07-17,2026-07-17 08:01,mexc,KAITO/USDT,0.8678,13.54,5.91,4.0,,97.0,Coinpedia: Grayscale Is Accumulating These Altcoins in Q2 2026
2026-07-17,2026-07-17 19:46,gate,ONDO/USDT,0.3753,3.27,3.51,8.3,,,
2026-07-17,2026-07-17 00:25,mexc,LAB/USDT,0.221,3.03,2.52,9.6,,,
2026-07-18,2026-07-18 00:05,mexc,XEC/USDT,8e-06,8.34,55215.84,3.4,,16.0,Coindar: ECash Released Bitcoin ABC v.0.33.7 on July 1st
2026-07-18,2026-07-18 23:45,gate,AKE/USDT,0.002003,39.42,13009.11,144.1,,,
2026-07-18,2026-07-18 00:05,mexc,AKE/USDT,0.001401,13.4,8256.97,48.5,,268.0,CoinMarketCal: Akedo (AKE) - Asset Transfer Deadline - 21 Nov 2025
2026-07-18,2026-07-18 23:45,gate,BANK/USDT,0.11127,57.58,2047.44,16.8,,,
2026-07-18,2026-07-18 00:01,mexc,BANK/USDT,0.07017,4.73,1611.88,21.2,,368.0,"CoinMarketCal: BNB, BUILDon and 6 others - USD1 Builders AMA - 14 Jul 2025"
2026-07-18,2026-07-18 22:10,gate,ESPORTS/USDT,0.03288,5.96,528.19,20.7,,,
2026-07-18,2026-07-18 01:20,gate,BILL/USDT,0.02437,5.18,303.04,4.4,,,
2026-07-18,2026-07-18 23:45,gate,AVAAI/USDT,0.008543,11.94,296.45,3.8,,,
2026-07-18,2026-07-18 20:05,gate,US/USDT,0.050096,3.89,264.16,7.3,,,
2026-07-18,2026-07-18 23:45,gate,B/USDT,0.1669,45.38,85.17,15.6,,,
2026-07-18,2026-07-18 01:10,gate,LRC/USDT,0.01693,4.44,25.55,4.4,,17.0,Binance News: RootData: Number of Crypto Projects Shut Down in 2026 Rises to 70
2026-07-18,2026-07-18 00:05,mexc,ESPORTS/USDT,0.0318,48.94,24.81,10.0,,226.0,Coinpedia: Why Is Yooldo Games (ESPORTS) Token Falling Today?
2026-07-18,2026-07-18 23:45,gate,LAB/USDT,0.19276,5.21,16.4,10.2,,,
2026-07-19,2026-07-19 21:10,gate,PEPE/USDT,3e-06,3.16,7466079.51,16.9,,,
2026-07-19,2026-07-19 20:51,gate,BONK/USDT,3e-06,3.45,2999213.44,4.5,,,
2026-07-19,2026-07-19 00:11,mexc,AKE/USDT,0.002038,19.2,8823.0,81.8,,269.0,CoinMarketCal: Akedo (AKE) - Asset Transfer Deadline - 21 Nov 2025
2026-07-19,2026-07-19 00:55,gate,AKE/USDT,0.002099,5.08,8762.59,145.3,,269.0,CoinMarketCal: Akedo (AKE) - Asset Transfer Deadline - 21 Nov 2025
2026-07-19,2026-07-19 22:35,gate,BANK/USDT,0.22262,100.16,4546.05,68.9,,,
2026-07-19,2026-07-19 13:43,gate,ESPORTS/USDT,0.03172,4.45,1015.55,39.2,,228.0,Coinpedia: Why Is Yooldo Games (ESPORTS) Token Falling Today?
2026-07-19,2026-07-19 00:11,mexc,BANK/USDT,0.10974,38.87,864.34,18.7,,369.0,"CoinMarketCal: BNB, BUILDon and 6 others - USD1 Builders AMA - 14 Jul 2025"
2026-07-19,2026-07-19 22:35,gate,HOME/USDT,0.00742,3.06,393.07,4.9,,,
2026-07-19,2026-07-19 11:05,gate,US/USDT,0.048727,4.08,305.15,9.2,,,
2026-07-19,2026-07-19 18:35,gate,BILL/USDT,0.02596,3.14,224.91,3.4,,,
2026-07-19,2026-07-19 22:35,gate,B/USDT,0.2486,49.22,99.04,23.6,,,
2026-07-19,2026-07-19 00:11,mexc,BILL/USDT,0.02572,7.7,84.24,3.6,,,
2026-07-19,2026-07-19 00:11,mexc,B/USDT,0.17,20.14,66.76,31.9,,369.0,"CoinMarketCal: BNB, BUILDon and 6 others - USD1 Builders AMA - 14 Jul 2025"
2026-07-19,2026-07-19 00:11,mexc,ESPORTS/USDT,0.03129,49.92,65.11,28.8,,227.0,Coinpedia: Why Is Yooldo Games (ESPORTS) Token Falling Today?
2026-07-19,2026-07-19 03:35,gate,NES/USDT,0.2325,3.24,14.27,3.6,,,
2026-07-19,2026-07-19 00:11,mexc,FARTCOIN/USDT,0.13426,4.1,7.19,8.6,,100.0,Cointelegraph: Trader loses $3M as leveraged Fartcoin position unwinds on Hyperliquid
2026-07-19,2026-07-19 22:35,gate,KAITO/USDT,0.9421,16.09,7.11,15.4,,,
2026-07-19,2026-07-19 22:35,gate,TLM/USDT,0.002261,30.54,3.38,12.5,,,
2026-07-19,2026-07-19 22:35,gate,PI/USDT,0.0918,7.49,3.26,8.9,,,
2026-07-20,2026-07-20 22:01,gate,PEPE/USDT,3e-06,3.07,28895419.42,65.9,,,
2026-07-20,2026-07-20 23:05,gate,BONK/USDT,3e-06,14.4,3254509.24,5.4,,,
2026-07-20,2026-07-20 01:35,gate,AKE/USDT,0.002197,11.06,3475.13,65.2,,270.0,CoinMarketCal: Akedo (AKE) - Asset Transfer Deadline - 21 Nov 2025
2026-07-20,2026-07-20 20:21,gate,PUMP/USDT,0.002072,3.7,3189.6,6.7,,,
2026-07-20,2026-07-20 23:05,gate,HANA/USDT,0.04279,18.47,3148.06,3.7,,,
2026-07-20,2026-07-20 00:01,mexc,AKE/USDT,0.001979,4.53,2913.9,30.4,,270.0,CoinMarketCal: Akedo (AKE) - Asset Transfer Deadline - 21 Nov 2025
2026-07-20,2026-07-20 23:05,gate,HEMI/USDT,0.00692,52.83,2310.78,4.8,,,
2026-07-20,2026-07-20 00:01,mexc,BANK/USDT,0.22324,39.25,1373.05,81.7,,370.0,"CoinMarketCal: BNB, BUILDon and 6 others - USD1 Builders AMA - 14 Jul 2025"
2026-07-20,2026-07-20 23:05,gate,BANK/USDT,0.26941,18.89,1243.11,58.3,,,
2026-07-20,2026-07-20 04:40,gate,ESPORTS/USDT,0.02415,12.22,853.41,37.1,,228.0,Coinpedia: Why Is Yooldo Games (ESPORTS) Token Falling Today?
2026-07-20,2026-07-20 15:31,gate,HOME/USDT,0.0077,3.08,244.14,3.3,,73.0,CoinMarketCal: HOME - Announcement - 18 May 2026
2026-07-20,2026-07-20 00:01,mexc,PUMPFUN/USDT,0.001981,18.19,177.46,13.4,,,
2026-07-20,2026-07-20 12:06,gate,AVAAI/USDT,0.010436,3.34,97.27,3.5,,,
2026-07-20,2026-07-20 00:01,mexc,B/USDT,0.2511,16.25,60.14,39.2,,370.0,"CoinMarketCal: BNB, BUILDon and 6 others - USD1 Builders AMA - 14 Jul 2025"
2026-07-20,2026-07-20 18:02,gate,B/USDT,0.2595,3.1,51.51,17.3,,,
2026-07-20,2026-07-20 23:05,gate,ACE/USDT,0.1142,35.47,24.22,29.0,,,
2026-07-20,2026-07-20 17:11,gate,LAB/USDT,0.15601,3.63,16.45,9.8,,,
2026-07-20,2026-07-20 23:05,gate,PROM/USDT,1.937,21.14,15.52,10.3,,,
2026-07-20,2026-07-20 23:05,gate,ENA/USDT,0.08238,3.16,7.83,5.0,,,
2026-07-20,2026-07-20 21:35,gate,ADA/USDT,0.1715,3.25,7.6,21.4,,,
2026-07-20,2026-07-20 23:05,gate,KAITO/USDT,0.9812,4.62,4.26,11.4,,,
2026-07-20,2026-07-20 06:01,gate,TLM/USDT,0.00232,3.94,3.68,15.2,,84.0,Coindar: Alien Worlds to Hold Live Stream on Twitch on April 27th
2026-07-20,2026-07-20 23:05,gate,PI/USDT,0.0974,5.18,2.12,6.3,,,
2026-07-20,2026-07-20 21:46,gate,ONDO/USDT,0.3566,3.33,2.03,5.4,,,
2026-07-21,2026-07-21 00:01,mexc,1000BONK/USDT,0.003181,3.61,10803.22,12.0,,,
2026-07-21,2026-07-21 22:01,gate,ERA/USDT,0.0957,51.66,6701.91,17.8,,,
2026-07-21,2026-07-21 22:01,gate,ONE/USDT,0.001488,32.98,2685.51,3.5,,,
2026-07-21,2026-07-21 09:16,gate,AKE/USDT,0.001758,3.88,1994.66,41.3,,271.0,CoinMarketCal: Akedo (AKE) - Asset Transfer Deadline - 21 Nov 2025
2026-07-21,2026-07-21 00:50,gate,HEMI/USDT,0.007108,3.87,1564.4,6.1,,132.0,CoinMarketCal: Hemi (HEMI) - Midweek with Max - 10 March 2026
2026-07-21,2026-07-21 07:56,gate,BANK/USDT,0.30053,12.39,928.04,62.0,,371.0,"CoinMarketCal: BNB, BUILDon and 6 others - USD1 Builders AMA - 14 Jul 2025"
2026-07-21,2026-07-21 22:01,gate,LA/USDT,0.0565,13.0,536.73,3.4,,,
2026-07-21,2026-07-21 22:01,gate,ESPORTS/USDT,0.03056,51.51,351.07,16.1,,,
2026-07-21,2026-07-21 19:06,gate,NIGHT/USDT,0.02109,15.56,119.29,4.0,,,
2026-07-21,2026-07-21 12:41,gate,US/USDT,0.043027,11.22,90.35,3.0,,,
2026-07-21,2026-07-21 12:16,gate,B/USDT,0.2518,3.03,27.55,10.8,,372.0,"CoinMarketCal: BNB, BUILDon and 6 others - USD1 Builders AMA - 14 Jul 2025"
2026-07-21,2026-07-21 00:01,mexc,ESPORTS/USDT,0.02014,3.22,13.31,7.1,,229.0,Coinpedia: Why Is Yooldo Games (ESPORTS) Token Falling Today?
2026-07-21,2026-07-21 20:01,gate,XRP/USDT,1.1567,4.04,13.0,90.8,,,
2026-07-21,2026-07-21 15:51,gate,ADA/USDT,0.1749,3.12,10.78,30.6,,,
2026-07-21,2026-07-21 22:01,gate,ENA/USDT,0.08638,4.25,9.06,5.7,,,
2026-07-21,2026-07-21 00:40,gate,PROM/USDT,2.02,4.34,2.85,10.7,,77.0,CoinMarketCal: EGAS (EGAS) - Prom & ENI - Date (04 May 2026)
2026-07-21,2026-07-21 00:05,gate,ACE/USDT,0.1167,3.46,2.83,28.5,,312.0,CoinMarketCal: Fusionist (ACE) - Fusionist AMA - 16 Sep 2025
2026-07-21,2026-07-21 22:01,gate,ONDO/USDT,0.3921,9.74,2.7,7.3,,,
2026-07-21,2026-07-21 22:01,gate,GRAM/USDT,1.5364,7.37,2.53,4.4,,,
2026-07-22,2026-07-22 18:21,gate,BONK/USDT,3e-06,4.07,1603273.71,3.1,,,
2026-07-22,2026-07-22 21:05,gate,AKE/USDT,0.001756,4.01,1635.65,36.0,,,
2026-07-22,2026-07-22 00:11,mexc,AKE/USDT,0.001687,5.88,1152.37,13.5,,272.0,CoinMarketCal: Akedo (AKE) - Asset Transfer Deadline - 21 Nov 2025
2026-07-22,2026-07-22 00:11,mexc,BANK/USDT,0.18247,10.63,812.88,112.9,,372.0,"CoinMarketCal: BNB, BUILDon and 6 others - USD1 Builders AMA - 14 Jul 2025"
2026-07-22,2026-07-22 23:20,gate,BANK/USDT,0.22559,23.44,689.34,66.0,,,
2026-07-22,2026-07-22 00:11,mexc,NIGHT/USDT,0.02367,9.07,562.47,6.3,Listing,227.0,CoinMarketCal: NIGHT (NIGHT) - Gate.io Listing - 09 Dec 2025
2026-07-22,2026-07-22 23:20,gate,ERA/USDT,0.098,6.64,267.69,16.4,,,
2026-07-22,2026-07-22 23:20,gate,US/USDT,0.044736,8.23,151.42,5.2,,,
2026-07-22,2026-07-22 00:11,mexc,PUMPFUN/USDT,0.00204,3.44,151.15,14.1,,,
2026-07-22,2026-07-22 23:20,gate,LAB/USDT,0.15567,12.84,49.57,28.6,,,
2026-07-22,2026-07-22 23:20,gate,RE/USDT,0.4754,20.41,25.64,5.2,,,
2026-07-22,2026-07-22 00:11,mexc,ESPORTS/USDT,0.03052,5.86,21.02,12.2,,230.0,Coinpedia: Why Is Yooldo Games (ESPORTS) Token Falling Today?
2026-07-22,2026-07-22 23:20,gate,MIRA/USDT,0.04858,16.36,12.7,5.8,,,
2026-07-22,2026-07-22 23:20,gate,ENA/USDT,0.08994,3.76,11.7,7.4,,,
2026-07-22,2026-07-22 00:11,mexc,B/USDT,0.247,5.69,7.75,5.8,,372.0,"CoinMarketCal: BNB, BUILDon and 6 others - USD1 Builders AMA - 14 Jul 2025"
2026-07-22,2026-07-22 17:41,gate,ADA/USDT,0.1788,3.0,6.54,18.7,,,
2026-07-22,2026-07-22 00:11,mexc,FWDISTOCK/USDT,5.04,14.0,4.09,3.9,,,
2026-07-22,2026-07-22 21:50,gate,ONDO/USDT,0.4154,3.54,2.45,7.1,,,
2026-07-23,2026-07-23 23:50,gate,AKE/USDT,0.002462,44.27,2688.36,62.4,,,
2026-07-23,2026-07-23 23:50,gate,IDOL/USDT,0.016026,3.74,1827.06,3.8,,,
2026-07-23,2026-07-23 00:45,mexc,BANK/USDT,0.23725,28.55,588.17,111.0,,373.0,"CoinMarketCal: BNB, BUILDon and 6 others - USD1 Builders AMA - 14 Jul 2025"
2026-07-23,2026-07-23 23:50,gate,ZAMA/USDT,0.05315,11.8,440.42,11.5,,,
2026-07-23,2026-07-23 00:45,mexc,NIGHT/USDT,0.02242,9.9,402.09,5.2,Listing,228.0,CoinMarketCal: NIGHT (NIGHT) - Gate.io Listing - 09 Dec 2025
2026-07-23,2026-07-23 23:50,gate,BANK/USDT,0.27122,17.39,341.75,42.8,,,
2026-07-23,2026-07-23 23:50,gate,RIF/USDT,0.11865,77.17,275.14,19.5,,,
2026-07-23,2026-07-23 23:50,gate,ESPORTS/USDT,0.03965,34.0,133.88,7.2,,,
2026-07-23,2026-07-23 11:31,gate,ERA/USDT,0.1019,5.05,88.16,10.1,,22.0,Reuters: Caldera Launches Primecenter 5.0 To Streamline Workflows For Print Providers
2026-07-23,2026-07-23 00:45,mexc,ZAMA/USDT,0.04878,17.03,67.09,3.2,Partner,1.0,CoinMarketCal: Zama: partners with Elliptic for confidential compliance screening - 21 Jul 2026
2026-07-23,2026-07-23 21:16,gate,WLFI/USDT,0.05955,6.13,55.15,12.7,,,
2026-07-23,2026-07-23 00:45,mexc,RIF/USDT,0.06645,13.68,29.16,4.7,,47.0,Coindar: Rootstock to Join Meetup in Prague on June 12th
2026-07-23,2026-07-23 11:26,gate,O/USDT,0.6128,3.81,23.0,4.8,,,
2026-07-23,2026-07-23 13:11,gate,LAB/USDT,0.16006,3.24,21.02,11.9,,,
2026-07-23,2026-07-23 23:50,gate,RE/USDT,0.55556,17.14,17.11,3.1,,,
2026-07-23,2026-07-23 04:51,gate,MIRA/USDT,0.05028,3.65,8.37,5.4,Listing,299.0,CoinMarketCal: Mira (MIRA) - Gate Listing - 26 Sep 2025
2026-07-23,2026-07-23 18:01,gate,SNXX/USDT,19.537,5.32,4.15,37.6,,,
2026-07-23,2026-07-23 23:50,gate,KAITO/USDT,1.0159,3.08,3.5,12.7,,,
2026-07-23,2026-07-23 23:50,gate,BEAT/USDT,3.0065,14.37,3.0,3.6,,,
2026-07-23,2026-07-23 21:10,gate,INTC/USDT,108.35,4.07,2.03,72.8,,,
2026-07-24,2026-07-24 21:46,gate,AKE/USDT,0.002597,3.97,3780.04,96.7,,,
2026-07-24,2026-07-24 00:16,mexc,AKE/USDT,0.00232,10.38,1866.62,24.5,,274.0,CoinMarketCal: Akedo (AKE) - Asset Transfer Deadline - 21 Nov 2025
2026-07-24,2026-07-24 00:16,mexc,BANK/USDT,0.27298,6.31,412.55,93.5,,374.0,"CoinMarketCal: BNB, BUILDon and 6 others - USD1 Builders AMA - 14 Jul 2025"
2026-07-24,2026-07-24 21:46,gate,HOME/USDT,0.00646,9.31,317.84,5.0,,,
2026-07-24,2026-07-24 21:46,gate,BANK/USDT,0.29207,6.18,273.87,38.6,,,
2026-07-24,2026-07-24 21:46,gate,US/USDT,0.047434,4.31,192.5,7.0,,,
2026-07-24,2026-07-24 21:46,gate,LA/USDT,0.0685,6.7,189.42,4.6,,,
2026-07-24,2026-07-24 21:46,gate,ESPORTS/USDT,0.04655,16.81,183.08,9.9,,,
2026-07-24,2026-07-24 00:16,mexc,BILL/USDT,0.03132,17.83,163.6,7.8,,,
2026-07-24,2026-07-24 11:21,gate,ZAMA/USDT,0.05472,3.11,141.86,9.1,,0.0,CoinMarketCal: Zama: opens Confidential RFQ to the public - Sep 2026
2026-07-24,2026-07-24 01:35,gate,RIF/USDT,0.123,3.64,138.63,20.6,,0.0,Coinpedia: Can RIF Price Rally Continue After 70% Surge? Rootstocks Bitcoin DeFi Growth Fuels Optimism
2026-07-24,2026-07-24 00:16,mexc,RIF/USDT,0.11876,7.68,74.38,17.8,,0.0,Coinpedia: Can RIF Price Rally Continue After 70% Surge? Rootstocks Bitcoin DeFi Growth Fuels Optimism
2026-07-24,2026-07-24 21:46,gate,RE/USDT,0.58322,5.49,58.0,10.0,,,
2026-07-24,2026-07-24 09:46,gate,VELVET/USDT,0.47339,3.74,46.95,4.3,,24.0,Invezz: Is the VELVET price rally over after its 300% surge?
2026-07-24,2026-07-24 20:01,gate,ERA/USDT,0.0964,3.32,24.28,3.2,,,
2026-07-24,2026-07-24 00:16,mexc,RE/USDT,0.5679,9.02,23.79,11.2,Listing,24.0,CoinMarketCal: RE - XT.COM Listing - 29 June 2026
2026-07-24,2026-07-24 00:16,mexc,ESPORTS/USDT,0.03974,28.02,12.61,7.5,,232.0,Coinpedia: Why Is Yooldo Games (ESPORTS) Token Falling Today?
2026-07-24,2026-07-24 21:46,gate,BEAT/USDT,3.2678,8.63,12.23,13.8,,,
2026-07-24,2026-07-24 21:46,gate,LAB/USDT,0.15732,5.56,8.92,5.0,,,
2026-07-24,2026-07-24 00:16,mexc,ON/USDT,0.19401,14.89,8.33,6.9,,,
2026-07-24,2026-07-24 08:41,gate,B/USDT,0.1811,3.07,8.31,3.5,,374.0,"CoinMarketCal: BNB, BUILDon and 6 others - USD1 Builders AMA - 14 Jul 2025"
2026-07-24,2026-07-24 00:01,mexc,B/USDT,0.1764,3.58,5.54,4.3,,374.0,"CoinMarketCal: BNB, BUILDon and 6 others - USD1 Builders AMA - 14 Jul 2025"
2026-07-25,2026-07-25 18:20,gate,PEPE/USDT,3e-06,3.42,5303745.51,12.2,,5.0,Coinpedia: BONK Recovers After Sell-Off While PEPE Tests Key ResistanceHeres Whats Next for These Popular Memecoins
2026-07-25,2026-07-25 22:55,gate,SHIB/USDT,5e-06,15.69,143792.12,15.2,,,
2026-07-25,2026-07-25 19:52,mexc,SHIB/USDT,5e-06,6.31,5617.17,26.5,Burn,0.0,Coinpedia: Can Shiba Inu Price Recover as SHIB Burn Rate Surges?
2026-07-25,2026-07-25 13:57,mexc,AKE/USDT,0.0032,27.77,3145.63,47.1,,275.0,CoinMarketCal: Akedo (AKE) - Asset Transfer Deadline - 21 Nov 2025
2026-07-25,2026-07-25 22:55,gate,AKE/USDT,0.003174,16.39,1866.05,54.0,,,
2026-07-25,2026-07-25 22:55,gate,EUL/USDT,1.7786,64.84,563.62,13.3,,,
2026-07-25,2026-07-25 10:35,gate,GWEI/USDT,0.026535,3.03,372.99,4.1,,45.0,"Coinpedia: ETHGas (GWEI) Hits a New ATH, But Why Is Trading Volume Falling as Price Rises?"
2026-07-25,2026-07-25 19:52,mexc,BANK/USDT,0.34305,13.61,348.89,92.1,,376.0,"CoinMarketCal: BNB, BUILDon and 6 others - USD1 Builders AMA - 14 Jul 2025"
2026-07-25,2026-07-25 22:55,gate,ESPORTS/USDT,0.05965,25.61,271.4,15.1,,,
2026-07-25,2026-07-25 04:35,gate,HOME/USDT,0.0067,3.08,254.58,4.3,,77.0,CoinMarketCal: HOME - Announcement - 18 May 2026
2026-07-25,2026-07-25 22:55,gate,BANK/USDT,0.34694,14.96,207.14,32.2,,,
2026-07-25,2026-07-25 22:55,gate,ZAMA/USDT,0.05648,5.63,123.19,9.7,,,
2026-07-25,2026-07-25 19:52,mexc,ZAMA/USDT,0.05558,6.72,77.52,7.1,,1.0,CoinMarketCal: Zama: opens Confidential RFQ to the public - Sep 2026
2026-07-25,2026-07-25 19:52,mexc,ESPORTS/USDT,0.06102,22.6,38.68,24.9,,234.0,Coinpedia: Why Is Yooldo Games (ESPORTS) Token Falling Today?
2026-07-25,2026-07-25 08:25,gate,RIF/USDT,0.10964,3.35,36.59,6.7,,1.0,Coinpedia: Can RIF Price Rally Continue After 70% Surge? Rootstocks Bitcoin DeFi Growth Fuels Optimism
2026-07-25,2026-07-25 00:16,mexc,RIF/USDT,0.10716,4.99,35.31,9.6,,1.0,Coinpedia: Can RIF Price Rally Continue After 70% Surge? Rootstocks Bitcoin DeFi Growth Fuels Optimism
2026-07-25,2026-07-25 08:31,gate,RE/USDT,0.60626,4.19,34.99,6.6,Listing,25.0,CoinMarketCal: RE - XT.COM Listing - 29 June 2026
2026-07-25,2026-07-25 02:55,gate,VELVET/USDT,0.46233,3.09,32.52,3.0,,24.0,Invezz: Is the VELVET price rally over after its 300% surge?
2026-07-25,2026-07-25 13:57,mexc,DEXE/USDT,4.435,50.95,21.12,121.7,,0.0,Coinpedia: DEXE Price Rebounds After Massive Sell-OffCan Bulls Sustain the Recovery?
2026-07-25,2026-07-25 19:52,mexc,WIF/USDT,0.1558,4.35,9.36,4.0,,28.0,Coinpedia: dogwifhat (WIF) Price Rebounds Into Key Supply Zone  Can Bulls Trigger a 30% Breakout?
2026-07-25,2026-07-25 22:55,gate,DOGE/USDT,0.072,3.57,9.21,48.8,,,
2026-07-25,2026-07-25 19:52,mexc,PENGU/USDT,0.006245,3.22,8.48,4.8,,10.0,"Coinpedia: Five Altcoins Trending Today: PENGU, ARROW, ADI, CASHCAT and AERO Are Moving"
2026-07-25,2026-07-25 13:57,mexc,B2/USDT,0.4435,8.62,8.16,3.9,,433.0,"CoinMarketCal: BNB (BNB), BSquared Network (B2) and others - Alpha Tokens X Space - 19 May 2025"
2026-07-25,2026-07-25 19:52,mexc,EUL/USDT,1.674,15.28,6.41,16.3,,268.0,"CoinMarketCal: Aave (AAVE), Aptos (APT) and others - SmartCon - 04 Nov to 05 Nov 2025"
2026-07-25,2026-07-25 22:55,gate,BEAT/USDT,3.358,3.75,5.57,5.8,,,
2026-07-25,2026-07-25 13:57,mexc,SLX/USDT,0.1178,3.6,5.27,3.0,,,
2026-07-25,2026-07-25 13:57,mexc,PROM/USDT,2.011,20.13,4.39,4.9,,81.0,CoinMarketCal: EGAS (EGAS) - Prom & ENI - Date (04 May 2026)
2026-07-25,2026-07-25 22:55,gate,KAITO/USDT,1.0041,5.16,2.46,10.6,,,
2026-07-25,2026-07-25 19:52,mexc,KAITO/USDT,0.9763,3.71,2.04,3.1,,105.0,Coinpedia: Grayscale Is Accumulating These Altcoins in Q2 2026
2026-07-26,2026-07-26 23:55,gate,PEPE/USDT,3e-06,8.47,17559117.74,39.2,,,
2026-07-26,2026-07-26 23:55,gate,SHIB/USDT,5e-06,8.31,236490.47,35.7,,,
2026-07-26,2026-07-26 00:21,mexc,SHIB/USDT,5e-06,3.68,7168.2,42.1,Burn,0.0,Coinpedia: Can Shiba Inu Price Recover as SHIB Burn Rate Surges?
2026-07-26,2026-07-26 23:55,gate,PUMP/USDT,0.002016,13.19,1505.14,3.3,,,
2026-07-26,2026-07-26 23:50,gate,AKE/USDT,0.003141,3.01,1247.74,38.3,,,
2026-07-26,2026-07-26 23:55,gate,ESP/USDT,0.10738,43.46,447.07,9.8,,,
2026-07-26,2026-07-26 00:26,mexc,BANK/USDT,0.35569,17.8,291.68,86.7,,376.0,"CoinMarketCal: BNB, BUILDon and 6 others - USD1 Builders AMA - 14 Jul 2025"
2026-07-26,2026-07-26 00:05,gate,ESPORTS/USDT,0.06758,3.35,247.17,15.1,,234.0,Coinpedia: Why Is Yooldo Games (ESPORTS) Token Falling Today?
2026-07-26,2026-07-26 23:55,gate,PIEVERSE/USDT,0.721,12.27,213.27,9.1,,,
2026-07-26,2026-07-26 23:55,gate,BANK/USDT,0.38222,10.13,163.41,27.2,,,
2026-07-26,2026-07-26 23:55,gate,EUL/USDT,2.2797,17.53,89.86,54.5,,,
2026-07-26,2026-07-26 00:26,mexc,ZAMA/USDT,0.05599,7.5,60.46,7.0,,1.0,CoinMarketCal: Zama: opens Confidential RFQ to the public - Sep 2026
2026-07-26,2026-07-26 00:26,mexc,ESPORTS/USDT,0.06131,23.18,36.88,28.0,,234.0,Coinpedia: Why Is Yooldo Games (ESPORTS) Token Falling Today?
2026-07-26,2026-07-26 23:55,gate,ZAMA/USDT,0.05824,5.2,33.97,3.8,,,
2026-07-26,2026-07-26 02:01,gate,RE/USDT,0.56436,3.05,18.54,3.6,Listing,26.0,CoinMarketCal: RE - XT.COM Listing - 29 June 2026
2026-07-26,2026-07-26 23:55,gate,RIF/USDT,0.08192,3.78,15.93,3.0,,,
2026-07-26,2026-07-26 00:16,mexc,DEXE/USDT,4.415,6.64,12.52,129.0,,0.0,Coinpedia: DEXE Price Rebounds After Massive Sell-OffCan Bulls Sustain the Recovery?
2026-07-26,2026-07-26 00:26,mexc,WIF/USDT,0.154,3.14,11.97,5.2,,28.0,Coinpedia: dogwifhat (WIF) Price Rebounds Into Key Supply Zone  Can Bulls Trigger a 30% Breakout?
2026-07-26,2026-07-26 22:46,gate,LAB/USDT,0.15694,3.01,10.66,5.6,,,
2026-07-26,2026-07-26 23:55,gate,ENA/USDT,0.08981,4.42,8.09,4.9,,,
2026-07-26,2026-07-26 00:26,mexc,FET/USDT,0.1579,3.33,6.52,5.1,Partner,23.0,Coindar: Fetch.ai to Become Official AI Partner of Goodwood FOS on July 9th
2026-07-26,2026-07-26 23:55,gate,EPIC/USDT,0.722,4.68,4.82,12.3,,,
2026-07-26,2026-07-26 23:55,gate,BEAT/USDT,3.5311,5.4,4.6,4.5,,,
2026-07-26,2026-07-26 23:55,gate,KAITO/USDT,1.1749,16.62,3.44,16.0,,,
2026-07-26,2026-07-26 00:26,mexc,KAITO/USDT,1.0241,8.79,2.09,3.4,,105.0,Coinpedia: Grayscale Is Accumulating These Altcoins in Q2 2026
2026-07-26,2026-07-26 00:26,mexc,VELVET/USDT,0.4786,10.37,2.07,8.0,,0.0,CoinMarketCal: Velvet: launches a social feed - 25 Jul 2026
2026-07-27,2026-07-27 07:05,gate,PEPE/USDT,3e-06,3.22,13618800.64,30.9,,0.0,"Coinpedia: Memecoin Mania Returns? PEPE, SHIB, and BOME Flash Bullish Breakout Signals"
2026-07-27,2026-07-27 00:35,mexc,SHIB/USDT,5e-06,3.68,9989.08,89.1,,0.0,"Coinpedia: Memecoin Mania Returns? PEPE, SHIB, and BOME Flash Bullish Breakout Signals"
2026-07-27,2026-07-27 23:51,gate,PUMP/USDT,0.002109,4.67,4709.81,10.5,,,
2026-07-27,2026-07-27 23:51,gate,AKE/USDT,0.004053,29.27,3220.58,103.0,,,
2026-07-27,2026-07-27 05:07,mexc,AKE/USDT,0.003481,21.18,1110.51,18.5,,277.0,CoinMarketCal: Akedo (AKE) - Asset Transfer Deadline - 21 Nov 2025
2026-07-27,2026-07-27 23:40,gate,BTW/USDT,0.074236,3.17,753.25,12.9,,,
2026-07-27,2026-07-27 11:31,gate,BANK/USDT,0.39273,3.42,341.84,60.0,,378.0,"CoinMarketCal: BNB, BUILDon and 6 others - USD1 Builders AMA - 14 Jul 2025"
2026-07-27,2026-07-27 23:37,mexc,BANK/USDT,0.33782,3.49,336.7,109.0,,,
2026-07-27,2026-07-27 02:45,gate,ESPORTS/USDT,0.03073,12.15,333.24,21.6,,235.0,Coinpedia: Why Is Yooldo Games (ESPORTS) Token Falling Today?
2026-07-27,2026-07-27 05:07,mexc,UB/USDT,0.14616,10.35,233.06,4.2,,,
2026-07-27,2026-07-27 02:01,gate,ESP/USDT,0.11381,3.86,217.5,12.3,,124.0,CoinMarketCal: Espresso (ESP) - Espresso Community Call - 26 March 2026
2026-07-27,2026-07-27 05:07,mexc,ESP/USDT,0.11168,18.8,193.15,8.3,,124.0,CoinMarketCal: Espresso (ESP) - Espresso Community Call - 26 March 2026
2026-07-27,2026-07-27 21:05,gate,LA/USDT,0.0828,8.95,177.88,8.3,,,
2026-07-27,2026-07-27 23:45,gate,US/USDT,0.045588,3.15,120.86,4.7,,,
2026-07-27,2026-07-27 05:07,mexc,PUMPFUN/USDT,0.002005,8.2,89.03,9.4,,,
2026-07-27,2026-07-27 20:26,gate,DIA/USDT,0.1432,3.17,71.29,7.0,,,
2026-07-27,2026-07-27 16:26,gate,CXMT/USDT,6.733,3.76,62.02,66.0,,,
2026-07-27,2026-07-27 23:51,gate,ZAMA/USDT,0.06038,3.34,53.35,6.6,,,
2026-07-27,2026-07-27 23:37,mexc,COTI/USDT,0.011304,47.61,47.34,6.6,,,
2026-07-27,2026-07-27 00:05,mexc,ZAMA/USDT,0.05901,7.36,26.01,3.3,,2.0,CoinMarketCal: Zama: opens Confidential RFQ to the public - Sep 2026
2026-07-27,2026-07-27 20:46,gate,RIF/USDT,0.09326,13.63,24.56,4.9,,,
2026-07-27,2026-07-27 18:51,gate,BEAT/USDT,3.6411,3.66,21.55,18.8,,,
2026-07-27,2026-07-27 05:07,mexc,DIA/USDT,0.163,20.74,21.36,7.6,,4.0,Coindar: DIA Released DIA ZK
2026-07-27,2026-07-27 23:20,gate,B/USDT,0.1856,3.05,8.26,3.6,,,
2026-07-27,2026-07-27 23:17,mexc,ON/USDT,0.18832,3.67,8.11,10.9,,,
2026-07-27,2026-07-27 00:01,mexc,FARTCOIN/USDT,0.13309,3.09,7.69,8.6,,108.0,Cointelegraph: Trader loses $3M as leveraged Fartcoin position unwinds on Hyperliquid
2026-07-27,2026-07-27 05:07,mexc,ENA/USDT,0.08927,4.25,4.42,14.9,Unlock,1.0,Binance News: Ethena Set to Unlock 110.95 Million ENA Tokens on August 2
2026-07-27,2026-07-27 23:37,mexc,KAITO/USDT,1.29,6.71,4.13,8.4,,,
2026-07-27,2026-07-27 05:07,mexc,ZRO/USDT,0.8838,4.32,2.52,3.5,,,
2026-07-27,2026-07-27 10:56,gate,ONDO/USDT,0.4172,3.06,2.34,7.4,,,
2026-07-27,2026-07-27 23:51,gate,KAITO/USDT,1.2919,9.44,2.23,11.5,,,
2026-07-28,2026-07-28 23:55,gate,AKE/USDT,0.00415,3.04,1640.96,58.0,,,
2026-07-28,2026-07-28 23:55,gate,UB/USDT,0.13371,11.56,1399.61,3.6,,,
2026-07-28,2026-07-28 23:55,gate,SOON/USDT,0.2782,17.53,368.34,9.0,,,
2026-07-28,2026-07-28 23:55,gate,BTW/USDT,0.089947,21.18,347.7,6.7,,,
2026-07-28,2026-07-28 23:45,gate,COTI/USDT,0.01118,4.68,306.35,20.6,,,
2026-07-28,2026-07-28 13:16,gate,BANK/USDT,0.35213,3.47,298.61,59.1,,,
2026-07-28,2026-07-28 00:01,mexc,BANK/USDT,0.33929,3.94,298.44,107.6,,378.0,"CoinMarketCal: BNB, BUILDon and 6 others - USD1 Builders AMA - 14 Jul 2025"
2026-07-28,2026-07-28 23:55,gate,ON/USDT,0.33935,78.54,214.99,6.6,,,
2026-07-28,2026-07-28 14:51,gate,HOME/USDT,0.00573,3.06,170.14,3.2,,,
2026-07-28,2026-07-28 23:35,gate,LA/USDT,0.0636,3.58,85.44,6.6,,,
2026-07-28,2026-07-28 23:20,gate,ESPORTS/USDT,0.02691,4.1,54.9,3.6,,,
2026-07-28,2026-07-28 13:06,gate,ZAMA/USDT,0.06239,3.29,54.39,7.9,,,
2026-07-28,2026-07-28 23:55,gate,BEAT/USDT,3.3718,28.61,27.67,22.8,,,
2026-07-28,2026-07-28 00:01,mexc,RIF/USDT,0.07671,3.11,22.94,7.1,,4.0,Coinpedia: Can RIF Price Rally Continue After 70% Surge? Rootstocks Bitcoin DeFi Growth Fuels Optimism
2026-07-28,2026-07-28 00:01,mexc,COTI/USDT,0.010719,39.97,19.17,7.7,,13.0,Coindar: COTI to Hold Live Stream on X and YouTube on July 14th
2026-07-28,2026-07-28 23:55,gate,RIF/USDT,0.0941,22.75,16.84,3.7,,,
2026-07-28,2026-07-28 23:55,gate,VANRY/USDT,0.004436,10.79,10.03,5.3,,,
2026-07-28,2026-07-28 21:21,gate,LAB/USDT,0.14321,3.33,9.67,4.8,,,
2026-07-28,2026-07-28 17:16,gate,ENA/USDT,0.08484,3.16,7.54,4.6,,,
2026-07-28,2026-07-28 23:55,gate,ADA/USDT,0.1616,3.92,7.09,18.0,,,
2026-07-28,2026-07-28 00:01,mexc,ON/USDT,0.19053,4.88,6.15,11.0,,,
2026-07-28,2026-07-28 23:55,gate,CXMT/USDT,6.678,3.52,4.95,29.0,,,
2026-07-28,2026-07-28 11:56,gate,EUL/USDT,1.6944,3.22,4.94,13.9,,,
2026-07-28,2026-07-28 23:55,gate,SOXS/USDT,61.68,11.34,4.85,4.0,,,
2026-07-28,2026-07-28 00:01,mexc,KAITO/USDT,1.2841,6.22,3.63,8.5,,107.0,Coinpedia: Grayscale Is Accumulating These Altcoins in Q2 2026
2026-07-28,2026-07-28 23:50,gate,ONDO/USDT,0.4071,3.25,2.66,9.4,,,
2026-07-28,2026-07-28 02:21,gate,KAITO/USDT,1.3411,4.16,2.33,12.9,,107.0,Coinpedia: Grayscale Is Accumulating These Altcoins in Q2 2026
2026-07-29,2026-07-29 14:31,gate,SHIB/USDT,5e-06,3.11,25310.3,8.4,,,
2026-07-29,2026-07-29 18:21,gate,UB/USDT,0.1501,11.38,3589.75,9.1,,,
2026-07-29,2026-07-29 13:36,gate,AKE/USDT,0.004231,3.58,1420.11,52.7,,,
2026-07-29,2026-07-29 16:11,gate,BTW/USDT,0.094959,5.36,513.04,10.3,,,
2026-07-29,2026-07-29 01:26,mexc,BTW/USDT,0.09176,15.27,276.03,6.4,,,
2026-07-29,2026-07-29 01:26,mexc,ZIL/USDT,0.002879,15.66,131.8,8.5,,6.0,The Block: Zilliqa halts native transactions over bug in its Ledger app dating to 2019
2026-07-29,2026-07-29 20:11,gate,UAI/USDT,0.39851,30.7,116.72,9.1,,,
2026-07-29,2026-07-29 01:26,mexc,BULLA/USDT,0.01858,8.23,59.35,3.4,,,
2026-07-29,2026-07-29 20:11,gate,BEAT/USDT,3.8665,14.23,26.2,22.3,,,
2026-07-29,2026-07-29 20:11,gate,COTI/USDT,0.01572,45.56,25.14,17.1,,,
2026-07-29,2026-07-29 15:36,gate,ZAMA/USDT,0.06244,3.0,24.43,4.1,,,
2026-07-29,2026-07-29 20:06,gate,RIF/USDT,0.09772,3.23,22.32,5.1,,,
2026-07-29,2026-07-29 01:26,mexc,ON/USDT,0.31027,11.76,12.8,51.5,,,
2026-07-29,2026-07-29 20:11,gate,LAB/USDT,0.14673,4.67,10.33,5.0,,,
2026-07-29,2026-07-29 19:06,gate,ADA/USDT,0.1677,3.58,8.58,21.9,,,
2026-07-29,2026-07-29 20:11,gate,SOXS/USDT,74.23,20.37,5.59,5.3,,,
2026-07-29,2026-07-29 01:26,mexc,SOXS/USDT,63.91,4.17,3.88,7.6,,,
2026-07-29,2026-07-29 01:26,mexc,KAITO/USDT,1.2352,9.33,3.78,10.2,,108.0,Coinpedia: Grayscale Is Accumulating These Altcoins in Q2 2026
2026-07-29,2026-07-29 20:11,gate,CXMT/USDT,7.065,5.83,3.73,28.1,,,
2026-07-29,2026-07-29 20:11,gate,EUL/USDT,1.6319,5.05,3.63,11.5,,,
2026-07-29,2026-07-29 01:26,mexc,BEAT/USDT,3.453,13.06,2.24,47.1,,50.0,Coinpedia: Why Is Audiera (BEAT) Price Rising Today? Golden Cup-and-Handle Breakout Puts $5 Target in Focus
2026-07-30,2026-07-30 23:05,gate,PUMP/USDT,0.002,7.35,1866.23,5.1,,,
2026-07-30,2026-07-30 23:05,gate,KOMA/USDT,0.014473,83.55,1692.94,7.5,,,
2026-07-30,2026-07-30 23:05,gate,UB/USDT,0.15243,18.82,1379.53,3.6,,,
2026-07-30,2026-07-30 23:05,gate,AKE/USDT,0.004457,16.91,980.61,38.1,,,
2026-07-30,2026-07-30 23:05,gate,CAP/USDT,0.03539,35.23,492.84,5.0,,,
2026-07-30,2026-07-30 03:05,gate,BANK/USDT,0.18468,7.22,403.18,103.2,,380.0,"CoinMarketCal: BNB, BUILDon and 6 others - USD1 Builders AMA - 14 Jul 2025"
2026-07-30,2026-07-30 17:21,gate,UAI/USDT,0.46311,6.22,203.51,23.4,,,
2026-07-30,2026-07-30 19:31,gate,BTW/USDT,0.085522,3.09,174.63,3.9,,,
2026-07-30,2026-07-30 00:01,mexc,BANK/USDT,0.17217,4.26,161.47,66.9,,380.0,"CoinMarketCal: BNB, BUILDon and 6 others - USD1 Builders AMA - 14 Jul 2025"
2026-07-30,2026-07-30 23:05,gate,ESP/USDT,0.07105,8.54,109.54,13.7,,,
2026-07-30,2026-07-30 23:05,gate,MMT/USDT,0.267,38.63,84.5,4.7,,,
2026-07-30,2026-07-30 03:20,gate,LA/USDT,0.0541,4.04,43.1,5.0,,416.0,CoinMarketCal: Multiple Assets - EthCC 2025 - 30 Jun to 03 Jul 2025
2026-07-30,2026-07-30 17:21,gate,SOON/USDT,0.214,7.7,43.09,3.0,,,
2026-07-30,2026-07-30 09:56,gate,ZAMA/USDT,0.05806,5.01,28.54,5.1,,1.0,"Binance News: Zama CEO Says GPU Benchmark Reaches 1,000 Confidential Transfers Per Second"
2026-07-30,2026-07-30 07:31,gate,COTI/USDT,0.01742,3.08,18.37,25.0,,15.0,Coindar: COTI to Hold Live Stream on X and YouTube on July 14th
2026-07-30,2026-07-30 15:21,gate,RIF/USDT,0.09745,3.75,18.27,4.5,,,
2026-07-30,2026-07-30 04:35,gate,RE/USDT,0.51145,3.15,17.63,3.0,Listing,30.0,CoinMarketCal: RE - XT.COM Listing - 29 June 2026
2026-07-30,2026-07-30 00:01,mexc,RE/USDT,0.4962,12.11,15.62,7.3,Listing,30.0,CoinMarketCal: RE - XT.COM Listing - 29 June 2026
2026-07-30,2026-07-30 23:05,gate,ADA/USDT,0.1697,4.82,8.45,21.6,,,
2026-07-30,2026-07-30 00:01,mexc,UAI/USDT,0.4408,6.34,7.95,12.4,,,
2026-07-30,2026-07-30 00:01,mexc,ON/USDT,0.32919,8.8,6.91,39.1,,,
2026-07-30,2026-07-30 23:05,gate,ENA/USDT,0.08121,3.98,6.8,4.0,,,
2026-07-30,2026-07-30 23:05,gate,CXMT/USDT,8.064,14.01,3.34,29.9,,,
2026-07-30,2026-07-30 23:05,gate,ONDO/USDT,0.4167,3.3,3.03,12.4,,,
2026-07-30,2026-07-30 23:05,gate,UNI/USDT,4.424,10.96,2.61,19.3,,,
2026-07-30,2026-07-30 23:05,gate,FET/USDT,0.1441,4.65,2.13,3.3,,,
2026-07-30,2026-07-30 23:01,gate,EPIC/USDT,0.7502,3.42,2.1,6.6,,,
2026-07-31,2026-07-31 23:56,gate,RATS/USDT,6.2e-05,130.58,456464.07,18.5,,,
2026-07-31,2026-07-31 05:51,gate,BOME/USDT,0.000594,3.04,7360.05,3.0,,2.0,Coinpedia: BOME Price Is Heating Up AgainHeres Why
2026-07-31,2026-07-31 23:56,gate,PUMP/USDT,0.002067,4.18,2655.87,7.6,,,
2026-07-31,2026-07-31 23:56,gate,UB/USDT,0.1591,3.94,2099.67,5.0,,,
2026-07-31,2026-07-31 23:56,gate,KOMA/USDT,0.028742,100.98,1086.25,34.1,,,
2026-07-31,2026-07-31 00:11,mexc,AKE/USDT,0.0045,4.26,927.13,19.3,,281.0,CoinMarketCal: Akedo (AKE) - Asset Transfer Deadline - 21 Nov 2025
2026-07-31,2026-07-31 23:56,gate,CAP/USDT,0.03878,12.57,624.49,6.8,,,
2026-07-31,2026-07-31 12:51,gate,MMT/USDT,0.2625,3.14,318.63,23.8,,,
2026-07-31,2026-07-31 06:47,mexc,KOMA/USDT,0.021059,53.62,274.27,10.1,Listing,393.0,"CoinMarketCal: Comedian (BAN), Koma Inu (KOMA), Parcl (PRCL) - Indodax Listing - 03 Jul 2025"
2026-07-31,2026-07-31 23:20,gate,CFX/USDT,0.04224,3.02,221.24,11.8,,,
2026-07-31,2026-07-31 19:41,gate,BANK/USDT,0.06292,3.03,167.69,48.9,,,
2026-07-31,2026-07-31 06:47,mexc,ROBO/USDT,0.01279,6.67,95.76,4.0,Listing,134.0,CoinMarketCal: Fabric Protocol (ROBO) - Bithumb Listing - Date (18 March 2026)
2026-07-31,2026-07-31 23:56,gate,US/USDT,0.056988,26.63,73.5,3.1,,,
2026-07-31,2026-07-31 04:31,gate,LA/USDT,0.0529,3.12,31.74,4.1,,417.0,CoinMarketCal: Multiple Assets - EthCC 2025 - 30 Jun to 03 Jul 2025
2026-07-31,2026-07-31 23:56,gate,ERA/USDT,0.0678,6.1,28.97,5.0,,,
2026-07-31,2026-07-31 23:01,gate,UAI/USDT,0.37854,3.01,28.56,5.2,,,
2026-07-31,2026-07-31 06:47,mexc,CAP/USDT,0.03723,15.12,27.45,5.4,,,
2026-07-31,2026-07-31 06:47,mexc,MMT/USDT,0.2983,35.4,13.36,11.8,,268.0,CoinMarketCal: Momentum (MMT) - Launch - 04 Nov 2025
2026-07-31,2026-07-31 00:02,mexc,PENGU/USDT,0.006047,3.26,10.46,6.8,,1.0,Invezz: PENGU price struggles after comic debut: why are traders selling?
2026-07-31,2026-07-31 03:25,gate,LAB/USDT,0.15226,3.06,9.92,4.6,,,
2026-07-31,2026-07-31 23:56,gate,BEAT/USDT,4.0453,3.89,9.37,8.5,,,
2026-07-31,2026-07-31 23:56,gate,COTI/USDT,0.01585,21.36,6.59,12.1,,,
2026-07-31,2026-07-31 06:47,mexc,ESPORTS/USDT,0.01909,7.06,5.94,5.1,,239.0,Coinpedia: Why Is Yooldo Games (ESPORTS) Token Falling Today?
2026-07-31,2026-07-31 23:56,gate,SOXS/USDT,54.75,11.33,4.89,6.1,,,
2026-07-31,2026-07-31 05:31,gate,EPIC/USDT,0.776,5.72,2.07,6.9,Listing,344.0,CoinMarketCal: Epic Chain (EPIC) - Coins.ph Listing - 21 Aug 2025
2026-08-01,2026-08-01 14:31,gate,SATS/USDT,0.0,3.17,453835367.36,3.3,,,
2026-08-01,2026-08-01 23:41,gate,RATS/USDT,6.3e-05,3.84,452340.48,51.4,,,
2026-08-01,2026-08-01 21:35,gate,SHIB/USDT,5e-06,3.08,28736.16,11.0,,,
2026-08-01,2026-08-01 00:01,mexc,1000RATS/USDT,0.06051,12.95,2017.27,16.2,,,
2026-08-01,2026-08-01 16:50,gate,PUMP/USDT,0.002136,3.19,1869.8,5.7,,,
2026-08-01,2026-08-01 23:41,gate,IDOL/USDT,0.024343,47.31,1671.95,4.8,,,
2026-08-01,2026-08-01 23:41,gate,AKE/USDT,0.00601,37.57,1517.5,62.7,,,
2026-08-01,2026-08-01 20:55,gate,BTW/USDT,0.104692,3.13,842.9,15.1,,,
2026-08-01,2026-08-01 00:01,mexc,AKE/USDT,0.004379,12.18,754.58,16.2,,282.0,CoinMarketCal: Akedo (AKE) - Asset Transfer Deadline - 21 Nov 2025
2026-08-01,2026-08-01 23:41,gate,BLESS/USDT,0.011452,39.98,556.91,3.3,,,
2026-08-01,2026-08-01 00:55,gate,CAP/USDT,0.04051,3.18,525.74,6.8,,,
2026-08-01,2026-08-01 23:41,gate,HOME/USDT,0.00634,15.69,199.08,4.3,,,
2026-08-01,2026-08-01 10:31,gate,KOMA/USDT,0.031405,10.02,185.17,33.4,Listing,394.0,"CoinMarketCal: Comedian (BAN), Koma Inu (KOMA), Parcl (PRCL) - Indodax Listing - 03 Jul 2025"
2026-08-01,2026-08-01 09:01,gate,MMT/USDT,0.2109,3.03,161.99,22.0,,0.0,Coinpedia: Why Is Momentum (MMT) Token Price Up By 77% Today?
2026-08-01,2026-08-01 00:01,mexc,KOMA/USDT,0.027437,24.47,145.65,17.2,Listing,394.0,"CoinMarketCal: Comedian (BAN), Koma Inu (KOMA), Parcl (PRCL) - Indodax Listing - 03 Jul 2025"
2026-08-01,2026-08-01 01:45,gate,US/USDT,0.058755,3.16,81.36,3.6,,,
2026-08-01,2026-08-01 05:41,gate,BANK/USDT,0.06016,4.57,78.93,23.8,,382.0,"CoinMarketCal: BNB, BUILDon and 6 others - USD1 Builders AMA - 14 Jul 2025"
2026-08-01,2026-08-01 23:41,gate,UAI/USDT,0.53755,42.91,60.43,12.0,,,
2026-08-01,2026-08-01 23:41,gate,BEAT/USDT,4.5618,12.69,36.59,29.6,,,
2026-08-01,2026-08-01 00:01,mexc,CAP/USDT,0.03966,4.14,29.92,6.3,,,
2026-08-01,2026-08-01 06:41,gate,LAB/USDT,0.15344,3.69,15.4,6.9,,,
2026-08-01,2026-08-01 23:41,gate,ADA/USDT,0.1742,3.57,6.22,15.6,,,
2026-08-01,2026-08-01 00:01,mexc,FARTCOIN/USDT,0.12429,3.05,6.12,6.7,,113.0,Cointelegraph: Trader loses $3M as leveraged Fartcoin position unwinds on Hyperliquid
2026-08-01,2026-08-01 04:26,gate,COTI/USDT,0.01628,3.23,5.32,12.0,,0.0,CoinMarketCal: COTI: Privacy-on-Demand rolls out cross-chain privacy - 31 Jul 2026
2026-08-02,2026-08-02 23:25,gate,PEPE/USDT,3e-06,4.4,10832506.14,23.8,,,
2026-08-02,2026-08-02 05:32,mexc,PEPE/USDT,3e-06,3.62,5916412.01,80.1,,6.0,"Coinpedia: Memecoin Mania Returns? PEPE, SHIB, and BOME Flash Bullish Breakout Signals"
2026-08-02,2026-08-02 09:10,gate,RATS/USDT,7e-05,11.78,130105.56,42.4,,,
2026-08-02,2026-08-02 18:26,gate,SHIB/USDT,5e-06,3.03,13581.06,5.6,,,
2026-08-02,2026-08-02 23:25,gate,BLESS/USDT,0.020166,76.43,5393.74,37.3,,,
2026-08-02,2026-08-02 09:35,gate,PUMP/USDT,0.00219,3.69,2099.29,6.7,,1.0,Beincrypto: Pump.fun Layoffs Spark Fury After Workers Miss Million-Dollar Token Payouts
2026-08-02,2026-08-02 23:25,gate,HOME/USDT,0.00761,18.91,1910.47,43.7,,,
2026-08-02,2026-08-02 00:01,mexc,AKE/USDT,0.006131,34.38,1594.66,36.7,,283.0,CoinMarketCal: Akedo (AKE) - Asset Transfer Deadline - 21 Nov 2025
2026-08-02,2026-08-02 01:20,gate,AKE/USDT,0.006218,4.2,1591.81,69.8,,283.0,CoinMarketCal: Akedo (AKE) - Asset Transfer Deadline - 21 Nov 2025
2026-08-02,2026-08-02 05:32,mexc,1000RATS/USDT,0.07245,61.03,1586.0,26.4,,,
2026-08-02,2026-08-02 08:46,gate,UB/USDT,0.1711,4.51,1388.19,3.2,,,
2026-08-02,2026-08-02 01:25,gate,IDOL/USDT,0.02515,3.2,1108.75,4.9,,,
2026-08-02,2026-08-02 02:55,gate,BTW/USDT,0.094473,3.66,690.86,15.0,,,
2026-08-02,2026-08-02 23:25,gate,CAP/USDT,0.02938,7.54,268.86,3.7,,,
2026-08-02,2026-08-02 05:32,mexc,PUMPFUN/USDT,0.002253,7.08,110.05,18.4,,,
2026-08-02,2026-08-02 16:31,gate,UAI/USDT,0.56246,3.78,90.21,22.0,,,
2026-08-02,2026-08-02 00:01,mexc,KOMA/USDT,0.017549,7.3,87.77,13.7,Listing,395.0,"CoinMarketCal: Comedian (BAN), Koma Inu (KOMA), Parcl (PRCL) - Indodax Listing - 03 Jul 2025"
2026-08-02,2026-08-02 05:32,mexc,BLESS/USDT,0.012862,34.75,52.44,8.6,Listing,313.0,CoinMarketCal: Bless (BLESS) - Bitget Listing - 23 Sep 2025
2026-08-02,2026-08-02 18:31,gate,KOMA/USDT,0.02137,22.72,51.1,14.4,,,
2026-08-02,2026-08-02 23:25,gate,ADA/USDT,0.189,8.43,17.74,43.7,,,
2026-08-02,2026-08-02 23:25,gate,ENA/USDT,0.08923,12.65,11.07,6.1,,,
2026-08-02,2026-08-02 00:01,mexc,US/USDT,0.057903,5.47,10.29,4.1,,,
2026-08-02,2026-08-02 23:20,gate,LAB/USDT,0.13826,3.07,7.42,3.3,,,
2026-08-02,2026-08-02 05:32,mexc,ENA/USDT,0.08785,8.79,6.91,19.2,,0.0,Coinpedia: Ethena (ENA) Price Consolidates Near Key Resistance While Bulls Await ConfirmationHeres Whats Next
2026-08-02,2026-08-02 05:32,mexc,UAI/USDT,0.5453,30.54,6.9,21.7,,,
2026-08-02,2026-08-02 22:15,gate,DOGE/USDT,0.07124,3.1,5.76,25.8,,,
2026-08-02,2026-08-02 05:32,mexc,XLM/USDT,0.17643,3.18,4.57,15.0,,4.0,"Coindar: Stellar to Hold Live Stream on X, LinkedIn and YouTube on July 30th"
2026-08-02,2026-08-02 22:59,gate,WIF/USDT,0.1398,3.17,2.38,3.0,,,
2026-08-03,2026-08-03 21:11,gate,RATS/USDT,6.2e-05,4.07,82812.97,39.6,,,
2026-08-03,2026-08-03 23:55,gate,UB/USDT,0.1855,13.28,3542.35,9.0,,,
2026-08-03,2026-08-03 04:01,gate,BLESS/USDT,0.021407,3.69,2053.75,46.3,Listing,314.0,CoinMarketCal: Bless (BLESS) - Bitget Listing - 23 Sep 2025
2026-08-03,2026-08-03 21:31,gate,PUMP/USDT,0.002151,3.17,1783.91,5.9,,,
2026-08-03,2026-08-03 05:10,gate,AKE/USDT,0.004968,3.23,1237.68,58.5,,284.0,CoinMarketCal: Akedo (AKE) - Asset Transfer Deadline - 21 Nov 2025
2026-08-03,2026-08-03 12:42,mexc,1000RATS/USDT,0.06268,31.62,1211.31,37.3,,,
2026-08-03,2026-08-03 23:55,gate,HOME/USDT,0.00761,4.25,512.18,18.6,,,
2026-08-03,2026-08-03 23:55,gate,BTW/USDT,0.105728,31.49,261.52,6.0,,,
2026-08-03,2026-08-03 12:42,mexc,BTW/USDT,0.09572,19.09,253.47,6.8,,,
2026-08-03,2026-08-03 12:42,mexc,BLESS/USDT,0.019444,15.29,219.5,85.5,Listing,314.0,CoinMarketCal: Bless (BLESS) - Bitget Listing - 23 Sep 2025
2026-08-03,2026-08-03 08:01,gate,ICNT/USDT,0.1543,19.61,172.39,3.0,Listing,89.0,CoinMarketCal: Impossible Cloud Network Token (ICNT) - INDODAX Listing - 07 May 2026
2026-08-03,2026-08-03 12:42,mexc,UB/USDT,0.18075,14.91,170.7,3.1,,,
2026-08-03,2026-08-03 00:50,gate,UAI/USDT,0.55575,3.17,63.73,19.6,,,
2026-08-03,2026-08-03 23:55,gate,SKYAI/USDT,0.04028,38.56,34.02,8.0,,,
2026-08-03,2026-08-03 12:42,mexc,BICO/USDT,0.01742,43.72,33.14,12.4,,111.0,"FinanceWire: DatavaultAI (NASDAQ: DVLT)to List Meme Coin, RWA Token Portfolio onBiconomyExchange"
2026-08-03,2026-08-03 09:56,gate,BEAT/USDT,3.8286,9.39,30.54,27.8,,56.0,Coinpedia: Why Is Audiera (BEAT) Price Rising Today? Golden Cup-and-Handle Breakout Puts $5 Target in Focus
2026-08-03,2026-08-03 15:56,gate,ADA/USDT,0.1952,3.06,16.49,40.3,,,
2026-08-03,2026-08-03 23:55,gate,ENA/USDT,0.0927,3.82,13.58,7.5,,,
2026-08-03,2026-08-03 22:31,gate,KOMA/USDT,0.017128,4.57,10.94,3.5,,,
2026-08-03,2026-08-03 12:42,mexc,SKYAI/USDT,0.03467,17.24,10.53,4.6,,,
2026-08-03,2026-08-03 23:55,gate,LAB/USDT,0.14254,3.93,8.89,3.8,,,
2026-08-03,2026-08-03 23:55,gate,BICO/USDT,0.01671,4.05,8.15,14.2,,,
2026-08-03,2026-08-03 12:42,mexc,ALGO/USDT,0.08715,3.17,4.78,6.4,,0.0,Coinpedia: Algorand Eyes Recovery as Post-Quantum Roadmap Boosts SentimentCan ALGO Price Break Above $0.1?
2026-08-03,2026-08-03 23:55,gate,SOXS/USDT,51.72,3.44,3.15,5.1,,,
2026-08-03,2026-08-03 23:55,gate,DOT/USDT,0.824,3.39,2.23,4.3,,,
2026-08-03,2026-08-03 23:55,gate,CXMT/USDT,8.109,7.02,2.08,21.6,,,
2026-08-04,2026-08-04 15:11,gate,UB/USDT,0.20623,11.87,3540.41,9.8,,,
2026-08-04,2026-08-04 22:36,gate,PUMP/USDT,0.002445,14.73,2653.69,9.3,,,
2026-08-04,2026-08-04 22:36,gate,CYS/USDT,0.5365,88.71,1594.65,12.2,,,
2026-08-04,2026-08-04 22:36,gate,HOME/USDT,0.00921,18.53,1568.29,67.2,,,
2026-08-04,2026-08-04 03:05,gate,BLESS/USDT,0.012884,4.03,1429.53,51.3,Listing,315.0,CoinMarketCal: Bless (BLESS) - Bitget Listing - 23 Sep 2025
2026-08-04,2026-08-04 22:36,gate,TUT/USDT,0.021432,4.6,1312.64,3.9,,,
2026-08-04,2026-08-04 22:36,gate,BTW/USDT,0.134978,26.72,370.72,9.3,,,
2026-08-04,2026-08-04 00:01,mexc,BTW/USDT,0.10544,3.19,280.05,8.3,,,
2026-08-04,2026-08-04 22:36,gate,SKYAI/USDT,0.05333,32.07,94.91,23.4,,,
2026-08-04,2026-08-04 22:36,gate,BANK/USDT,0.05214,18.04,68.89,21.4,,,
2026-08-04,2026-08-04 00:06,mexc,PIPPIN/USDT,0.01943,16.48,40.59,6.6,,146.0,Coinpedia: Pippin Price Rally Today: Is the 14% Surge a Bull Trap?
2026-08-04,2026-08-04 00:06,mexc,HOME/USDT,0.007994,7.05,32.42,3.1,,87.0,CoinMarketCal: HOME - Announcement - 18 May 2026
2026-08-04,2026-08-04 00:55,gate,BEAT/USDT,3.158,3.65,32.4,32.0,,56.0,Coinpedia: Why Is Audiera (BEAT) Price Rising Today? Golden Cup-and-Handle Breakout Puts $5 Target in Focus
2026-08-04,2026-08-04 00:06,mexc,SKYAI/USDT,0.04049,4.92,30.26,13.7,,,
2026-08-04,2026-08-04 22:36,gate,HFT/USDT,0.01163,24.65,25.7,3.6,,,
2026-08-04,2026-08-04 09:16,gate,UAI/USDT,0.39849,4.0,23.98,8.3,,,
2026-08-04,2026-08-04 00:06,mexc,BANK/USDT,0.04416,4.94,16.51,7.5,,385.0,"CoinMarketCal: BNB, BUILDon and 6 others - USD1 Builders AMA - 14 Jul 2025"
2026-08-04,2026-08-04 05:46,gate,KIMI/USDT,8.821,3.27,10.02,3.1,,,
2026-08-04,2026-08-04 22:36,gate,LAB/USDT,0.14761,4.79,9.7,3.4,,,
2026-08-04,2026-08-04 00:06,mexc,FARTCOIN/USDT,0.13264,3.02,8.65,8.6,,116.0,Cointelegraph: Trader loses $3M as leveraged Fartcoin position unwinds on Hyperliquid
2026-08-04,2026-08-04 22:36,gate,HEI/USDT,0.1272,46.41,8.32,3.2,,,
2026-08-04,2026-08-04 03:50,gate,VANRY/USDT,0.003717,6.72,5.48,3.1,,364.0,CoinMarketCal: Vanar Chain (VANRY) - Neutron Personal Demo - 05 Aug 2025
2026-08-04,2026-08-04 22:36,gate,COTI/USDT,0.01448,21.99,3.65,9.4,,,
2026-08-04,2026-08-04 00:06,mexc,UAI/USDT,0.3879,10.35,2.8,12.0,,,
2026-08-04,2026-08-04 04:05,gate,SOXS/USDT,53.22,3.06,2.71,4.8,,,
2026-08-04,2026-08-04 00:06,mexc,BEAT/USDT,3.066,5.9,2.03,50.4,,56.0,Coinpedia: Why Is Audiera (BEAT) Price Rising Today? Golden Cup-and-Handle Breakout Puts $5 Target in Focus
2026-08-04,2026-08-04 10:51,gate,BICO/USDT,0.01757,4.52,2.01,12.4,,,
2026-08-04,2026-08-04 22:36,gate,DOT/USDT,0.867,5.22,2.01,4.0,,,
2026-08-05,2026-08-05 23:55,gate,RATS/USDT,5.3e-05,13.9,18346.82,12.1,,,
2026-08-05,2026-08-05 23:55,gate,UB/USDT,0.13765,10.54,9641.09,30.5,,,
2026-08-05,2026-08-05 16:41,gate,PUMP/USDT,0.002498,3.18,3160.72,11.9,,,
2026-08-05,2026-08-05 23:55,gate,BLESS/USDT,0.025574,134.88,1273.96,54.5,,,
2026-08-05,2026-08-05 23:55,gate,TUT/USDT,0.028618,32.0,1239.01,5.0,,,
2026-08-05,2026-08-05 23:55,gate,CYS/USDT,0.8561,51.44,587.17,34.9,,,
2026-08-05,2026-08-05 20:51,gate,HOME/USDT,0.00914,3.04,538.29,34.4,,,
2026-08-05,2026-08-05 23:55,gate,BTW/USDT,0.163207,21.08,331.35,8.8,,,
2026-08-05,2026-08-05 00:01,mexc,BTW/USDT,0.13531,6.02,296.17,8.9,,,
2026-08-05,2026-08-05 00:01,mexc,PUMPFUN/USDT,0.002437,7.87,261.47,50.3,,,
2026-08-05,2026-08-05 00:01,mexc,CYS/USDT,0.5512,4.0,206.05,23.5,,,
2026-08-05,2026-08-05 23:55,gate,HEI/USDT,0.26476,104.8,82.51,39.2,,,
2026-08-05,2026-08-05 00:01,mexc,SKYAI/USDT,0.05258,3.34,80.39,47.3,,,
2026-08-05,2026-08-05 23:55,gate,ESPORTS/USDT,0.01915,5.63,73.94,5.2,,,
2026-08-05,2026-08-05 23:55,gate,SKYAI/USDT,0.06776,29.56,71.94,22.2,,,
2026-08-05,2026-08-05 02:35,gate,BANK/USDT,0.05522,5.26,66.99,21.3,,386.0,"CoinMarketCal: BNB, BUILDon and 6 others - USD1 Builders AMA - 14 Jul 2025"
2026-08-05,2026-08-05 08:26,gate,US/USDT,0.054644,3.78,64.86,3.2,,,
2026-08-05,2026-08-05 00:01,mexc,BLESS/USDT,0.010903,4.81,38.39,24.9,Listing,316.0,CoinMarketCal: Bless (BLESS) - Bitget Listing - 23 Sep 2025
2026-08-05,2026-08-05 23:55,gate,HFT/USDT,0.0181,54.7,31.93,8.6,,,
2026-08-05,2026-08-05 23:55,gate,UAI/USDT,0.24949,3.71,24.37,9.4,,,
2026-08-05,2026-08-05 17:02,gate,LAB/USDT,0.15246,4.63,11.96,3.9,,,
2026-08-05,2026-08-05 00:01,mexc,BICO/USDT,0.02092,14.25,8.6,14.7,,113.0,"FinanceWire: DatavaultAI (NASDAQ: DVLT)to List Meme Coin, RWA Token Portfolio onBiconomyExchange"
2026-08-05,2026-08-05 00:01,mexc,HEI/USDT,0.1285,32.47,5.67,3.9,,,
2026-08-05,2026-08-05 23:55,gate,SOXS/USDT,45.23,3.64,2.65,5.2,,,
2026-08-06,2026-08-06 03:06,gate,RATS/USDT,5.6e-05,5.71,15533.96,10.9,,,
2026-08-06,2026-08-06 22:26,gate,UB/USDT,0.16551,19.15,2325.12,9.5,,,
2026-08-06,2026-08-06 11:34,gate,BLESS/USDT,0.026593,3.9,912.54,61.1,,,
2026-08-06,2026-08-06 05:01,gate,TUT/USDT,0.030133,4.84,791.82,4.6,,483.0,CoinMarketCal: BNB and Others - BNB Chain X Spaces - 09 Apr 2025
2026-08-06,2026-08-06 00:01,mexc,UB/USDT,0.13828,16.84,719.87,20.9,,,
2026-08-06,2026-08-06 22:26,gate,CAP/USDT,0.03006,7.7,359.18,5.1,,,
2026-08-06,2026-08-06 22:26,gate,HOME/USDT,0.0095,10.98,272.78,20.0,,,
2026-08-06,2026-08-06 22:26,gate,BTW/USDT,0.189785,17.0,269.98,7.9,,,
2026-08-06,2026-08-06 22:26,gate,CTSI/USDT,0.03173,47.72,266.9,4.5,,,
2026-08-06,2026-08-06 00:01,mexc,BTW/USDT,0.1619,10.34,238.92,7.7,,,
2026-08-06,2026-08-06 22:16,gate,AKE/USDT,0.004179,3.36,202.28,10.0,,,
2026-08-06,2026-08-06 00:01,mexc,1000RATS/USDT,0.05339,11.22,173.64,8.4,,,
2026-08-06,2026-08-06 00:01,mexc,CYS/USDT,0.8454,16.09,135.58,35.6,,,
2026-08-06,2026-08-06 22:26,gate,TAKE/USDT,0.06502,74.97,133.9,3.4,,,
2026-08-06,2026-08-06 22:26,gate,ZBT/USDT,0.18349,44.42,116.17,12.2,,,
2026-08-06,2026-08-06 11:41,gate,ESPORTS/USDT,0.01979,4.38,108.79,7.9,,,
2026-08-06,2026-08-06 00:01,mexc,BLESS/USDT,0.025141,40.96,94.3,103.9,Listing,317.0,CoinMarketCal: Bless (BLESS) - Bitget Listing - 23 Sep 2025
2026-08-06,2026-08-06 20:36,gate,CYS/USDT,0.8811,4.57,89.37,19.0,,,
2026-08-06,2026-08-06 22:26,gate,SKYAI/USDT,0.10147,51.63,71.77,27.1,,,
2026-08-06,2026-08-06 00:01,mexc,SKYAI/USDT,0.0668,6.67,52.6,37.6,,,
2026-08-06,2026-08-06 22:26,gate,HFT/USDT,0.03247,78.11,51.15,29.1,,,
2026-08-06,2026-08-06 12:06,gate,HEI/USDT,0.31307,16.51,37.22,83.0,,,
2026-08-06,2026-08-06 04:16,gate,LAB/USDT,0.13273,3.09,31.18,9.3,,,
2026-08-06,2026-08-06 00:01,mexc,DODO/USDT,0.02627,41.16,25.91,5.3,,65.0,Coindar: DODO Becomes ENI Super Node
2026-08-06,2026-08-06 14:41,gate,BANK/USDT,0.0445,3.1,22.57,7.2,,,
2026-08-06,2026-08-06 19:16,gate,BEAT/USDT,2.4449,4.15,21.15,22.1,,,
2026-08-06,2026-08-06 22:26,gate,ADA/USDT,0.2041,6.86,20.82,47.6,,,
2026-08-06,2026-08-06 00:01,mexc,HEI/USDT,0.2517,26.29,16.52,44.1,,,
2026-08-06,2026-08-06 22:26,gate,UAI/USDT,0.27099,8.18,7.28,3.0,,,
2026-08-06,2026-08-06 00:01,mexc,ESPORTS/USDT,0.01909,16.26,6.27,5.5,,,
2026-08-06,2026-08-06 00:01,mexc,BICO/USDT,0.02721,17.84,5.42,11.4,,,
2026-08-06,2026-08-06 00:01,mexc,SYN/USDT,0.1416,19.49,2.24,8.0,,,
2026-08-06,2026-08-06 06:21,gate,SOXS/USDT,46.54,3.01,2.07,4.4,,,
2026-08-07,2026-08-07 23:16,gate,TUT/USDT,0.038626,57.34,1049.56,7.5,,,
2026-08-07,2026-08-07 23:16,gate,GWEI/USDT,0.035485,65.79,1019.27,10.5,,,
2026-08-07,2026-08-07 00:41,gate,CAP/USDT,0.03183,4.09,329.34,5.2,,,
2026-08-07,2026-08-07 23:16,gate,BTW/USDT,0.216135,11.69,237.69,7.6,,,
2026-08-07,2026-08-07 00:01,mexc,BTW/USDT,0.19282,8.41,205.04,7.0,,,
2026-08-07,2026-08-07 00:01,mexc,CATE/USDT,0.030577,11.15,194.52,3.7,,,
2026-08-07,2026-08-07 00:01,mexc,PUMPFUN/USDT,0.002387,3.6,187.47,39.5,,,
2026-08-07,2026-08-07 00:01,mexc,UB/USDT,0.16708,6.38,184.06,5.7,,,
2026-08-07,2026-08-07 23:16,gate,TAKE/USDT,0.07223,8.55,157.54,5.9,,,
2026-08-07,2026-08-07 15:56,gate,HOME/USDT,0.00954,3.58,139.26,11.1,,,
2026-08-07,2026-08-07 23:16,gate,KGEN/USDT,0.20468,7.56,116.9,3.8,,,
2026-08-07,2026-08-07 01:45,gate,ZBT/USDT,0.19992,6.52,92.7,14.1,Listing,294.0,CoinMarketCal: ZEROBASE (ZBT) - Bitrue Listing - 17 Oct 2025
2026-08-07,2026-08-07 13:06,gate,US/USDT,0.059454,4.33,85.28,4.1,,,
2026-08-07,2026-08-07 23:16,gate,SKYAI/USDT,0.11416,8.1,61.86,29.1,,,
2026-08-07,2026-08-07 00:01,mexc,BLESS/USDT,0.025212,3.21,59.89,82.1,Listing,318.0,CoinMarketCal: Bless (BLESS) - Bitget Listing - 23 Sep 2025
2026-08-07,2026-08-07 23:16,gate,CYS/USDT,0.9456,14.62,55.65,15.0,,,
2026-08-07,2026-08-07 00:01,mexc,SKYAI/USDT,0.10585,29.08,54.32,48.1,,,
2026-08-07,2026-08-07 00:01,mexc,CYS/USDT,0.8334,4.07,54.04,17.3,,,
2026-08-07,2026-08-07 12:51,gate,ESPORTS/USDT,0.01864,3.1,40.99,3.0,,,
2026-08-07,2026-08-07 05:24,gate,CTSI/USDT,0.03144,3.08,32.02,4.9,,79.0,Coindar: Cartesi Released Skills
2026-08-07,2026-08-07 14:21,gate,ON/USDT,0.3913,4.06,26.18,3.2,,,
2026-08-07,2026-08-07 03:31,gate,HFT/USDT,0.03115,3.25,21.73,35.4,Airdrop,598.0,Coindar: Hashflow to Hold Airdrop on December 24th
2026-08-07,2026-08-07 23:16,gate,LA/USDT,0.0513,8.46,18.01,3.0,,,
2026-08-07,2026-08-07 23:16,gate,ESP/USDT,0.06819,11.79,15.48,3.0,,,
2026-08-07,2026-08-07 16:51,gate,ENA/USDT,0.09575,3.17,11.21,6.2,,,
2026-08-07,2026-08-07 00:01,mexc,ZBT/USDT,0.1864,9.53,10.51,11.5,Listing,294.0,CoinMarketCal: ZEROBASE (ZBT) - Bitrue Listing - 17 Oct 2025
2026-08-07,2026-08-07 23:16,gate,BEAT/USDT,2.1133,9.14,9.51,10.6,,,
2026-08-07,2026-08-07 00:01,mexc,BICO/USDT,0.03935,6.63,6.77,18.8,,,
2026-08-07,2026-08-07 23:16,gate,HEI/USDT,0.22426,14.08,6.21,25.6,,,
2026-08-07,2026-08-07 23:16,gate,EPIC/USDT,1.1714,28.18,3.77,11.2,,,
2026-08-07,2026-08-07 14:56,gate,ACE/USDT,0.1132,3.47,2.02,46.5,,,
2026-08-08,2026-08-08 23:38,gate,TUT/USDT,0.105779,171.63,7228.48,73.5,,,
2026-08-08,2026-08-08 23:38,gate,BLUAI/USDT,0.020009,62.32,2642.9,6.7,,,
2026-08-08,2026-08-08 10:01,gate,UB/USDT,0.13999,3.02,1408.71,6.3,,,
2026-08-08,2026-08-08 00:25,gate,GWEI/USDT,0.034396,3.07,799.3,11.4,,59.0,"Coinpedia: ETHGas (GWEI) Hits a New ATH, But Why Is Trading Volume Falling as Price Rises?"
2026-08-08,2026-08-08 23:38,gate,PUMP/USDT,0.002433,7.37,752.67,3.2,,,
2026-08-08,2026-08-08 06:21,gate,BLESS/USDT,0.018971,14.93,327.87,30.1,Listing,319.0,CoinMarketCal: Bless (BLESS) - Bitget Listing - 23 Sep 2025
2026-08-08,2026-08-08 03:10,gate,BTW/USDT,0.234864,4.73,222.48,7.8,,,
2026-08-08,2026-08-08 22:35,gate,CAP/USDT,0.03726,3.41,217.84,3.6,,,
2026-08-08,2026-08-08 00:31,mexc,BTW/USDT,0.22517,13.16,194.3,7.1,,,
2026-08-08,2026-08-08 00:31,mexc,JIMOTHY/USDT,0.008399,98.65,158.68,3.7,,,
2026-08-08,2026-08-08 16:25,gate,AKE/USDT,0.004119,3.41,93.04,4.6,,,
2026-08-08,2026-08-08 17:50,gate,HOME/USDT,0.00964,3.21,74.99,6.2,,,
2026-08-08,2026-08-08 16:55,gate,KGEN/USDT,0.21266,4.43,74.87,3.2,,,
2026-08-08,2026-08-08 10:51,gate,CYS/USDT,1.0755,13.08,59.36,19.6,,,
2026-08-08,2026-08-08 00:31,mexc,BLESS/USDT,0.01652,27.66,47.84,78.4,Listing,319.0,CoinMarketCal: Bless (BLESS) - Bitget Listing - 23 Sep 2025
2026-08-08,2026-08-08 23:38,gate,MMT/USDT,0.1978,3.94,45.19,7.6,,,
2026-08-08,2026-08-08 00:31,mexc,CYS/USDT,0.9356,10.97,42.1,16.1,,,
2026-08-08,2026-08-08 23:38,gate,SKYAI/USDT,0.11667,3.41,32.93,18.2,,,
2026-08-08,2026-08-08 14:31,gate,SLX/USDT,0.09184,3.81,32.07,4.9,,,
2026-08-08,2026-08-08 23:38,gate,BEAT/USDT,2.8466,34.39,25.34,28.7,,,
2026-08-08,2026-08-08 04:55,gate,LA/USDT,0.0536,4.89,17.0,3.0,,425.0,CoinMarketCal: Multiple Assets - EthCC 2025 - 30 Jun to 03 Jul 2025
2026-08-08,2026-08-08 02:31,gate,ESP/USDT,0.07027,4.48,16.29,3.3,,136.0,CoinMarketCal: Espresso (ESP) - Espresso Community Call - 26 March 2026
2026-08-08,2026-08-08 00:31,mexc,BICO/USDT,0.05539,4.84,8.65,35.3,,116.0,"FinanceWire: DatavaultAI (NASDAQ: DVLT)to List Meme Coin, RWA Token Portfolio onBiconomyExchange"
2026-08-08,2026-08-08 02:20,gate,HEI/USDT,0.23207,3.29,5.11,25.7,,,
2026-08-08,2026-08-08 00:31,mexc,HEI/USDT,0.2271,11.1,4.24,20.1,,,
2026-08-08,2026-08-08 10:45,gate,HFT/USDT,0.01312,3.31,2.09,4.8,Airdrop,599.0,Coindar: Hashflow to Hold Airdrop on December 24th
2026-08-09,2026-08-09 22:20,gate,PEPE/USDT,3e-06,3.51,3969592.67,7.4,,,
2026-08-09,2026-08-09 23:50,gate,BMT/USDT,0.03195,143.71,8751.88,35.0,,,
2026-08-09,2026-08-09 23:50,gate,TUT/USDT,0.196463,78.51,5334.44,266.7,,,
2026-08-09,2026-08-09 23:50,gate,BOME/USDT,0.000846,34.33,4877.77,4.0,,,
2026-08-09,2026-08-09 23:50,gate,IOTX/USDT,0.00286,6.84,3343.59,8.9,,,
2026-08-09,2026-08-09 07:46,gate,BLUAI/USDT,0.020997,3.24,2502.91,11.1,,,
2026-08-09,2026-08-09 23:50,gate,PUMP/USDT,0.002677,11.26,2121.14,9.1,,,
2026-08-09,2026-08-09 00:01,mexc,TUT/USDT,0.10579,48.47,1477.86,22.4,,486.0,CoinMarketCal: BNB and Others - BNB Chain X Spaces - 09 Apr 2025
2026-08-09,2026-08-09 00:01,mexc,BLUAI/USDT,0.020281,14.56,1454.26,7.1,,,
2026-08-09,2026-08-09 23:45,gate,UB/USDT,0.13481,3.07,761.81,3.5,,,
2026-08-09,2026-08-09 23:50,gate,MUBARAK/USDT,0.02524,61.38,382.29,12.5,,,
2026-08-09,2026-08-09 00:01,mexc,BTW/USDT,0.20565,15.68,368.75,15.6,,,
2026-08-09,2026-08-09 20:55,gate,COOKIE/USDT,0.01564,19.75,315.73,3.0,,,
2026-08-09,2026-08-09 06:01,gate,GWEI/USDT,0.026614,4.33,290.35,5.1,,60.0,"Coinpedia: ETHGas (GWEI) Hits a New ATH, But Why Is Trading Volume Falling as Price Rises?"
2026-08-09,2026-08-09 17:45,gate,US/USDT,0.05125,4.12,268.14,13.0,,,
2026-08-09,2026-08-09 23:50,gate,BTW/USDT,0.211294,3.34,239.36,10.2,,,
2026-08-09,2026-08-09 23:01,gate,PENGU/USDT,0.006526,3.42,223.06,3.7,,,
2026-08-09,2026-08-09 23:50,gate,TSTBSC/USDT,0.02147,27.26,211.59,4.0,,,
2026-08-09,2026-08-09 03:55,gate,CAP/USDT,0.03824,3.52,175.53,3.1,,,
2026-08-09,2026-08-09 08:31,gate,BLESS/USDT,0.014766,5.55,136.78,13.6,Listing,320.0,CoinMarketCal: Bless (BLESS) - Bitget Listing - 23 Sep 2025
2026-08-09,2026-08-09 23:50,gate,AKE/USDT,0.004167,5.97,135.62,6.8,,,
2026-08-09,2026-08-09 12:51,gate,ARC/USDT,0.06971,9.5,109.4,3.1,,,
2026-08-09,2026-08-09 00:35,gate,HOME/USDT,0.00985,4.01,63.04,5.3,,92.0,CoinMarketCal: HOME - Announcement - 18 May 2026
2026-08-09,2026-08-09 00:01,mexc,CYS/USDT,0.9462,13.08,62.89,30.4,,,
2026-08-09,2026-08-09 23:50,gate,PEOPLE/USDT,0.009193,21.54,46.95,3.3,,,
2026-08-09,2026-08-09 23:50,gate,CYS/USDT,1.1388,20.67,33.43,14.2,,,
2026-08-09,2026-08-09 12:45,gate,SKYAI/USDT,0.12117,3.22,31.16,17.8,,,
2026-08-09,2026-08-09 23:50,gate,BEAT/USDT,3.8791,35.81,29.85,36.7,,,
2026-08-09,2026-08-09 15:35,gate,ZBT/USDT,0.10514,3.02,21.4,4.2,,,
2026-08-09,2026-08-09 16:05,gate,BANK/USDT,0.04145,3.32,17.22,5.6,,,
2026-08-09,2026-08-09 22:50,gate,MMT/USDT,0.2053,4.11,15.85,3.0,,,
2026-08-09,2026-08-09 08:31,gate,SAGA/USDT,0.01729,4.41,11.99,4.3,,,
2026-08-09,2026-08-09 00:01,mexc,COOKIE/USDT,0.01303,33.77,9.25,3.0,,204.0,Cointelegraph: Kaito winds down crypto-backed Yaps as X bans payments for AI slop
2026-08-09,2026-08-09 00:01,mexc,BICO/USDT,0.06241,7.27,5.33,26.9,,117.0,"FinanceWire: DatavaultAI (NASDAQ: DVLT)to List Meme Coin, RWA Token Portfolio onBiconomyExchange"
2026-08-10,2026-08-10 00:10,gate,BOME/USDT,0.000885,4.53,4245.82,4.1,,12.0,Coinpedia: BOME Price Is Heating Up AgainHeres Why
2026-08-10,2026-08-10 23:50,gate,PUMP/USDT,0.002791,4.49,2421.44,11.1,,,
2026-08-10,2026-08-10 04:40,gate,TUT/USDT,0.213751,6.0,1679.17,267.4,,487.0,CoinMarketCal: BNB and Others - BNB Chain X Spaces - 09 Apr 2025
2026-08-10,2026-08-10 00:01,mexc,TUT/USDT,0.19958,36.43,1669.8,80.9,,487.0,CoinMarketCal: BNB and Others - BNB Chain X Spaces - 09 Apr 2025
2026-08-10,2026-08-10 00:01,mexc,MUBARAK/USDT,0.02549,16.28,1446.33,8.2,Listing,159.0,CoinMarketCal: Mubarak - INDODAX Listing - 05 March 2026
2026-08-10,2026-08-10 23:50,gate,BLUAI/USDT,0.029523,61.82,905.5,5.6,,,
2026-08-10,2026-08-10 23:50,gate,GUA/USDT,0.06491,68.95,797.52,8.6,,,
2026-08-10,2026-08-10 23:50,gate,龙虾/USDT,0.0287,32.25,737.31,8.5,,,
2026-08-10,2026-08-10 23:20,gate,UB/USDT,0.14069,4.32,657.21,3.0,,,
2026-08-10,2026-08-10 23:50,gate,SQD/USDT,0.04478,23.46,435.18,3.6,,,
2026-08-10,2026-08-10 08:31,gate,BMT/USDT,0.03466,5.19,423.98,59.2,,228.0,Cointelegraph: Crypto downturn reveals gap between VC valuations and market cap
2026-08-10,2026-08-10 23:50,gate,CAP/USDT,0.04543,14.95,383.77,7.0,,,
2026-08-10,2026-08-10 05:45,gate,US/USDT,0.046099,3.03,305.98,15.8,,,
2026-08-10,2026-08-10 23:50,gate,GWEI/USDT,0.026907,24.71,265.99,4.9,,,
2026-08-10,2026-08-10 00:01,mexc,BMT/USDT,0.03368,36.3,223.55,17.7,,228.0,Cointelegraph: Crypto downturn reveals gap between VC valuations and market cap
2026-08-10,2026-08-10 03:40,gate,IOTX/USDT,0.002965,4.14,213.0,5.9,,67.0,Coindar: IoTeX Released QuickSilver Pro
2026-08-10,2026-08-10 20:26,gate,PENGU/USDT,0.00668,3.65,208.18,3.7,,,
2026-08-10,2026-08-10 01:45,gate,MUBARAK/USDT,0.02884,13.19,190.93,15.5,Listing,159.0,CoinMarketCal: Mubarak - INDODAX Listing - 05 March 2026
2026-08-10,2026-08-10 23:40,gate,HOME/USDT,0.00911,3.05,190.31,16.4,,,
2026-08-10,2026-08-10 00:01,mexc,BTW/USDT,0.21536,4.51,184.06,8.3,,,
2026-08-10,2026-08-10 23:05,gate,TSTBSC/USDT,0.023214,5.66,153.87,5.3,,,
2026-08-10,2026-08-10 04:20,gate,AKE/USDT,0.004287,3.08,135.36,6.8,,291.0,CoinMarketCal: Akedo (AKE) - Asset Transfer Deadline - 21 Nov 2025
2026-08-10,2026-08-10 00:01,mexc,AKE/USDT,0.004176,4.09,129.62,3.3,,291.0,CoinMarketCal: Akedo (AKE) - Asset Transfer Deadline - 21 Nov 2025
2026-08-10,2026-08-10 00:01,mexc,XAN/USDT,0.021985,25.63,123.19,8.0,,,
2026-08-10,2026-08-10 00:01,mexc,TST/USDT,0.0221,35.83,91.13,3.1,Delisting,381.0,"CoinMarketCal: 5ire, Ertha, and Others - Bybit Delisting - 25 Jul 2025"
2026-08-10,2026-08-10 23:50,gate,BLESS/USDT,0.013546,11.11,63.73,6.6,,,
2026-08-10,2026-08-10 23:50,gate,CYS/USDT,1.2642,16.6,40.78,19.7,,,
2026-08-10,2026-08-10 00:01,mexc,CYS/USDT,1.0556,8.6,35.22,19.5,,,
2026-08-10,2026-08-10 15:16,gate,ESP/USDT,0.07523,4.92,17.93,3.8,,,
2026-08-10,2026-08-10 00:01,mexc,COOKIE/USDT,0.01508,21.12,12.21,7.1,,,
2026-08-10,2026-08-10 17:16,gate,SKYAI/USDT,0.10289,4.72,11.46,6.9,,,
2026-08-10,2026-08-10 14:36,gate,ENA/USDT,0.08915,3.06,8.52,4.6,,,
2026-08-10,2026-08-10 00:01,mexc,BICO/USDT,0.04809,14.33,6.37,39.2,,,
2026-08-10,2026-08-10 08:31,gate,EPIC/USDT,0.5616,4.37,4.75,18.0,,,
2026-08-10,2026-08-10 00:01,mexc,BEAT/USDT,3.554,4.49,2.67,81.3,,,
2026-08-10,2026-08-10 23:50,gate,SOXS/USDT,45.11,7.02,2.3,5.5,,,
2026-08-11,2026-08-11 20:36,gate,INX/USDT,0.00883,5.24,2222.36,4.9,,,
2026-08-11,2026-08-11 07:40,gate,PUMP/USDT,0.002864,3.17,1952.49,9.6,,0.0,Coinpedia: Worldcoin Enters Bullish Range as Pump.fun Breaks Key Resistance: Can Bulls Sustain the Upside Momentum?
2026-08-11,2026-08-11 00:31,mexc,BLUAI/USDT,0.030438,104.25,1161.53,13.6,,,
2026-08-11,2026-08-11 23:31,gate,VELVET/USDT,0.60652,39.64,1034.87,21.3,,,
2026-08-11,2026-08-11 02:05,gate,BLUAI/USDT,0.031548,3.55,924.65,8.0,,,
2026-08-11,2026-08-11 19:41,gate,UB/USDT,0.1429,3.02,879.44,4.1,,,
2026-08-11,2026-08-11 23:31,gate,BTR/USDT,0.03018,41.16,613.19,4.5,,,
2026-08-11,2026-08-11 04:51,gate,龙虾/USDT,0.029858,3.36,589.2,8.5,,,
2026-08-11,2026-08-11 05:15,gate,TUT/USDT,0.114468,6.37,381.15,69.7,,0.0,"Coinpedia: Tutorial (TUT) Price Falls After 1,100% Rally: Can Bulls Push Back Toward $0.20?"
2026-08-11,2026-08-11 23:31,gate,CAP/USDT,0.05402,17.61,310.24,6.3,,,
2026-08-11,2026-08-11 00:35,gate,GUA/USDT,0.0659,3.05,215.74,8.9,,,
2026-08-11,2026-08-11 00:31,mexc,BTW/USDT,0.19713,9.56,160.76,7.7,,,
2026-08-11,2026-08-11 19:47,gate,SQD/USDT,0.0505,12.65,149.86,3.1,,,
2026-08-11,2026-08-11 23:31,gate,AKE/USDT,0.004329,9.25,141.52,7.1,,,
2026-08-11,2026-08-11 00:25,gate,TSTBSC/USDT,0.022145,3.73,102.7,5.3,,,
2026-08-11,2026-08-11 22:40,gate,HOME/USDT,0.00941,3.18,96.45,8.8,,,
2026-08-11,2026-08-11 00:31,mexc,SQD/USDT,0.04572,8.67,95.72,3.4,,274.0,CoinMarketCal: SQD (SQD) - Podcast w/ RollUp - 12 Nov 2025
2026-08-11,2026-08-11 23:31,gate,BTW/USDT,0.203329,3.45,80.61,3.9,,,
2026-08-11,2026-08-11 03:16,gate,BLESS/USDT,0.014888,10.2,67.42,7.1,Listing,322.0,CoinMarketCal: Bless (BLESS) - Bitget Listing - 23 Sep 2025
2026-08-11,2026-08-11 00:31,mexc,XAN/USDT,0.012529,4.33,57.07,4.4,,,
2026-08-11,2026-08-11 18:56,gate,CYS/USDT,1.3043,3.32,41.13,22.9,,,
2026-08-11,2026-08-11 23:31,gate,BMT/USDT,0.02414,6.53,39.98,9.5,,,
2026-08-11,2026-08-11 00:31,mexc,CYS/USDT,1.2939,12.05,38.68,24.9,,,
2026-08-11,2026-08-11 00:31,mexc,CAP/USDT,0.04609,4.32,38.29,8.5,,,
2026-08-11,2026-08-11 16:56,gate,MMT/USDT,0.2146,4.58,16.35,3.0,,,
2026-08-11,2026-08-11 23:31,gate,DOGE/USDT,0.07194,3.24,15.25,53.0,,,
2026-08-11,2026-08-11 11:01,gate,ENA/USDT,0.09068,3.13,7.54,4.0,,0.0,Binance News: Arthur Hayes Says Ethena Could Rise 5 to 10 Times as ENA Falls Over 90%
2026-08-11,2026-08-11 13:21,gate,SKYAI/USDT,0.10038,3.0,6.83,4.2,,,
2026-08-11,2026-08-11 06:51,gate,EPIC/USDT,0.435,4.97,2.0,7.9,Listing,355.0,CoinMarketCal: Epic Chain (EPIC) - Coins.ph Listing - 21 Aug 2025
2026-08-12,2026-08-12 00:25,gate,VELVET/USDT,0.63908,4.67,851.76,21.9,,17.0,CoinMarketCal: Velvet: launches a social feed - 25 Jul 2026
2026-08-12,2026-08-12 00:45,gate,CAP/USDT,0.05694,3.47,285.84,6.4,,,
2026-08-12,2026-08-12 00:45,gate,BTR/USDT,0.03119,3.28,224.53,5.0,,,
2026-08-12,2026-08-12 00:41,gate,龙虾/USDT,0.019544,3.03,212.13,3.2,,,
2026-08-12,2026-08-12 00:01,mexc,AKE/USDT,0.004252,6.23,157.04,4.1,,293.0,CoinMarketCal: Akedo (AKE) - Asset Transfer Deadline - 21 Nov 2025
2026-08-12,2026-08-12 00:01,mexc,BTW/USDT,0.20611,4.08,97.35,4.8,,,
2026-08-12,2026-08-12 00:31,gate,BTW/USDT,0.211508,3.13,78.59,3.9,,,
2026-08-12,2026-08-12 00:45,gate,CYS/USDT,1.1771,8.58,41.53,26.0,,,
2026-08-12,2026-08-12 00:01,mexc,GUA/USDT,0.04685,4.25,38.61,4.3,,,
2026-08-12,2026-08-12 00:45,gate,BMT/USDT,0.02453,4.07,38.39,10.5,,230,Cointelegraph: Crypto downturn reveals gap between VC valuations and market cap
2026-08-12,2026-08-12 00:01,mexc,CAP/USDT,0.05493,9.29,32.03,7.9,,,
2026-08-12,2026-08-12 00:45,gate,SKYAI/USDT,0.07973,3.33,9.6,6.0,,,
2026-08-12,2026-08-12 00:01,mexc,HOLO/USDT,0.08152,11.1,8.83,3.6,Listing,334.0,CoinMarketCal: Holoworld (HOLO) - KuCoin Listing - 11 Sep 2025
2026-08-12,2026-08-12 00:01,mexc,BEAT/USDT,1.077,10.46,2.77,93.5,,64.0,Coinpedia: Why Is Audiera (BEAT) Price Rising Today? Golden Cup-and-Handle Breakout Puts $5 Target in Focus
